seed,base_collision,dro_collision,ot_collision,ot_dro_collision,base_missed,dro_missed,ot_missed,ot_dro_missed,base_clearance,dro_clearance,ot_clearance,ot_dro_clearance
50,0,1,1,1,59,53,47,44,1.04,0.5948,0.4985,0.5262
1050,0,0,0,0,43,40,35,32,1.059,1.064,1.053,1.052
2050,0,0,0,0,36,45,40,29,1.067,1.063,1.059,1.061
3050,1,0,0,0,40,41,35,36,0.08011,0.908,1.063,0.9225
4050,0,0,0,0,42,34,29,32,1.057,1.058,1.066,1.058
5050,0,0,0,0,53,58,43,53,1.085,1.075,1.059,1.072
6050,0,0,0,0,58,49,50,37,1.072,1.067,1.068,1.067
7050,0,0,0,0,51,54,30,44,1.06,1.049,1.062,0.9665
8050,0,0,0,0,57,62,38,46,1.062,1.169,1.043,1.018
9050,0,0,0,0,49,47,45,39,1.053,1.033,1.23,1.022
10050,0,0,0,0,38,38,36,29,1.033,1.032,1.068,1.055
11050,0,0,0,0,49,40,37,34,1.093,1.094,1.087,1.069
12050,0,0,0,0,42,50,43,32,1.087,0.9866,1.079,1.09
13050,1,0,0,0,50,54,28,47,0.1827,1.048,1.01,1.066
14050,0,1,0,0,50,48,42,38,0.897,0.06398,1.015,1.105
15050,0,0,0,0,49,36,34,45,1.09,1.078,1.084,1.078
16050,0,0,0,0,46,50,41,54,1.076,1.063,1.085,1.056
17050,0,0,0,0,50,45,37,41,1.113,0.8632,1.073,1.076
18050,0,0,0,0,35,34,39,29,1.064,1.056,1.062,1.059
19050,0,0,0,0,51,50,47,49,1.061,1.072,1.187,1.078
20050,0,0,0,0,56,60,44,44,1.063,1.07,1.069,1.058
21050,0,0,0,0,51,43,46,40,1.552,1.007,1.517,1.642
22050,0,0,0,0,54,55,46,41,1.057,1.061,1.011,1.055
23050,0,0,0,0,50,50,32,42,1.098,1.024,1.067,0.9482
24050,0,1,0,0,41,43,36,28,0.8985,0.7281,1.055,1.094
25050,0,0,0,0,36,46,42,45,1.049,1.057,1.043,1.189
26050,0,0,0,0,51,65,52,46,1.061,1.02,1.063,0.9809
27050,0,0,0,0,46,42,46,39,1.052,1.052,1.079,1.06
28050,0,0,0,0,44,40,35,41,1.073,1.064,1.224,1.452
29050,0,0,0,0,41,51,25,34,1.071,1.466,1.088,1.022
30050,0,0,0,0,54,59,43,47,1.043,1.054,1.042,1.062
31050,0,0,1,0,41,35,49,54,1.064,0.9901,0.3185,0.9617
32050,0,0,0,0,37,42,30,27,0.9962,1.049,1.022,1.079
33050,0,0,0,0,45,48,39,34,0.9853,1.017,1.043,1.008
34050,0,0,0,0,51,50,39,39,1.092,1.063,1.051,1.068
35050,0,0,0,0,46,55,37,54,0.9841,1.011,0.9966,0.9712
36050,0,0,0,0,59,49,39,39,1.054,1.059,1.063,1.075
37050,0,0,0,0,51,54,45,49,1.047,1.14,1.071,1.072
38050,0,0,0,0,38,37,34,30,1.297,0.8837,1.053,0.8905
39050,0,0,0,0,49,42,38,41,1.068,1.08,1.07,1.077
40050,0,0,0,0,47,54,49,38,1.352,1.229,1.002,0.8632
41050,0,0,0,0,36,49,37,49,1.031,1.053,1.038,1.032
42050,0,0,0,0,51,45,37,46,1.063,1.033,1.039,0.9645
43050,0,0,0,0,40,38,38,40,1.017,1.034,0.9929,1.053
44050,0,0,0,0,40,32,35,32,1.071,1.063,1.067,1.063
45050,0,0,0,0,43,37,45,34,1.07,1.077,1.071,1.072
46050,0,0,0,0,45,45,38,40,1.049,1.221,1.043,1.066
47050,0,0,0,1,58,50,47,37,1.016,1.029,1.019,0.5919
48050,1,1,0,0,40,30,19,21,0.7029,0.5822,1.033,1.016
49050,0,0,0,0,45,52,32,30,1.058,1.071,1.081,1.069
50050,0,0,0,0,50,50,38,39,1.053,1.082,1.053,1.09
51050,0,0,0,0,51,48,34,38,1.061,1.075,1.07,1.083
52050,0,0,0,0,54,54,44,44,1.059,1.065,1.063,1.062
53050,0,0,0,0,33,44,29,31,0.9954,0.8599,1.016,1.013
54050,0,0,0,0,50,52,46,39,1.045,1.045,1.043,1.128
55050,0,0,0,0,48,48,50,44,1.012,0.962,1.204,1.014
56050,0,0,0,0,35,43,39,32,1.077,1.059,1.056,1.063
57050,0,0,0,0,37,39,35,30,1.058,1.063,1.053,1.056
58050,0,0,0,0,39,37,24,36,1.07,1.071,1.071,1.072
59050,0,0,0,0,51,56,54,38,1.091,1.151,1.124,1.11
60050,0,1,0,0,55,50,30,31,1.052,0.8227,1.05,0.9397
61050,0,0,0,0,48,53,40,38,1.1,1.013,1.061,0.8923
62050,0,1,0,1,46,37,37,39,1.078,0.8064,1.07,0.4787
63050,0,0,0,0,53,49,46,55,1.046,0.9634,1.114,0.8916
64050,0,0,0,0,48,53,36,31,1.088,1.052,1.066,1.065
65050,0,0,0,0,62,57,41,34,1.017,0.976,1.006,1.063
66050,0,0,0,0,41,41,38,37,1.066,1.064,1.063,0.8941
67050,0,0,0,0,55,44,42,44,1.054,0.9401,1.056,0.9541
68050,0,0,0,0,36,40,33,32,1.086,1.091,1.084,1.084
69050,0,0,0,0,46,39,43,37,1.055,1.042,1.052,1.06
70050,0,0,0,0,46,49,37,46,1.055,1.152,1.068,1.007
71050,0,0,0,0,47,51,28,34,1.043,1.032,1.049,1.052
72050,1,0,0,0,48,46,47,46,0.5013,0.9586,1.004,0.9969
73050,0,0,0,0,47,54,37,42,0.9897,0.8976,0.8921,1.031
74050,0,0,0,0,35,42,29,30,1.024,1.029,1.037,0.9897
75050,0,1,0,0,42,31,24,25,1.048,0.5541,1.049,1
76050,0,0,0,0,40,32,27,33,1.08,1.079,1.074,1.069
77050,0,0,0,0,57,53,37,35,1.052,1.042,1.054,1.078
78050,0,1,0,0,42,45,39,41,1.199,0.04166,1.071,0.8611
79050,0,0,0,0,49,46,41,42,1.001,0.9959,1.023,1.005
80050,0,0,0,0,50,48,39,48,1.072,1.029,1.065,1.032
81050,0,1,0,0,53,55,40,43,1.058,0.834,1.064,1.082
82050,0,0,0,1,52,50,32,35,1.091,1.323,1.07,0.05856
83050,0,0,0,0,45,48,37,50,1.03,0.9997,0.9661,0.9885
84050,1,1,1,1,48,57,43,40,0.6888,0.6343,0.4608,0.6456
85050,0,0,0,0,57,59,44,43,1.072,1.07,1.064,0.899
86050,0,0,0,0,45,42,41,41,1.021,0.9881,0.9966,1.014
87050,0,1,0,0,47,49,43,49,1.068,0.7821,1.049,1.019
88050,0,0,1,1,52,53,30,47,1.051,0.9434,0.01978,0.8104
89050,0,0,0,0,46,51,33,40,1.061,1.062,1.062,0.9778
90050,0,0,0,0,33,32,35,36,0.9745,1.03,1.057,1.005
91050,0,0,0,0,42,48,42,29,1.064,1.307,1.084,0.9969
92050,0,1,0,1,51,50,34,38,0.8899,0.8414,1.03,0.7796
93050,1,0,0,0,46,49,35,38,0.8498,1.051,0.9615,0.8959
94050,0,0,0,0,56,43,54,48,0.9933,0.9622,0.9771,1.023
95050,0,0,0,0,46,52,37,33,1.054,1.068,1.05,1.059
96050,0,0,0,0,58,53,37,48,1.052,1.051,1.068,1.06
97050,0,0,0,0,56,50,38,43,1.059,0.9702,1.075,0.9094
98050,0,0,0,0,48,53,40,32,1.063,1.068,1.088,1.061
99050,0,0,0,0,52,46,27,38,1.066,1.068,1.066,1.081
100050,0,0,0,0,48,45,37,35,1.033,1.032,1.037,1.039
101050,0,1,0,0,45,40,30,38,0.9818,0.6939,0.963,0.9952
102050,0,0,0,0,48,50,46,38,0.9561,0.9351,1.041,0.9796
103050,0,0,0,0,51,60,44,48,1.001,1.062,1.084,1.039
104050,0,0,0,0,54,48,39,43,1.066,1.072,1.058,1.064
105050,0,0,0,0,44,45,31,38,1.022,1.003,1.065,1.044
106050,0,0,0,0,52,46,30,34,1.063,0.8586,1.071,1.13
107050,0,0,0,0,56,50,31,33,0.9187,0.9165,1.076,0.9513
108050,1,0,0,0,36,36,41,36,0.8101,0.9964,0.9522,0.9677
109050,0,0,0,0,46,48,28,37,1.072,0.947,1.071,0.9004
110050,0,0,0,0,43,40,30,34,1.543,0.9534,1.065,0.9117
111050,0,1,0,0,35,58,42,41,1.056,0.7291,0.9639,0.9985
112050,0,0,0,0,38,47,33,33,1.075,1.087,1.082,1.077
113050,0,0,0,0,49,41,36,28,1.07,1.093,1.062,1.063
114050,0,0,0,0,50,55,38,43,1.07,1.078,1.071,1.074
115050,0,0,0,0,42,44,40,35,1.068,1.07,1.072,1.064
116050,0,0,0,0,61,58,41,46,1.059,1.058,1.066,1.072
117050,0,0,0,0,42,47,41,44,0.8748,0.9973,0.9756,0.8895
118050,0,0,0,0,42,48,48,34,1.061,1.061,1.055,1.043
119050,1,0,0,0,50,41,32,31,0.5245,1.059,0.9921,1.096
120050,0,0,0,0,36,33,37,41,1.049,1.044,1.052,1.054
121050,0,0,0,0,37,43,34,38,1.055,0.9282,1.056,0.9104
122050,0,0,0,0,44,49,45,46,1.083,1.055,1.06,1.056
123050,0,0,0,0,44,47,54,29,1.069,1.064,1.052,1.06
124050,0,0,0,0,51,43,36,37,1.074,1.063,1.08,1.087
125050,0,0,0,0,52,54,38,36,1.053,1.042,1.036,1.051
126050,0,0,0,0,40,49,32,36,1.08,1.078,1.083,1.06
127050,0,0,0,0,40,33,41,35,1.031,1.051,0.992,1.027
128050,0,0,0,0,47,38,31,33,1.01,1.046,1.054,1.033
129050,0,0,0,0,46,45,40,38,1.041,1.031,1.044,1.051
130050,0,0,0,0,45,43,37,38,1.067,1.065,1.059,1.038
131050,0,0,0,0,44,44,32,39,1.06,1.081,1.067,0.8799
132050,0,0,0,0,52,43,39,39,1.071,1.063,1.082,1.08
133050,0,0,0,0,50,59,37,34,1.008,1.043,0.8744,1.076
134050,0,0,0,0,60,55,47,51,1.073,1.226,1.079,0.9248
135050,0,0,0,0,42,41,50,35,1.064,1.053,1.053,1.05
136050,0,0,0,0,42,50,36,35,1.069,1.359,1.069,1.061
137050,0,0,0,0,34,47,48,44,1.046,0.8991,1.054,0.97
138050,0,0,0,0,42,41,35,26,1.101,1.049,1.147,0.9077
139050,0,0,0,0,43,36,38,34,1.09,1.044,1.007,1.009
140050,0,0,0,0,40,46,35,38,1.077,1.092,1.073,1.015
141050,0,0,0,0,38,43,26,28,1.057,1.061,1.08,1.071
142050,0,0,0,0,44,54,36,39,1.046,1.036,1.061,0.9848
143050,0,1,0,1,53,47,40,38,1.053,0.6053,1.075,0.5568
144050,0,1,1,1,40,46,28,29,1.093,0.8495,0.8032,0.8102
145050,0,0,0,0,48,43,44,38,1.06,1.057,1.062,1.063
146050,0,1,0,1,47,51,27,33,1.245,0.3095,1.074,0.2901
147050,0,0,0,0,50,50,36,36,1.064,1.043,1.061,1.074
148050,0,0,0,0,49,51,40,50,1.018,0.8696,0.9826,0.992
149050,0,0,0,0,48,43,34,32,0.9588,0.9179,1.208,1.033
150050,0,0,0,0,48,46,43,41,1.06,1.053,1.052,1.042
151050,0,0,0,0,42,34,37,28,0.9042,1.044,1.018,1.039
152050,0,0,0,0,48,48,29,41,1.075,1.064,1.078,1.074
153050,0,0,0,1,43,43,48,54,1.154,1.087,1.015,0.3322
154050,0,0,0,0,41,40,32,31,1.056,1.064,1.046,1.049
155050,0,0,0,0,45,50,36,33,1.018,0.9218,1.026,0.9354
156050,0,0,0,0,41,38,35,44,1.012,1.036,1.029,0.9874
157050,0,0,0,0,41,45,44,43,1.066,1.061,1.071,1.063
158050,0,0,0,0,51,51,49,43,1.042,1.086,1.061,0.894
159050,0,0,0,0,58,57,43,35,1.087,1.064,1.06,1.076
160050,0,0,0,0,55,46,34,37,1.063,0.9507,1.077,0.8585
161050,0,0,0,0,48,43,37,40,1.015,1.038,1.028,1.037
162050,0,0,0,0,50,48,20,32,1.068,1.106,1.072,1.113
163050,0,0,0,0,49,40,42,35,1.031,1.015,0.9811,1.036
164050,0,0,0,0,47,48,46,35,0.9992,0.9965,0.9838,0.9344
165050,0,0,1,0,47,59,43,31,0.9758,0.9604,0.5808,1.023
166050,0,0,0,1,40,42,42,38,0.9931,0.8809,1.02,0.5433
167050,0,0,0,0,36,38,32,29,1.065,1.069,1.084,1.067
168050,0,0,0,0,62,55,55,49,1.056,1.057,1.05,1.056
169050,0,0,1,0,39,45,33,28,0.9958,1.054,0.5354,1.011
170050,0,0,0,1,53,50,43,43,1.057,0.9863,1.047,0.5317
171050,0,0,0,0,42,46,52,41,1.071,1.068,1.475,1.069
172050,0,0,0,0,40,31,42,35,1.066,0.9838,0.9907,1.036
173050,0,0,0,0,46,40,33,50,1.029,0.9663,0.9982,0.9966
174050,0,0,0,0,47,41,36,39,1.069,1.199,1.087,1.115
175050,0,0,0,0,42,42,35,36,1.049,0.87,1.035,1.045
176050,0,0,0,0,43,43,32,33,1.061,1.055,1.053,1.082
177050,0,0,0,0,52,52,39,38,1.056,1.062,1.041,1.052
178050,1,0,0,0,49,45,32,32,0.4196,1.085,1.07,0.8888
179050,0,0,1,0,49,56,32,42,0.92,1.04,0.5194,1.022
180050,0,0,0,0,50,46,30,34,1.062,1.057,1.061,1.014
181050,0,0,0,0,42,33,38,39,0.9922,0.9579,0.9974,1.014
182050,0,0,0,0,47,47,46,44,1.039,0.8764,0.9396,0.9729
183050,0,0,0,0,35,36,34,31,1.004,0.9841,0.969,1.06
184050,0,0,0,0,46,46,26,28,1.061,1.055,1.078,1.065
185050,0,0,0,0,43,40,24,32,1.056,1.061,1.068,1.064
186050,0,0,0,0,38,47,39,45,1.054,0.8759,1.09,0.9497
187050,0,0,0,0,47,47,26,33,1.058,1.059,1.052,1.063
188050,0,0,0,0,46,50,37,44,1.064,1.06,1.07,1.052
189050,0,0,0,0,50,52,49,43,1.079,1.076,1.064,0.9306
190050,0,1,0,1,47,54,36,41,1.053,0.7038,1.057,0.6553
191050,0,0,0,0,55,56,47,44,0.9544,1.05,1.075,1.014
192050,0,0,0,0,53,48,29,32,1.068,1.084,1.061,1.065
193050,0,0,0,0,58,47,51,43,1.118,1.071,1.079,1.053
194050,0,0,0,0,33,45,26,28,1.046,1.064,1.058,1.074
195050,0,0,0,0,39,36,30,27,1.085,1.058,1.442,1.079
196050,1,1,0,1,63,57,48,52,0.601,0.7668,1.064,0.8264
197050,0,0,0,0,45,34,37,41,1.071,1.056,1.075,0.9991
198050,0,0,0,0,49,49,39,38,1.062,1.087,1.022,1.081
199050,0,0,0,0,50,52,43,41,1.049,1.081,1.081,1.08
200050,1,0,0,0,55,57,45,43,0.5086,0.8712,1.15,1.186
201050,0,0,0,1,45,42,28,30,1.071,1.294,1.056,0.844
202050,0,0,0,0,45,47,45,42,0.9999,1.049,0.96,1.059
203050,1,0,0,0,65,49,39,34,0.5198,0.9258,1.053,0.9901
204050,0,0,0,0,37,42,37,37,1.011,1.024,1.046,0.9888
205050,0,0,0,0,50,50,37,30,1.074,1.037,1.056,1.079
206050,0,0,1,0,55,52,43,34,1.057,1.048,0.07559,1.049
207050,0,0,0,0,45,40,41,39,1.068,1.063,1.087,1.06
208050,0,0,0,0,51,66,38,44,1.06,1.453,1.064,1.071
209050,0,0,0,0,61,54,40,43,1.024,1.003,1.094,0.9828
210050,0,0,0,0,59,48,37,37,1.064,1.059,1.077,1.065
211050,0,0,0,0,43,41,42,38,1.047,0.9983,0.986,0.9756
212050,0,0,0,0,48,53,48,46,1.061,0.9075,1.056,0.8524
213050,0,0,0,0,38,42,37,44,1.031,1.039,1.049,1.053
214050,0,0,0,0,48,43,40,35,1.061,1.061,1.077,1.073
215050,0,0,0,0,47,42,35,41,1.069,1.068,1.082,0.872
216050,0,0,0,0,36,40,35,29,1.145,1.064,1.072,1.06
217050,0,0,0,0,35,33,24,33,1.034,1.016,1.018,0.9961
218050,0,0,0,0,44,41,36,32,1.068,1.063,1.066,1.084
219050,0,0,0,0,49,48,40,37,1.08,1.055,1.054,1.055
220050,0,0,0,0,42,48,39,33,1.003,0.8749,1.09,1.001
221050,0,0,0,1,68,58,50,50,1.059,0.8924,1.06,0.5672
222050,0,1,0,0,49,44,43,40,1.07,0.8011,1.061,1.311
223050,0,0,0,0,51,49,44,39,1.046,0.919,1.051,1.057
224050,0,0,0,0,46,44,32,41,1.081,1.061,1.057,1.106
225050,0,0,0,0,46,53,43,40,1.054,1.061,1.069,1.063
226050,0,0,0,0,47,49,35,32,1.038,0.9047,0.9777,1.043
227050,0,0,0,0,44,41,25,22,1.07,1.067,1.066,1.041
228050,0,0,1,0,49,48,44,37,1.013,0.9409,0.3103,1.093
229050,0,1,0,0,45,42,44,33,1.131,0.7602,1.066,0.9719
230050,0,0,0,0,52,45,32,43,0.9228,1.012,0.9451,1.01
231050,0,0,0,0,49,42,43,41,1.069,1.081,1.061,1.06
232050,0,0,0,0,37,35,22,36,1.033,1.05,1.066,1.038
233050,0,0,1,0,49,43,36,38,1.183,1.007,0.02916,1.101
234050,0,0,0,0,54,41,39,33,1.073,1.042,1.01,1.064
235050,0,0,0,0,50,43,34,31,1.055,1.068,1.077,1.057
236050,0,0,0,0,58,53,43,39,0.9249,0.9455,1.042,1.051
237050,0,0,0,0,43,41,26,36,1.477,1.07,1.056,1.066
238050,0,0,0,0,45,42,35,46,1.08,0.9417,0.9494,1.053
239050,0,0,0,0,34,40,37,36,1.071,1.079,1.063,1.078
240050,1,0,0,1,44,48,42,33,0.7488,1.001,0.9707,0.8189
241050,0,0,0,0,55,41,34,41,1.066,1.066,1.086,1.065
242050,0,0,0,0,50,48,45,40,1.047,0.8769,1.07,1.072
243050,0,0,0,0,54,40,28,30,1.043,1.06,1.058,1.05
244050,0,0,0,1,47,37,45,35,1.059,1.056,1.055,0.5118
245050,0,0,0,0,59,56,49,37,1.071,1.074,1.054,1.063
246050,0,0,0,0,45,47,42,37,1.074,1.062,1.058,1.087
247050,0,0,0,0,50,48,35,29,1.034,1.054,1.009,1.03
248050,0,0,0,0,46,24,30,30,1.068,1.071,1.062,1.07
249050,0,0,0,0,46,42,40,38,0.9389,0.956,0.9768,0.9324
250050,0,0,0,0,47,53,41,48,1.062,1.082,0.9537,1.081
251050,0,0,0,0,45,45,39,37,1.02,1.024,1.004,0.9733
252050,1,0,0,0,45,48,32,31,0.5367,1.078,1.063,1.065
253050,0,0,0,0,38,54,42,39,1.068,1.061,1.067,1.063
254050,0,0,0,0,39,45,32,38,0.9856,0.9066,1.041,0.9996
255050,0,0,0,0,45,47,34,35,1.061,0.9962,1.066,1.024
256050,0,0,0,0,44,39,33,34,1.047,1.061,1.045,1.07
257050,0,0,0,0,48,42,35,30,1.053,1.054,1.056,1.06
258050,0,0,0,0,42,41,45,34,1.061,1.083,1.062,1.06
259050,0,0,0,0,38,41,39,50,1.048,1.036,1.004,1.036
260050,0,0,0,1,57,39,30,35,1.004,0.9355,1.027,0.6959
261050,0,0,0,0,36,44,30,33,1.072,1.264,1.106,1.106
262050,0,0,0,0,42,35,37,41,1.056,1.067,1.066,1.063
263050,0,0,0,0,42,51,51,50,1.03,0.9785,1.042,0.984
264050,0,0,0,0,57,43,35,43,1.061,1.053,1.061,1.073
265050,0,0,0,0,61,52,41,39,1.082,0.9984,1.063,1.02
266050,0,0,0,0,47,44,31,43,1.054,1.31,1.059,0.8937
267050,0,0,1,0,43,46,39,40,1.031,0.9165,0.8435,1.05
268050,0,0,0,0,52,53,40,40,1.053,1.052,1.044,1.053
269050,0,1,0,0,51,46,38,40,1.166,0.7211,1.057,0.8946
270050,0,0,0,0,46,50,44,38,1.049,0.9889,1.023,1.027
271050,0,0,0,0,42,43,35,41,1.072,1.064,1.068,1.052
272050,0,0,0,0,45,42,33,31,1.064,1.065,1.071,0.8837
273050,0,0,0,1,34,46,42,35,1.077,1.058,1.058,0.5267
274050,0,0,0,0,50,55,36,41,1.068,1.036,1.059,1.066
275050,0,0,0,0,40,52,38,40,1.057,0.9614,1.066,1.001
276050,0,0,1,0,52,43,41,37,1.048,1.001,0.4318,1.006
277050,0,0,0,0,52,64,43,43,1.049,0.9904,0.9692,0.9919
278050,0,0,0,0,45,55,51,36,1.07,1.071,1.086,1.06
279050,0,0,0,0,50,58,35,35,1.069,1.098,1.069,1.063
280050,0,0,0,0,47,34,27,27,1.067,1.055,1.061,1.055
281050,0,0,0,0,49,49,49,33,1.023,0.9307,1.045,0.9913
282050,0,0,0,0,60,47,36,38,1.065,1.083,1.093,1.069
283050,0,0,0,0,41,40,34,33,1.041,0.9842,1.008,1.078
284050,0,0,0,0,40,51,35,43,1.029,1.019,1.049,1.03
285050,0,0,0,0,55,64,38,40,1.07,1.062,1.057,1.07
286050,0,0,0,0,46,53,38,51,1.065,0.9095,1.057,0.9251
287050,0,0,0,0,50,47,40,39,1.038,1.055,1.049,1.076
288050,0,0,0,0,51,55,38,35,1.044,1.062,1.071,1.027
289050,0,0,0,0,43,48,38,43,1.06,1.051,1.066,1.067
290050,0,0,0,0,41,42,40,41,1.056,1.058,1.062,1.055
291050,0,0,0,0,38,35,18,22,1.065,1.065,1.071,1.06
292050,0,0,0,0,45,36,39,43,1.1,1.063,1.073,1.062
293050,0,0,0,0,47,41,35,41,1.073,1.234,1.085,1.046
294050,0,0,0,0,43,47,28,35,1.06,1.053,1.051,1.062
295050,0,0,0,0,44,48,36,37,1.054,1.07,1.055,1.058
296050,0,0,0,0,45,42,32,42,1.043,0.9062,0.8676,1.007
297050,0,0,0,0,47,51,41,31,1.061,1.064,1.059,0.9551
298050,0,0,0,0,41,46,38,30,1.048,1.057,1.062,1.029
299050,0,0,0,0,48,43,39,36,1.081,1.068,1.078,1.062
300050,0,0,0,0,49,60,39,50,1.052,1.098,1.05,1.125
301050,0,0,0,0,46,45,35,34,1.072,1.09,1.067,1.065
302050,0,0,0,0,56,54,42,45,1.055,1.32,1.073,1.057
303050,0,0,0,0,51,52,37,41,1.07,1.096,1.052,1.071
304050,0,0,0,0,52,49,44,40,1.056,1.056,1.061,1.047
305050,0,0,0,0,50,40,33,36,1.025,1.051,0.8552,1.021
306050,0,0,0,0,31,36,26,33,1.089,1.053,1.069,1.019
307050,0,0,0,0,35,41,30,30,1.056,1.053,0.9869,1.044
308050,0,1,0,0,53,56,42,44,1.043,0.8198,1.077,1.074
309050,0,0,0,0,39,31,41,44,1.071,1.07,0.9867,0.961
310050,0,0,0,0,50,50,49,49,1.055,0.9923,1.057,0.9672
311050,0,0,0,0,41,49,40,38,1.032,1.027,1.05,1.058
312050,0,0,0,0,51,51,36,39,0.9857,1.029,1.031,1.015
313050,0,0,0,1,52,44,33,30,1.05,0.8876,1.081,0.01664
314050,0,0,0,0,41,45,38,42,0.9882,1.077,0.9513,1.026
315050,0,0,0,0,51,47,38,48,1.062,1.294,1.055,1.059
316050,0,0,0,0,55,52,28,40,1.067,1.064,1.069,1.072
317050,0,1,0,1,47,58,45,43,1.094,0.7762,1.062,0.4704
318050,0,0,0,0,56,63,44,36,1.064,1.005,1.061,0.9706
319050,0,0,0,0,36,44,38,43,1.044,1.046,1.049,1.047
320050,0,1,0,0,27,32,34,33,1.061,0.7955,1.065,0.9438
321050,0,0,0,0,43,38,36,45,1.057,1.036,1.049,1.053
322050,0,0,0,0,30,33,29,28,1.127,1.279,1.089,1.289
323050,0,0,0,0,39,47,31,44,1.057,1.012,1.056,1.411
324050,0,0,0,0,54,51,38,35,1.081,1.422,1.103,1.073
325050,0,0,0,0,43,46,42,42,1.063,1.065,1.103,1.058
326050,0,0,0,0,45,46,33,34,1.034,0.9097,1.027,1.001
327050,0,0,0,0,53,49,36,43,1.061,1.064,1.064,1.071
328050,0,0,0,0,49,44,45,45,1.063,0.8849,1.07,1.067
329050,0,0,0,0,51,56,40,39,1.054,1.016,1.069,1.042
330050,0,0,0,0,51,47,43,45,1.04,1.053,1.047,1.033
331050,0,0,0,0,42,38,38,42,1.05,1.052,1.049,1.042
332050,1,1,1,0,51,46,35,31,0.5494,0.6092,0.3935,0.9453
333050,0,1,0,0,49,47,46,50,1.052,0.4738,1.059,1.131
334050,0,0,0,0,42,30,32,28,1.059,1.06,1.046,1.059
335050,0,0,0,0,46,48,33,30,1.061,1.118,1.068,1.088
336050,0,0,0,0,57,49,41,33,1.064,1.064,1.062,1.059
337050,1,1,0,0,42,43,35,37,0.7456,0.464,1.088,1.004
338050,0,0,0,0,39,48,26,27,1.058,1.044,1.139,1.057
339050,0,0,1,0,40,56,37,43,0.9582,1.095,0.8426,0.9679
340050,0,0,0,0,47,48,41,46,1.068,1.067,1.07,1.073
341050,0,0,0,0,51,56,34,38,1.076,0.985,1.192,1.243
342050,0,0,0,0,46,54,41,49,1.039,0.986,0.9671,0.9619
343050,0,0,0,0,38,36,35,29,1.026,0.992,1.048,1.016
344050,0,1,0,0,57,57,46,45,1.013,0.3094,1.008,0.9965
345050,0,0,0,0,37,37,43,38,1.104,1.049,1.055,1.06
346050,0,0,0,0,45,41,34,32,1.042,1.062,1.052,1.029
347050,0,0,0,0,54,52,35,42,1.07,0.9102,1.081,0.949
348050,0,0,0,0,48,44,39,29,1.083,1.519,1.066,1.079
349050,0,0,0,0,45,52,34,29,1.069,1.075,1.06,1.091
350050,0,0,0,0,53,57,40,46,1.011,1.001,1.066,1.032
351050,0,0,0,0,41,45,47,43,1.058,0.917,1.078,1.056
352050,0,0,0,0,50,41,23,31,1.06,1.05,1.056,1.049
353050,0,0,0,0,48,46,45,37,1.06,1.055,1.059,1.063
354050,0,0,0,1,51,57,46,38,1.154,1.173,1.111,0.8225
355050,0,0,0,0,48,57,37,41,1.058,1.065,1.051,1.06
356050,0,0,0,0,36,34,27,37,1.074,0.9981,1.047,1.015
357050,0,0,0,0,51,48,35,47,1.055,1.061,1.052,1.067
358050,0,0,0,1,41,44,23,30,1.048,1.057,1.055,0.02882
359050,0,0,0,0,51,50,36,41,1.011,0.9962,1.052,0.9836
360050,0,0,0,0,60,45,43,34,1.069,1.065,1.067,1.071
361050,0,0,0,0,53,42,46,36,1.082,1.18,1.065,1.05
362050,0,0,0,0,53,50,41,46,1.07,1.053,1.099,1.042
363050,0,0,0,0,39,51,31,36,1.025,1.029,1.044,1.041
364050,0,0,0,0,43,47,40,37,0.9692,1.045,1.031,1.011
365050,0,0,0,0,55,52,38,33,1.177,1.086,1.054,1.083
366050,0,0,0,0,31,36,22,23,0.9528,0.9692,1.074,1
367050,1,0,0,0,54,49,54,36,0.7327,0.9878,1.104,1.056
368050,0,1,0,0,43,52,29,31,1.057,0.7524,1.085,1.151
369050,0,1,0,0,44,36,37,29,1.06,0.4202,1.071,1.068
370050,0,0,0,1,38,32,31,34,1.071,0.8927,1.068,0.5805
371050,0,0,0,0,37,50,29,37,1.052,1.071,1.064,1.054
372050,0,1,0,1,47,57,42,40,1.051,0.5969,1.044,0.5307
373050,0,0,0,1,46,51,37,42,1.146,1.076,1.107,0.3687
374050,0,0,0,0,50,43,42,22,0.875,0.9925,1.016,1.051
375050,0,0,0,0,53,49,35,36,1.009,1.023,1.03,1.047
376050,0,0,0,0,41,51,39,32,1.046,1.062,1.064,1.052
377050,0,0,0,1,55,50,35,31,1.046,0.9681,1.032,0.7441
378050,0,0,0,0,33,43,31,31,1.04,0.9616,1.026,0.9728
379050,0,0,0,0,45,40,34,47,1.056,1.078,1.06,0.9029
380050,0,0,0,0,49,53,45,45,1.054,1.005,1.063,1.037
381050,0,0,0,0,58,42,34,45,1.07,0.9722,1.067,0.9423
382050,0,0,0,0,46,53,38,35,1.038,1.043,1.067,0.9484
383050,1,0,0,0,55,47,46,43,0.7559,0.9948,1.009,0.9411
384050,0,0,0,0,47,44,39,39,1.065,0.9051,1.081,1.032
385050,0,0,0,0,41,55,40,38,1.061,0.9014,1.342,0.9404
386050,0,0,0,0,45,43,37,35,1.059,1.008,1.06,1.054
387050,0,0,0,0,39,40,34,35,1.058,1.054,1.08,1.079
388050,1,0,0,1,38,43,38,35,0.4259,1.38,1.022,0.5237
389050,0,1,0,0,46,59,47,45,1.063,0.8232,1.054,0.8618
390050,0,0,0,0,53,58,45,51,0.9943,1.076,1.008,1.181
391050,0,1,0,1,40,39,33,30,0.8881,0.01375,1.054,0.8101
392050,0,0,0,0,34,42,39,27,1.063,1.473,1.074,1.48
393050,0,0,0,0,43,40,42,37,1.053,1.032,0.9892,1.056
394050,0,0,0,0,47,47,33,37,1.067,1.063,1.06,1.068
395050,0,0,0,0,39,36,34,37,1.066,1.091,1.085,1.051
396050,0,0,0,0,42,45,35,30,1.06,1.051,1.057,1.122
397050,0,0,0,0,49,47,41,38,1.035,1.041,1.056,1.056
398050,0,0,0,0,51,55,26,40,1.05,0.9143,1.06,0.9108
399050,0,0,0,0,53,52,41,51,1.072,0.9311,1.096,1.233
400050,0,0,0,0,36,45,31,31,1.045,1.015,1.058,0.8515
401050,0,0,0,1,49,48,36,41,1.072,1.368,1.092,0.4295
402050,0,0,0,0,54,42,42,38,1.043,0.9899,1.053,0.9826
403050,0,0,0,0,47,53,37,32,1.055,0.8918,1.069,0.9261
404050,0,0,0,0,43,47,44,41,1.003,1.059,1.066,1.311
405050,0,1,0,0,50,45,41,40,1.058,0.8329,1.056,0.9731
406050,0,0,0,0,37,37,34,34,1.055,1.093,1.065,1.105
407050,0,0,0,0,39,36,37,42,1.053,1.154,1.065,1.055
408050,0,0,0,0,39,47,30,30,1.049,1.16,0.8511,1.065
409050,0,0,0,0,53,49,42,35,1.066,1.063,1.049,1.077
410050,0,1,0,1,52,39,38,34,1.039,0.8324,1.116,0.8168
411050,0,0,0,0,48,45,31,43,1.064,1.049,1.069,1.066
412050,0,0,0,0,40,37,37,39,1.068,1.059,1.066,1.06
413050,0,1,1,0,50,53,35,45,0.875,0.6484,0.396,0.9046
414050,0,0,0,0,42,45,42,34,0.8509,1.059,0.988,1.02
415050,0,0,0,0,50,43,38,48,1.064,1.048,1.056,1.051
416050,0,0,0,0,43,44,31,32,1.067,0.996,1.052,1.315
417050,0,0,0,0,50,47,40,35,1.056,1.054,1.056,1.06
418050,0,0,0,0,51,52,30,35,1.057,1.105,1.086,1.055
419050,0,0,0,0,45,42,32,30,1.059,1.059,1.059,1.058
420050,0,0,0,0,54,56,43,46,1.076,1.055,1.044,1.063
421050,0,0,0,1,51,50,34,34,1.052,1.074,1.056,0.7396
422050,0,0,0,0,41,43,30,25,1.04,1.002,1.037,1.043
423050,0,0,0,0,44,44,33,32,1.062,1.066,1.072,1.06
424050,0,0,0,0,51,42,36,37,1.044,1.084,1.063,1.082
425050,0,0,0,0,28,37,38,32,1.099,1.03,1.037,1.064
426050,0,0,0,0,53,43,42,37,1.057,1.056,1.05,1.025
427050,0,1,0,0,35,43,42,35,1.07,0.5698,0.9551,0.9598
428050,0,0,0,0,41,38,29,38,1.046,0.9591,1.057,0.9609
429050,0,0,0,0,42,37,34,34,1.057,0.9137,1.068,1.333
430050,0,0,0,0,53,56,47,49,1.073,1.072,1.032,1.052
431050,0,0,0,0,55,52,42,41,1.023,1.067,1.089,0.9152
432050,0,0,0,0,50,41,32,43,1.059,0.9359,1.046,0.9678
433050,0,1,0,0,44,43,30,34,1.204,0.6936,1.082,0.9173
434050,0,0,0,0,54,47,39,46,1.053,1.068,1.073,1.055
435050,0,0,0,0,47,53,35,41,0.9679,1.007,0.9144,1.019
436050,0,0,0,0,52,46,41,43,1.025,1.019,1.006,1.012
437050,0,1,0,0,40,41,41,38,1.054,0.7057,1.092,1.06
438050,0,0,0,0,56,55,46,51,1.05,0.8516,0.9556,0.9777
439050,0,0,0,0,59,49,46,50,1.035,1.053,1.038,1.031
440050,0,0,0,0,48,43,38,29,1.048,1.064,1.061,1.057
441050,0,0,0,0,44,47,28,39,1.05,1.048,1.05,1.057
442050,0,0,0,0,44,37,34,30,0.9777,1.025,1.044,1.041
443050,0,1,0,0,38,46,20,41,1.073,0.6862,1.059,1.27
444050,0,0,0,0,51,45,29,32,0.9999,0.9559,0.968,1.297
445050,0,0,0,0,37,51,22,26,1.059,1.056,1.037,1.041
446050,0,0,0,0,49,49,38,41,1.071,1.058,1.056,1.06
447050,0,0,0,0,54,52,39,46,1.068,1.095,1.088,1.08
448050,0,0,0,0,43,57,45,44,1.042,0.9096,1.014,1.04
449050,0,0,0,1,46,47,43,40,1.071,1.088,1.083,0.6085
450050,0,0,0,0,38,34,38,30,1.066,1.07,1.062,1.061
451050,0,0,1,0,45,35,39,29,1.064,0.8795,0.5304,0.9506
452050,0,0,0,0,45,55,40,47,1.065,1.064,1.069,1.076
453050,1,0,0,1,48,44,38,37,0.526,0.9993,0.967,0.8207
454050,0,0,0,0,47,50,47,36,1.088,1.027,1.102,1.026
455050,0,0,0,0,47,57,33,54,1.091,1.064,1.051,1.102
456050,0,0,0,0,49,48,39,38,1.066,0.8948,1.076,1.019
457050,0,0,0,0,41,44,34,33,1.459,1.04,1.063,1.061
458050,0,0,0,0,51,55,45,41,1.515,0.9557,1.079,1.622
459050,0,0,0,0,41,35,32,36,1.054,1.056,1.053,1.055
460050,0,0,0,0,43,51,41,42,1.081,1.071,1.073,1.099
461050,0,0,0,0,39,44,32,37,1.056,1.044,1.048,1.077
462050,0,0,0,1,60,53,42,39,1.184,1.183,1.127,0.5571
463050,0,0,0,0,44,44,44,42,1.059,1.073,1.064,1.073
464050,0,0,0,1,51,51,44,41,1.055,0.8712,1.035,0.24
465050,0,0,0,0,60,55,34,40,1.053,1.09,1.05,1.055
466050,0,0,0,0,49,45,37,40,0.9584,1.074,1.105,1.065
467050,0,0,0,0,47,51,41,49,1.065,0.9457,1.057,1.36
468050,0,0,0,0,46,56,30,33,0.8892,1.063,1.016,0.9994
469050,0,0,0,0,52,54,43,37,0.9644,1.01,0.9859,1.012
470050,0,0,0,0,33,40,35,34,1.055,1.106,1.054,1.058
471050,0,0,0,0,50,48,37,55,1.069,0.9364,1.05,1.041
472050,0,0,0,0,41,43,23,25,1.051,1.061,1.067,1.071
473050,0,0,0,0,49,46,47,42,1.057,1.068,1.051,1.091
474050,1,0,0,0,52,47,44,47,0.5314,1.021,1.045,0.985
475050,0,0,0,0,54,51,58,42,1.071,0.9622,1.05,1.018
476050,0,0,0,0,56,49,42,51,0.8972,1.053,1.046,0.9093
477050,0,1,0,1,30,43,36,38,1.071,0.5668,1.078,0.3441
478050,0,0,0,0,48,47,48,49,0.9587,0.9366,0.9898,0.9595
479050,0,0,0,0,62,63,46,34,1.061,1.017,1.049,1.043
480050,0,0,0,0,57,50,46,39,1.042,1.055,1.017,1.007
481050,0,1,0,0,28,34,34,38,1.048,0.2985,1.064,1.041
482050,0,0,0,0,34,50,41,39,1.061,1.342,1.061,1.056
483050,0,0,1,0,44,61,32,43,1.061,1.053,0.5841,1.053
484050,0,1,1,0,31,36,33,31,1.042,0.6317,0.8341,0.9137
485050,0,0,0,0,43,59,40,37,1.052,1.079,1.022,1.036
486050,0,0,0,0,46,48,29,33,1.084,1.065,1.09,1.071
487050,0,0,0,0,46,44,35,45,1.03,1.068,1.051,1.061
488050,0,0,0,0,55,58,46,50,1.561,1.217,1.524,0.9734
489050,0,0,0,0,64,52,38,38,1.103,1.068,1.059,1.061
490050,0,0,0,0,46,49,32,43,1.063,1.028,1.051,1.01
491050,0,0,0,1,47,46,42,47,1.046,0.8851,1.05,0.1711
492050,1,0,0,0,42,58,43,50,0.7145,1.051,1.069,0.851
493050,0,1,0,0,53,50,48,47,1.054,0.7889,1.048,1.123
494050,0,0,0,1,57,56,39,42,1.442,1.601,1.437,0.83
495050,0,0,0,0,51,60,40,35,1.064,1.035,1.07,1.079
496050,0,0,0,0,67,58,46,49,1.06,1.046,1.051,1.062
497050,0,0,0,0,44,51,41,41,1.061,1.052,1.044,1.055
498050,0,0,0,0,48,53,38,43,1.127,1.068,1.161,1.06
499050,0,0,0,0,41,46,39,31,1.073,1.057,1.07,1.072
500050,0,0,0,0,55,52,46,43,1.079,1.068,1.058,1.06
501050,0,0,0,1,50,48,42,39,1.057,1.061,1.069,0.0181
502050,0,0,0,0,46,49,40,43,1.058,1.093,1.054,1.057
503050,0,1,0,1,59,54,36,30,1.058,0.1675,1.053,0.6324
504050,0,0,0,0,35,42,34,41,1.044,1.043,1.054,1.069
505050,0,1,0,0,33,52,36,37,1.053,0.731,1.068,0.9538
506050,0,0,0,0,45,46,37,34,1.046,1.058,1.059,1.05
507050,0,0,0,0,39,43,37,28,1.082,1.072,1.35,1.081
508050,0,0,0,0,44,47,34,38,1.064,1.058,1.054,1.062
509050,0,0,0,0,48,54,45,47,1.02,1.023,0.9808,1.354
510050,0,0,0,0,50,39,32,30,1.079,1.076,1.068,1.046
511050,0,0,0,0,44,29,30,31,1.064,1.063,1.055,1.107
512050,1,0,0,0,48,46,46,36,0.7958,0.8743,0.9924,0.9839
513050,0,0,0,0,50,59,36,39,1.01,1.011,1.016,0.9816
514050,1,0,0,0,53,49,48,45,0.3784,1.038,1.044,1.05
515050,0,0,0,0,48,46,39,38,1.051,1.097,1.068,1.094
516050,0,0,0,1,49,43,38,39,1.071,0.8855,1.065,0.819
517050,0,0,0,0,49,57,42,43,0.9447,0.9927,1.04,1.017
518050,0,0,0,0,46,48,38,41,0.8506,1.053,0.888,1.01
519050,0,0,0,0,47,40,35,43,1.074,1.063,1.056,1.062
520050,0,0,0,0,36,42,35,34,1.09,1.082,1.077,1.087
521050,0,0,0,0,47,32,37,24,0.9847,1.013,1.039,1.036
522050,0,0,0,0,44,45,40,35,1.056,1.061,1.053,1.054
523050,0,0,0,0,29,42,34,35,0.9997,1.05,1.035,1.038
524050,0,0,0,0,55,52,44,40,0.8636,0.9945,1.075,0.8687
525050,0,0,0,0,53,53,44,49,1.068,1.061,1.08,1.057
526050,0,0,0,0,45,46,49,39,0.8968,0.9811,1.008,1.056
527050,0,0,0,0,43,48,36,37,1.071,1.078,1.062,1.064
528050,0,0,0,0,48,53,33,35,1.071,1.063,1.103,1.062
529050,0,0,0,0,47,52,42,46,1.056,1.063,1.057,1.057
530050,0,1,0,0,49,56,40,38,1.227,0.5826,1.063,0.8923
531050,0,0,0,0,44,39,42,31,1.063,1.058,1.115,1.061
532050,0,0,0,0,34,34,25,30,1.056,1.074,1.076,1.218
533050,0,0,0,0,50,52,33,37,1.063,1.053,1.076,1.052
534050,0,0,0,0,55,47,45,51,0.9576,1.047,1.191,1.023
535050,0,1,0,0,47,43,35,33,1.087,0.8409,1.077,0.9019
536050,0,1,0,0,45,49,38,37,1.123,0.7913,1.063,0.9845
537050,0,0,0,0,46,49,35,33,1.051,1.045,1.045,1.067
538050,0,0,0,0,47,42,43,32,1.058,1.064,1.064,1.05
539050,0,0,0,0,59,56,45,46,1.069,0.9628,1.081,0.9735
540050,0,0,0,0,49,54,51,46,1.033,1.062,1.061,1.054
541050,0,0,0,0,56,56,40,43,0.9923,0.999,0.986,1.028
542050,0,0,0,0,31,48,33,33,1.056,1.013,1.061,1.024
543050,0,0,0,0,52,44,37,34,1.05,1.015,1.014,1.114
544050,0,0,0,0,45,47,31,39,1.054,1.003,1.065,1.092
545050,0,0,0,0,49,42,42,38,1.467,1.57,0.9679,1.085
546050,0,1,0,0,54,53,52,44,1.067,0.03174,1.066,0.9862
547050,0,0,0,0,57,56,40,42,1.063,1.062,1.074,1.031
548050,0,0,0,0,49,43,39,24,1.044,1.063,1.019,1.061
549050,0,0,0,0,39,46,30,33,1.073,1.076,1.058,1.134
550050,0,0,0,0,46,59,32,45,1.058,1.064,1.071,1.059
551050,0,0,0,1,57,49,36,42,1.018,0.8746,1.014,0.7253
552050,0,1,0,1,38,42,33,41,1.064,0.317,1.052,0.6648
553050,0,0,0,0,45,49,35,41,1.063,1.062,1.065,1.07
554050,0,0,0,0,54,56,43,44,1.055,1.054,1.033,1.051
555050,0,1,0,0,38,50,39,39,1.169,0.8234,1.07,1.128
556050,0,0,0,0,40,42,37,32,1.08,0.9552,1.074,1.074
557050,0,0,0,0,59,49,45,52,1.061,1.064,1.06,1.069
558050,0,0,0,0,50,45,38,39,1.065,1.063,1.055,1.069
559050,0,0,0,0,49,50,39,37,1.033,1.022,1.024,1.047
560050,0,0,0,0,43,43,51,40,0.9917,1.011,1.043,1.033
561050,0,0,0,0,40,30,36,37,1.064,1.064,1.047,1.061
562050,0,0,0,0,42,42,39,36,1.045,1.07,1.052,1.048
563050,0,0,0,0,52,48,44,40,1.062,1.09,1.067,1.08
564050,0,1,0,0,48,54,38,44,1.081,0.5852,1.05,0.8756
565050,0,0,0,1,48,48,41,36,1.066,1.341,1.081,0.3043
566050,0,0,0,0,56,53,48,45,1.051,0.9937,1.05,0.9163
567050,0,0,0,0,44,49,40,41,1.103,1.063,1.085,1.065
568050,0,0,0,0,52,53,45,41,1.016,1.07,1.075,1.073
569050,0,0,0,0,55,50,39,34,1.081,1.051,1.055,1.055
570050,0,1,0,0,55,48,36,48,1.067,0.4228,1.068,0.9296
571050,0,0,0,0,61,50,40,43,1.035,1.04,1.046,1.047
572050,0,0,0,0,59,65,46,38,1.048,0.9733,1.048,0.922
573050,0,0,0,0,53,51,47,46,1.01,0.9845,1.043,0.9103
574050,0,0,0,0,53,51,43,32,1.059,1.063,1.056,1.041
575050,0,0,0,0,46,49,40,45,1.007,1.049,1.042,0.9901
576050,0,0,0,0,62,44,28,44,1.062,1.065,1.058,1.306
577050,0,0,0,0,56,53,42,50,1.001,1.067,1.008,1.008
578050,0,0,0,0,37,37,29,36,1.062,1.065,1.081,1.069
579050,0,0,0,0,52,52,44,50,1.042,1.017,1.047,1.065
580050,0,0,0,0,47,56,30,39,1.061,0.9962,1.075,0.9948
581050,0,0,0,0,48,40,38,44,1.097,1.076,1.076,1.077
582050,0,0,0,0,51,46,45,30,1.011,1.063,1.045,1.032
583050,0,0,0,0,59,47,41,34,1.065,1.008,1.06,1.028
584050,0,0,0,0,50,40,33,35,1.001,1.049,1.005,0.9571
585050,0,0,0,0,52,54,47,39,1.051,1.037,1.046,1.025
586050,0,0,0,0,49,46,46,39,1.053,1.052,1.071,1.044
587050,0,0,0,0,45,43,35,36,1.059,1.05,1.051,1.053
588050,0,0,0,1,55,47,32,39,1.067,0.8512,1.079,0.837
589050,1,0,0,0,44,40,30,38,0.6112,0.9827,1.208,1.025
590050,0,0,0,0,55,53,42,42,1.072,1.101,1.082,1.117
591050,0,0,0,0,54,59,49,45,1.06,1.068,1.063,1.077
592050,1,0,1,0,45,55,38,42,0.8466,0.9926,0.4968,0.8527
593050,0,0,0,0,43,42,47,38,1.062,1.068,1.075,1.058
594050,0,0,0,0,52,52,37,35,1.069,1.056,1.056,1.066
595050,0,0,0,0,55,50,34,39,1.049,1.059,1.064,1.054
596050,0,0,0,0,47,46,47,37,0.9594,0.9794,1.155,1.025
597050,0,0,0,0,46,40,43,38,1.064,1.056,1.059,1.022
598050,0,0,1,0,46,52,38,40,1.068,0.9059,0.377,1.018
599050,0,1,0,0,53,47,42,34,1.063,0.769,1.056,0.8661
600050,0,0,0,0,49,42,35,31,0.9437,1.022,1.063,0.9847
601050,0,0,0,0,59,49,44,38,1.082,0.9593,0.9845,1.089
602050,0,0,0,0,43,45,32,29,1.045,1.054,1.048,1.059
603050,0,0,1,0,56,57,44,36,1.001,1.042,0.7558,0.9703
604050,0,0,0,0,45,51,37,42,1.06,1.063,1.056,1.094
605050,0,0,0,0,48,45,34,39,1.064,1.064,1.098,1.071
606050,0,0,0,0,44,37,23,34,1.066,1.061,1.059,1.06
607050,0,0,0,0,46,44,45,45,1.063,1.059,1.057,1.064
608050,0,0,0,0,41,36,29,36,1.079,1.056,1.022,1.042
609050,0,0,0,0,51,44,39,47,1.065,1.457,1.055,1.532
610050,0,0,0,0,43,44,42,29,0.9914,1.039,1.04,1.026
611050,0,0,0,0,46,50,34,33,1.042,1.066,1.054,1.056
612050,0,0,0,0,53,61,45,47,1.081,1.048,1.185,1.033
613050,0,0,0,0,36,52,42,39,1.043,1.052,1.04,1.041
614050,0,0,0,0,52,49,28,33,1.058,1.174,1.053,1.07
615050,0,0,0,0,37,42,29,33,1.033,1.064,1.033,1.008
616050,0,1,0,1,50,47,47,39,1.049,0.5787,1.057,0.8022
617050,0,1,0,0,35,40,42,48,0.9781,0.8247,0.9934,1.245
618050,0,0,0,0,54,50,40,42,1.07,1.093,1.06,1.081
619050,0,0,0,0,42,48,31,39,1.046,1.049,1.03,1.033
620050,0,0,0,0,40,40,32,36,1.056,1.067,1.06,1.256
621050,0,0,0,1,51,49,31,42,1.058,0.8674,1.059,0.06774
622050,0,0,1,0,59,58,39,41,0.9107,0.9775,0.8113,0.9785
623050,0,0,0,0,44,51,41,41,0.9627,0.9896,0.9041,0.8741
624050,0,0,0,0,58,53,43,39,1.058,1.054,1.056,1.062
625050,0,0,0,0,49,56,52,50,1.062,0.8572,1.096,1.021
626050,0,0,0,0,43,41,34,34,1.058,1.005,1.077,1.05
627050,0,0,0,0,41,34,26,28,1.088,1.069,1.109,1.088
628050,0,0,0,0,30,30,34,34,1.068,1.07,1.075,1.078
629050,0,1,0,0,48,36,26,37,1.049,0.7969,1.056,1.093
630050,0,0,0,0,45,49,47,37,1.048,1.064,1.056,1.088
631050,0,0,0,0,47,49,36,34,1.038,1.04,1.063,1.029
632050,0,0,0,1,48,54,42,43,1.071,0.9244,1.082,0.6423
633050,0,0,0,0,41,42,32,43,1.024,1.05,1.062,0.8982
634050,0,1,0,1,43,44,40,37,1.06,0.7964,1.057,0.6994
635050,0,0,0,1,37,45,36,37,1.055,0.9843,1.052