step,scenario_id,obs_id,mode,timestep,pred_x,pred_y
0,5,0,constant_velocity,0,7.0000,0.5000
0,5,0,constant_velocity,2,6.8277,0.4933
0,5,0,constant_velocity,4,6.6424,0.4862
0,5,0,constant_velocity,6,6.4466,0.4818
0,5,0,constant_velocity,8,6.2542,0.4718
0,5,0,constant_velocity,10,6.0518,0.4635
0,5,0,constant_velocity,12,5.8587,0.4565
0,5,0,constant_velocity,14,5.6745,0.4453
0,9,0,constant_velocity,0,7.0000,0.5000
0,9,0,constant_velocity,2,6.8331,0.4810
0,9,0,constant_velocity,4,6.6684,0.4612
0,9,0,constant_velocity,6,6.5015,0.4592
0,9,0,constant_velocity,8,6.3426,0.4682
0,9,0,constant_velocity,10,6.1784,0.4784
0,9,0,constant_velocity,12,6.0182,0.5115
0,9,0,constant_velocity,14,5.8714,0.5675
0,12,0,constant_velocity,0,7.0000,0.5000
0,12,0,constant_velocity,2,6.8262,0.5068
0,12,0,constant_velocity,4,6.6315,0.5053
0,12,0,constant_velocity,6,6.4275,0.5147
0,12,0,constant_velocity,8,6.2155,0.5160
0,12,0,constant_velocity,10,6.0050,0.4919
0,12,0,constant_velocity,12,5.7938,0.4690
0,12,0,constant_velocity,14,5.5937,0.4622
1,1,0,constant_velocity,0,6.9200,0.5000
1,1,0,constant_velocity,2,6.7544,0.5164
1,1,0,constant_velocity,4,6.5881,0.5377
1,1,0,constant_velocity,6,6.4187,0.5512
1,1,0,constant_velocity,8,6.2320,0.5598
1,1,0,constant_velocity,10,6.0409,0.5675
1,1,0,constant_velocity,12,5.8316,0.5776
1,1,0,constant_velocity,14,5.6206,0.5927
1,7,0,constant_velocity,0,6.9200,0.5000
1,7,0,constant_velocity,2,6.7607,0.5087
1,7,0,constant_velocity,4,6.5877,0.5159
1,7,0,constant_velocity,6,6.4202,0.5301
1,7,0,constant_velocity,8,6.2605,0.5486
1,7,0,constant_velocity,10,6.0661,0.5655
1,7,0,constant_velocity,12,5.8676,0.5899
1,7,0,constant_velocity,14,5.6795,0.6146
1,9,0,constant_velocity,0,6.9200,0.5000
1,9,0,constant_velocity,2,6.7527,0.5018
1,9,0,constant_velocity,4,6.5788,0.5074
1,9,0,constant_velocity,6,6.3958,0.5253
1,9,0,constant_velocity,8,6.2190,0.5564
1,9,0,constant_velocity,10,6.0553,0.5891
1,9,0,constant_velocity,12,5.8957,0.6183
1,9,0,constant_velocity,14,5.7383,0.6536
2,1,0,constant_velocity,0,6.8400,0.5000
2,1,0,constant_velocity,2,6.6614,0.4957
2,1,0,constant_velocity,4,6.4704,0.4761
2,1,0,constant_velocity,6,6.2774,0.4412
2,1,0,constant_velocity,8,6.0896,0.3874
2,1,0,constant_velocity,10,5.9037,0.3405
2,1,0,constant_velocity,12,5.7094,0.3030
2,1,0,constant_velocity,14,5.4936,0.2560
2,4,0,constant_velocity,0,6.8400,0.5000
2,4,0,constant_velocity,2,6.6736,0.5166
2,4,0,constant_velocity,4,6.4960,0.5601
2,4,0,constant_velocity,6,6.3197,0.6201
2,4,0,constant_velocity,8,6.1363,0.6844
2,4,0,constant_velocity,10,5.9430,0.7456
2,4,0,constant_velocity,12,5.7311,0.8068
2,4,0,constant_velocity,14,5.4984,0.8558
2,6,0,constant_velocity,0,6.8400,0.5000
2,6,0,constant_velocity,2,6.6648,0.4936
2,6,0,constant_velocity,4,6.4816,0.4831
2,6,0,constant_velocity,6,6.2905,0.4824
2,6,0,constant_velocity,8,6.1071,0.4740
2,6,0,constant_velocity,10,5.9324,0.4619
2,6,0,constant_velocity,12,5.7626,0.4536
2,6,0,constant_velocity,14,5.5936,0.4309
3,0,0,constant_velocity,0,6.7600,0.5000
3,0,0,constant_velocity,2,6.5985,0.5050
3,0,0,constant_velocity,4,6.4203,0.4913
3,0,0,constant_velocity,6,6.2269,0.4539
3,0,0,constant_velocity,8,6.0218,0.4070
3,0,0,constant_velocity,10,5.8257,0.3446
3,0,0,constant_velocity,12,5.6295,0.2841
3,0,0,constant_velocity,14,5.4275,0.2356
3,4,0,constant_velocity,0,6.7600,0.5000
3,4,0,constant_velocity,2,6.5893,0.5158
3,4,0,constant_velocity,4,6.3940,0.5553
3,4,0,constant_velocity,6,6.2012,0.6053
3,4,0,constant_velocity,8,6.0317,0.6603
3,4,0,constant_velocity,10,5.8535,0.7113
3,4,0,constant_velocity,12,5.6642,0.7754
3,4,0,constant_velocity,14,5.4656,0.8302
3,5,0,constant_velocity,0,6.7600,0.5000
3,5,0,constant_velocity,2,6.5939,0.4998
3,5,0,constant_velocity,4,6.4218,0.5041
3,5,0,constant_velocity,6,6.2543,0.5189
3,5,0,constant_velocity,8,6.0931,0.5354
3,5,0,constant_velocity,10,5.9201,0.5378
3,5,0,constant_velocity,12,5.7569,0.5382
3,5,0,constant_velocity,14,5.5977,0.5276
4,0,0,constant_velocity,0,6.6800,0.5000
4,0,0,constant_velocity,2,6.5118,0.5102
4,0,0,constant_velocity,4,6.3245,0.5221
4,0,0,constant_velocity,6,6.1381,0.5308
4,0,0,constant_velocity,8,5.9518,0.5384
4,0,0,constant_velocity,10,5.7629,0.5367
4,0,0,constant_velocity,12,5.5555,0.5359
4,0,0,constant_velocity,14,5.3458,0.5240
4,2,0,constant_velocity,0,6.6800,0.5000
4,2,0,constant_velocity,2,6.5135,0.5010
4,2,0,constant_velocity,4,6.3360,0.5059
4,2,0,constant_velocity,6,6.1674,0.5120
4,2,0,constant_velocity,8,5.9979,0.5086
4,2,0,constant_velocity,10,5.8189,0.4943
4,2,0,constant_velocity,12,5.6455,0.4644
4,2,0,constant_velocity,14,5.4743,0.4337
4,3,0,constant_velocity,0,6.6800,0.5000
4,3,0,constant_velocity,2,6.5128,0.5015
4,3,0,constant_velocity,4,6.3502,0.5194
4,3,0,constant_velocity,6,6.1879,0.5439
4,3,0,constant_velocity,8,5.9930,0.5358
4,3,0,constant_velocity,10,5.7852,0.5093
4,3,0,constant_velocity,12,5.5787,0.4897
4,3,0,constant_velocity,14,5.3434,0.4708
5,1,0,constant_velocity,0,6.6000,0.5000
5,1,0,constant_velocity,2,6.4366,0.5003
5,1,0,constant_velocity,4,6.2730,0.4937
5,1,0,constant_velocity,6,6.1060,0.4794
5,1,0,constant_velocity,8,5.9285,0.4404
5,1,0,constant_velocity,10,5.7422,0.4039
5,1,0,constant_velocity,12,5.5428,0.3978
5,1,0,constant_velocity,14,5.3433,0.3972
5,3,0,constant_velocity,0,6.6000,0.5000
5,3,0,constant_velocity,2,6.4266,0.5019
5,3,0,constant_velocity,4,6.2434,0.4936
5,3,0,constant_velocity,6,6.0798,0.4879
5,3,0,constant_velocity,8,5.9304,0.4804
5,3,0,constant_velocity,10,5.7786,0.4446
5,3,0,constant_velocity,12,5.6165,0.3827
5,3,0,constant_velocity,14,5.4360,0.3204
5,7,0,constant_velocity,0,6.6000,0.5000
5,7,0,constant_velocity,2,6.4319,0.5017
5,7,0,constant_velocity,4,6.2524,0.5032
5,7,0,constant_velocity,6,6.0795,0.5036
5,7,0,constant_velocity,8,5.9096,0.5134
5,7,0,constant_velocity,10,5.7496,0.5202
5,7,0,constant_velocity,12,5.5905,0.5200
5,7,0,constant_velocity,14,5.4257,0.4995
6,0,0,constant_velocity,0,6.5200,0.5000
6,0,0,constant_velocity,2,6.3469,0.5024
6,0,0,constant_velocity,4,6.1806,0.5235
6,0,0,constant_velocity,6,6.0333,0.5424
6,0,0,constant_velocity,8,5.8794,0.5470
6,0,0,constant_velocity,10,5.7143,0.5272
6,0,0,constant_velocity,12,5.5431,0.4882
6,0,0,constant_velocity,14,5.3798,0.4481
6,2,0,constant_velocity,0,6.5200,0.5000
6,2,0,constant_velocity,2,6.3574,0.5115
6,2,0,constant_velocity,4,6.1848,0.5377
6,2,0,constant_velocity,6,6.0058,0.5860
6,2,0,constant_velocity,8,5.8228,0.6449
6,2,0,constant_velocity,10,5.6520,0.7052
6,2,0,constant_velocity,12,5.4959,0.7518
6,2,0,constant_velocity,14,5.3444,0.7939
6,6,0,constant_velocity,0,6.5200,0.5000
6,6,0,constant_velocity,2,6.3517,0.5061
6,6,0,constant_velocity,4,6.1942,0.5123
6,6,0,constant_velocity,6,6.0212,0.5110
6,6,0,constant_velocity,8,5.8398,0.5245
6,6,0,constant_velocity,10,5.6569,0.5366
6,6,0,constant_velocity,12,5.4758,0.5650
6,6,0,constant_velocity,14,5.2914,0.5902
7,0,0,constant_velocity,0,6.4400,0.5000
7,0,0,constant_velocity,2,6.2778,0.4889
7,0,0,constant_velocity,4,6.1257,0.4626
7,0,0,constant_velocity,6,5.9837,0.4345
7,0,0,constant_velocity,8,5.8493,0.4151
7,0,0,constant_velocity,10,5.7122,0.4078
7,0,0,constant_velocity,12,5.5527,0.3895
7,0,0,constant_velocity,14,5.3765,0.3743
7,3,0,constant_velocity,0,6.4400,0.5000
7,3,0,constant_velocity,2,6.2665,0.5048
7,3,0,constant_velocity,4,6.0844,0.5026
7,3,0,constant_velocity,6,5.9047,0.4962
7,3,0,constant_velocity,8,5.7439,0.4792
7,3,0,constant_velocity,10,5.5779,0.4365
7,3,0,constant_velocity,12,5.3845,0.3897
7,3,0,constant_velocity,14,5.1917,0.3333
7,8,0,constant_velocity,0,6.4400,0.5000
7,8,0,constant_velocity,2,6.2767,0.4847
7,8,0,constant_velocity,4,6.1145,0.4651
7,8,0,constant_velocity,6,5.9449,0.4416
7,8,0,constant_velocity,8,5.7663,0.4286
7,8,0,constant_velocity,10,5.5803,0.4339
7,8,0,constant_velocity,12,5.3680,0.4288
7,8,0,constant_velocity,14,5.1408,0.3988
8,3,0,constant_velocity,0,6.3600,0.5000
8,3,0,constant_velocity,2,6.2058,0.5070
8,3,0,constant_velocity,4,6.0423,0.5249
8,3,0,constant_velocity,6,5.8853,0.5426
8,3,0,constant_velocity,8,5.7401,0.5679
8,3,0,constant_velocity,10,5.6118,0.5726
8,3,0,constant_velocity,12,5.4921,0.5788
8,3,0,constant_velocity,14,5.3836,0.5972
8,4,0,constant_velocity,0,6.3600,0.5000
8,4,0,constant_velocity,2,6.1937,0.4934
8,4,0,constant_velocity,4,6.0278,0.4770
8,4,0,constant_velocity,6,5.8585,0.4630
8,4,0,constant_velocity,8,5.6874,0.4368
8,4,0,constant_velocity,10,5.5128,0.4072
8,4,0,constant_velocity,12,5.3345,0.3884
8,4,0,constant_velocity,14,5.1477,0.3676
8,9,0,constant_velocity,0,6.3600,0.5000
8,9,0,constant_velocity,2,6.2236,0.5051
8,9,0,constant_velocity,4,6.1128,0.5094
8,9,0,constant_velocity,6,6.0107,0.5144
8,9,0,constant_velocity,8,5.9062,0.5323
8,9,0,constant_velocity,10,5.8239,0.5502
8,9,0,constant_velocity,12,5.7686,0.5734
8,9,0,constant_velocity,14,5.7113,0.6077
9,4,0,constant_velocity,0,6.2800,0.5000
9,4,0,constant_velocity,2,6.1353,0.4932
9,4,0,constant_velocity,4,6.0045,0.4583
9,4,0,constant_velocity,6,5.8614,0.3990
9,4,0,constant_velocity,8,5.7187,0.3354
9,4,0,constant_velocity,10,5.5731,0.2792
9,4,0,constant_velocity,12,5.4209,0.2342
9,4,0,constant_velocity,14,5.2788,0.2012
9,6,0,constant_velocity,0,6.2800,0.5000
9,6,0,constant_velocity,2,6.1229,0.4908
9,6,0,constant_velocity,4,5.9700,0.4763
9,6,0,constant_velocity,6,5.8159,0.4650
9,6,0,constant_velocity,8,5.6625,0.4613
9,6,0,constant_velocity,10,5.5278,0.4655
9,6,0,constant_velocity,12,5.4067,0.4820
9,6,0,constant_velocity,14,5.2804,0.5145
9,7,0,constant_velocity,0,6.2800,0.5000
9,7,0,constant_velocity,2,6.1203,0.4952
9,7,0,constant_velocity,4,5.9619,0.4755
9,7,0,constant_velocity,6,5.8047,0.4599
9,7,0,constant_velocity,8,5.6491,0.4450
9,7,0,constant_velocity,10,5.4861,0.4212
9,7,0,constant_velocity,12,5.3151,0.3854
9,7,0,constant_velocity,14,5.1606,0.3363
10,0,0,constant_velocity,0,6.2000,0.5000
10,0,0,constant_velocity,2,6.0321,0.5044
10,0,0,constant_velocity,4,5.8677,0.5131
10,0,0,constant_velocity,6,5.7180,0.5139
10,0,0,constant_velocity,8,5.5825,0.5060
10,0,0,constant_velocity,10,5.4628,0.4962
10,0,0,constant_velocity,12,5.3467,0.5072
10,0,0,constant_velocity,14,5.2264,0.5235
10,1,0,constant_velocity,0,6.2000,0.5000
10,1,0,constant_velocity,2,6.0427,0.5079
10,1,0,constant_velocity,4,5.8869,0.5105
10,1,0,constant_velocity,6,5.7390,0.5208
10,1,0,constant_velocity,8,5.6010,0.5186
10,1,0,constant_velocity,10,5.4796,0.5184
10,1,0,constant_velocity,12,5.3587,0.5299
10,1,0,constant_velocity,14,5.2162,0.5510
10,2,0,constant_velocity,0,6.2000,0.5000
10,2,0,constant_velocity,2,6.0584,0.5104
10,2,0,constant_velocity,4,5.9322,0.5284
10,2,0,constant_velocity,6,5.8169,0.5321
10,2,0,constant_velocity,8,5.7151,0.5134
10,2,0,constant_velocity,10,5.6248,0.4919
10,2,0,constant_velocity,12,5.5305,0.4750
10,2,0,constant_velocity,14,5.4292,0.4646
11,1,0,constant_velocity,0,6.1200,0.5000
11,1,0,constant_velocity,2,5.9532,0.4914
11,1,0,constant_velocity,4,5.7932,0.4663
11,1,0,constant_velocity,6,5.6349,0.4245
11,1,0,constant_velocity,8,5.4635,0.3749
11,1,0,constant_velocity,10,5.3243,0.3297
11,1,0,constant_velocity,12,5.2126,0.2966
11,1,0,constant_velocity,14,5.1001,0.2785
11,6,0,constant_velocity,0,6.1200,0.5000
11,6,0,constant_velocity,2,5.9626,0.4824
11,6,0,constant_velocity,4,5.7940,0.4620
11,6,0,constant_velocity,6,5.6115,0.4331
11,6,0,constant_velocity,8,5.4139,0.4147
11,6,0,constant_velocity,10,5.2142,0.4064
11,6,0,constant_velocity,12,5.0189,0.4130
11,6,0,constant_velocity,14,4.8076,0.4458
11,8,0,constant_velocity,0,6.1200,0.5000
11,8,0,constant_velocity,2,5.9522,0.4952
11,8,0,constant_velocity,4,5.7643,0.4822
11,8,0,constant_velocity,6,5.5727,0.4862
11,8,0,constant_velocity,8,5.3798,0.4997
11,8,0,constant_velocity,10,5.2012,0.5103
11,8,0,constant_velocity,12,5.0477,0.5193
11,8,0,constant_velocity,14,4.9105,0.5297
12,2,0,constant_velocity,0,6.0400,0.5000
12,2,0,constant_velocity,2,5.8886,0.4828
12,2,0,constant_velocity,4,5.7462,0.4551
12,2,0,constant_velocity,6,5.5923,0.4314
12,2,0,constant_velocity,8,5.4198,0.4029
12,2,0,constant_velocity,10,5.2376,0.3758
12,2,0,constant_velocity,12,5.0509,0.3425
12,2,0,constant_velocity,14,4.8662,0.3011
12,5,0,constant_velocity,0,6.0400,0.5000
12,5,0,constant_velocity,2,5.8726,0.4898
12,5,0,constant_velocity,4,5.7000,0.4713
12,5,0,constant_velocity,6,5.5166,0.4494
12,5,0,constant_velocity,8,5.3363,0.4207
12,5,0,constant_velocity,10,5.1452,0.3835
12,5,0,constant_velocity,12,4.9531,0.3290
12,5,0,constant_velocity,14,4.7641,0.2846
12,6,0,constant_velocity,0,6.0400,0.5000
12,6,0,constant_velocity,2,5.8685,0.5064
12,6,0,constant_velocity,4,5.6729,0.5146
12,6,0,constant_velocity,6,5.4594,0.5094
12,6,0,constant_velocity,8,5.2673,0.5082
12,6,0,constant_velocity,10,5.0933,0.5211
12,6,0,constant_velocity,12,4.9386,0.5222
12,6,0,constant_velocity,14,4.7862,0.5263
13,2,0,constant_velocity,0,5.9600,0.5000
13,2,0,constant_velocity,2,5.8300,0.5085
13,2,0,constant_velocity,4,5.7134,0.5170
13,2,0,constant_velocity,6,5.5950,0.5273
13,2,0,constant_velocity,8,5.4820,0.5302
13,2,0,constant_velocity,10,5.3544,0.5292
13,2,0,constant_velocity,12,5.2190,0.5179
13,2,0,constant_velocity,14,5.0949,0.4985
13,4,0,constant_velocity,0,5.9600,0.5000
13,4,0,constant_velocity,2,5.7942,0.4968
13,4,0,constant_velocity,4,5.6294,0.5117
13,4,0,constant_velocity,6,5.4765,0.5050
13,4,0,constant_velocity,8,5.3550,0.4816
13,4,0,constant_velocity,10,5.2504,0.4631
13,4,0,constant_velocity,12,5.1275,0.4392
13,4,0,constant_velocity,14,5.0145,0.4174
13,6,0,constant_velocity,0,5.9600,0.5000
13,6,0,constant_velocity,2,5.8002,0.4901
13,6,0,constant_velocity,4,5.6519,0.4815
13,6,0,constant_velocity,6,5.4909,0.4652
13,6,0,constant_velocity,8,5.3418,0.4282
13,6,0,constant_velocity,10,5.1946,0.3870
13,6,0,constant_velocity,12,5.0555,0.3409
13,6,0,constant_velocity,14,4.9139,0.2703
14,0,0,constant_velocity,0,5.8800,0.5000
14,0,0,constant_velocity,2,5.7273,0.4830
14,0,0,constant_velocity,4,5.5740,0.4382
14,0,0,constant_velocity,6,5.4215,0.4024
14,0,0,constant_velocity,8,5.2648,0.3773
14,0,0,constant_velocity,10,5.0972,0.3623
14,0,0,constant_velocity,12,4.9468,0.3580
14,0,0,constant_velocity,14,4.7947,0.3610
14,1,0,constant_velocity,0,5.8800,0.5000
14,1,0,constant_velocity,2,5.7189,0.4883
14,1,0,constant_velocity,4,5.5584,0.4647
14,1,0,constant_velocity,6,5.3864,0.4561
14,1,0,constant_velocity,8,5.2196,0.4560
14,1,0,constant_velocity,10,5.0462,0.4594
14,1,0,constant_velocity,12,4.8593,0.4440
14,1,0,constant_velocity,14,4.6678,0.4182
14,2,0,constant_velocity,0,5.8800,0.5000
14,2,0,constant_velocity,2,5.7180,0.4982
14,2,0,constant_velocity,4,5.5605,0.4892
14,2,0,constant_velocity,6,5.4117,0.4796
14,2,0,constant_velocity,8,5.2745,0.4576
14,2,0,constant_velocity,10,5.1395,0.4543
14,2,0,constant_velocity,12,4.9903,0.4725
14,2,0,constant_velocity,14,4.8526,0.4939
15,0,0,constant_velocity,0,5.8000,0.5000
15,0,0,constant_velocity,2,5.6334,0.4955
15,0,0,constant_velocity,4,5.4529,0.4983
15,0,0,constant_velocity,6,5.2787,0.4971
15,0,0,constant_velocity,8,5.1113,0.4949
15,0,0,constant_velocity,10,4.9624,0.4845
15,0,0,constant_velocity,12,4.8113,0.4623
15,0,0,constant_velocity,14,4.6564,0.4254
15,4,0,constant_velocity,0,5.8000,0.5000
15,4,0,constant_velocity,2,5.6404,0.4865
15,4,0,constant_velocity,4,5.4657,0.4648
15,4,0,constant_velocity,6,5.2871,0.4293
15,4,0,constant_velocity,8,5.1000,0.3927
15,4,0,constant_velocity,10,4.9017,0.3542
15,4,0,constant_velocity,12,4.7029,0.3102
15,4,0,constant_velocity,14,4.5040,0.2661
15,5,0,constant_velocity,0,5.8000,0.5000
15,5,0,constant_velocity,2,5.6363,0.5052
15,5,0,constant_velocity,4,5.4757,0.5086
15,5,0,constant_velocity,6,5.3118,0.5027
15,5,0,constant_velocity,8,5.1330,0.5023
15,5,0,constant_velocity,10,4.9593,0.4985
15,5,0,constant_velocity,12,4.7960,0.4728
15,5,0,constant_velocity,14,4.6443,0.4343
16,0,0,constant_velocity,0,5.7200,0.5000
16,0,0,constant_velocity,2,5.5467,0.4905
16,0,0,constant_velocity,4,5.3827,0.4690
16,0,0,constant_velocity,6,5.2403,0.4386
16,0,0,constant_velocity,8,5.1159,0.3998
16,0,0,constant_velocity,10,4.9944,0.3466
16,0,0,constant_velocity,12,4.8529,0.2903
16,0,0,constant_velocity,14,4.6960,0.2142
16,4,0,constant_velocity,0,5.7200,0.5000
16,4,0,constant_velocity,2,5.5613,0.5121
16,4,0,constant_velocity,4,5.4334,0.5313
16,4,0,constant_velocity,6,5.3221,0.5420
16,4,0,constant_velocity,8,5.2079,0.5372
16,4,0,constant_velocity,10,5.1054,0.5388
16,4,0,constant_velocity,12,5.0135,0.5542
16,4,0,constant_velocity,14,4.9269,0.5633
16,5,0,constant_velocity,0,5.7200,0.5000
16,5,0,constant_velocity,2,5.5681,0.4996
16,5,0,constant_velocity,4,5.4338,0.4786
16,5,0,constant_velocity,6,5.3044,0.4454
16,5,0,constant_velocity,8,5.1812,0.4289
16,5,0,constant_velocity,10,5.0645,0.4266
16,5,0,constant_velocity,12,4.9504,0.4255
16,5,0,constant_velocity,14,4.8249,0.3974
17,1,0,constant_velocity,0,5.6400,0.5000
17,1,0,constant_velocity,2,5.4766,0.4857
17,1,0,constant_velocity,4,5.3032,0.4437
17,1,0,constant_velocity,6,5.1333,0.3832
17,1,0,constant_velocity,8,4.9571,0.3120
17,1,0,constant_velocity,10,4.7751,0.2368
17,1,0,constant_velocity,12,4.5830,0.1590
17,1,0,constant_velocity,14,4.3980,0.0777
17,3,0,constant_velocity,0,5.6400,0.5000
17,3,0,constant_velocity,2,5.4836,0.4981
17,3,0,constant_velocity,4,5.3137,0.4776
17,3,0,constant_velocity,6,5.1315,0.4753
17,3,0,constant_velocity,8,4.9661,0.4821
17,3,0,constant_velocity,10,4.8066,0.4998
17,3,0,constant_velocity,12,4.6520,0.5232
17,3,0,constant_velocity,14,4.5179,0.5442
17,5,0,constant_velocity,0,5.6400,0.5000
17,5,0,constant_velocity,2,5.4906,0.4959
17,5,0,constant_velocity,4,5.3457,0.4896
17,5,0,constant_velocity,6,5.2076,0.4989
17,5,0,constant_velocity,8,5.0679,0.5230
17,5,0,constant_velocity,10,4.9142,0.5532
17,5,0,constant_velocity,12,4.7678,0.5971
17,5,0,constant_velocity,14,4.6330,0.6449
18,4,0,constant_velocity,0,5.5600,0.5000
18,4,0,constant_velocity,2,5.4084,0.5065
18,4,0,constant_velocity,4,5.2556,0.5147
18,4,0,constant_velocity,6,5.1248,0.5206
18,4,0,constant_velocity,8,5.0161,0.5256
18,4,0,constant_velocity,10,4.9053,0.5261
18,4,0,constant_velocity,12,4.8038,0.5314
18,4,0,constant_velocity,14,4.7017,0.5415
18,7,0,constant_velocity,0,5.5600,0.5000
18,7,0,constant_velocity,2,5.4105,0.4954
18,7,0,constant_velocity,4,5.2585,0.4819
18,7,0,constant_velocity,6,5.1159,0.4582
18,7,0,constant_velocity,8,4.9656,0.4353
18,7,0,constant_velocity,10,4.8098,0.4038
18,7,0,constant_velocity,12,4.6550,0.3750
18,7,0,constant_velocity,14,4.5045,0.3445
18,8,0,constant_velocity,0,5.5600,0.5000
18,8,0,constant_velocity,2,5.4143,0.4944
18,8,0,constant_velocity,4,5.2646,0.4932
18,8,0,constant_velocity,6,5.1008,0.4984
18,8,0,constant_velocity,8,4.9382,0.5176
18,8,0,constant_velocity,10,4.7611,0.5509
18,8,0,constant_velocity,12,4.5839,0.5836
18,8,0,constant_velocity,14,4.3915,0.6069
19,1,0,constant_velocity,0,5.4800,0.5000
19,1,0,constant_velocity,2,5.3354,0.5028
19,1,0,constant_velocity,4,5.2025,0.5144
19,1,0,constant_velocity,6,5.0698,0.5457
19,1,0,constant_velocity,8,4.9335,0.5813
19,1,0,constant_velocity,10,4.7887,0.5948
19,1,0,constant_velocity,12,4.6316,0.5824
19,1,0,constant_velocity,14,4.4641,0.5638
19,2,0,constant_velocity,0,5.4800,0.5000
19,2,0,constant_velocity,2,5.3229,0.4918
19,2,0,constant_velocity,4,5.1631,0.4798
19,2,0,constant_velocity,6,5.0142,0.4702
19,2,0,constant_velocity,8,4.8742,0.4631
19,2,0,constant_velocity,10,4.7184,0.4592
19,2,0,constant_velocity,12,4.5674,0.4364
19,2,0,constant_velocity,14,4.4243,0.3907
19,5,0,constant_velocity,0,5.4800,0.5000
19,5,0,constant_velocity,2,5.3229,0.4960
19,5,0,constant_velocity,4,5.1687,0.4796
19,5,0,constant_velocity,6,5.0156,0.4711
19,5,0,constant_velocity,8,4.8528,0.4697
19,5,0,constant_velocity,10,4.6682,0.4615
19,5,0,constant_velocity,12,4.4742,0.4551
19,5,0,constant_velocity,14,4.2795,0.4443
20,1,0,constant_velocity,0,5.4000,0.5000
20,1,0,constant_velocity,2,5.2358,0.4971
20,1,0,constant_velocity,4,5.0748,0.5033
20,1,0,constant_velocity,6,4.9409,0.5096
20,1,0,constant_velocity,8,4.8266,0.5140
20,1,0,constant_velocity,10,4.7286,0.5146
20,1,0,constant_velocity,12,4.6332,0.5130
20,1,0,constant_velocity,14,4.5315,0.5080
20,2,0,constant_velocity,0,5.4000,0.5000
20,2,0,constant_velocity,2,5.2413,0.4968
20,2,0,constant_velocity,4,5.0733,0.5181
20,2,0,constant_velocity,6,4.9185,0.5421
20,2,0,constant_velocity,8,4.7745,0.5542
20,2,0,constant_velocity,10,4.6471,0.5604
20,2,0,constant_velocity,12,4.5344,0.5720
20,2,0,constant_velocity,14,4.4408,0.5806
20,7,0,constant_velocity,0,5.4000,0.5000
20,7,0,constant_velocity,2,5.2493,0.4936
20,7,0,constant_velocity,4,5.1060,0.4572
20,7,0,constant_velocity,6,4.9574,0.4169
20,7,0,constant_velocity,8,4.8127,0.3780
20,7,0,constant_velocity,10,4.6627,0.3612
20,7,0,constant_velocity,12,4.5037,0.3586
20,7,0,constant_velocity,14,4.3403,0.3719
21,3,0,constant_velocity,0,5.3200,0.5000
21,3,0,constant_velocity,2,5.1703,0.4919
21,3,0,constant_velocity,4,5.0274,0.4868
21,3,0,constant_velocity,6,4.8929,0.4830
21,3,0,constant_velocity,8,4.7540,0.5041
21,3,0,constant_velocity,10,4.6037,0.5394
21,3,0,constant_velocity,12,4.4375,0.5710
21,3,0,constant_velocity,14,4.2771,0.5832
21,5,0,constant_velocity,0,5.3200,0.5000
21,5,0,constant_velocity,2,5.1725,0.4934
21,5,0,constant_velocity,4,5.0335,0.4917
21,5,0,constant_velocity,6,4.9170,0.4942
21,5,0,constant_velocity,8,4.7891,0.4696
21,5,0,constant_velocity,10,4.6413,0.4326
21,5,0,constant_velocity,12,4.4946,0.4037
21,5,0,constant_velocity,14,4.3452,0.3869
21,6,0,constant_velocity,0,5.3200,0.5000
21,6,0,constant_velocity,2,5.1647,0.4939
21,6,0,constant_velocity,4,5.0311,0.4852
21,6,0,constant_velocity,6,4.9239,0.4661
21,6,0,constant_velocity,8,4.8197,0.4321
21,6,0,constant_velocity,10,4.7064,0.3837
21,6,0,constant_velocity,12,4.5981,0.3295
21,6,0,constant_velocity,14,4.4744,0.2863
22,2,0,constant_velocity,0,5.2400,0.5000
22,2,0,constant_velocity,2,5.0866,0.4824
22,2,0,constant_velocity,4,4.9497,0.4464
22,2,0,constant_velocity,6,4.8302,0.3844
22,2,0,constant_velocity,8,4.7173,0.3078
22,2,0,constant_velocity,10,4.6200,0.2289
22,2,0,constant_velocity,12,4.5229,0.1469
22,2,0,constant_velocity,14,4.4341,0.0670
22,0,0,constant_velocity,0,5.2400,0.5000
22,0,0,constant_velocity,2,5.0786,0.5025
22,0,0,constant_velocity,4,4.9183,0.5042
22,0,0,constant_velocity,6,4.7647,0.5102
22,0,0,constant_velocity,8,4.6192,0.5067
22,0,0,constant_velocity,10,4.4872,0.4939
22,0,0,constant_velocity,12,4.3574,0.4807
22,0,0,constant_velocity,14,4.2175,0.4694
22,1,0,constant_velocity,0,5.2400,0.5000
22,1,0,constant_velocity,2,5.0828,0.4990
22,1,0,constant_velocity,4,4.9146,0.5053
22,1,0,constant_velocity,6,4.7410,0.5217
22,1,0,constant_velocity,8,4.5604,0.5356
22,1,0,constant_velocity,10,4.3703,0.5384
22,1,0,constant_velocity,12,4.1706,0.5416
22,1,0,constant_velocity,14,3.9744,0.5302
23,1,0,constant_velocity,0,5.1600,0.5000
23,1,0,constant_velocity,2,5.0141,0.4994
23,1,0,constant_velocity,4,4.8872,0.4998
23,1,0,constant_velocity,6,4.7674,0.5026
23,1,0,constant_velocity,8,4.6514,0.5201
23,1,0,constant_velocity,10,4.5365,0.5370
23,1,0,constant_velocity,12,4.4335,0.5622
23,1,0,constant_velocity,14,4.3475,0.5804
23,8,0,constant_velocity,0,5.1600,0.5000
23,8,0,constant_velocity,2,5.0105,0.4955
23,8,0,constant_velocity,4,4.8831,0.4792
23,8,0,constant_velocity,6,4.7789,0.4669
23,8,0,constant_velocity,8,4.6790,0.4481
23,8,0,constant_velocity,10,4.5864,0.4410
23,8,0,constant_velocity,12,4.5039,0.4192
23,8,0,constant_velocity,14,4.4134,0.3974
23,11,0,constant_velocity,0,5.1600,0.5000
23,11,0,constant_velocity,2,5.0120,0.4955
23,11,0,constant_velocity,4,4.8814,0.5056
23,11,0,constant_velocity,6,4.7616,0.5351
23,11,0,constant_velocity,8,4.6466,0.5538
23,11,0,constant_velocity,10,4.5243,0.5660
23,11,0,constant_velocity,12,4.3997,0.5880
23,11,0,constant_velocity,14,4.2523,0.6177
24,2,0,constant_velocity,0,5.0800,0.5000
24,2,0,constant_velocity,2,4.9310,0.4898
24,2,0,constant_velocity,4,4.7991,0.4804
24,2,0,constant_velocity,6,4.6684,0.4862
24,2,0,constant_velocity,8,4.5372,0.4977
24,2,0,constant_velocity,10,4.4267,0.5120
24,2,0,constant_velocity,12,4.3241,0.5324
24,2,0,constant_velocity,14,4.2044,0.5272
24,9,0,constant_velocity,0,5.0800,0.5000
24,9,0,constant_velocity,2,4.9306,0.5095
24,9,0,constant_velocity,4,4.8124,0.5120
24,9,0,constant_velocity,6,4.7144,0.5076
24,9,0,constant_velocity,8,4.6220,0.5199
24,9,0,constant_velocity,10,4.5222,0.5397
24,9,0,constant_velocity,12,4.4177,0.5704
24,9,0,constant_velocity,14,4.3035,0.6036
24,0,0,constant_velocity,0,5.0800,0.5000
24,0,0,constant_velocity,2,4.9155,0.5002
24,0,0,constant_velocity,4,4.7385,0.5080
24,0,0,constant_velocity,6,4.5553,0.5153
24,0,0,constant_velocity,8,4.3716,0.5352
24,0,0,constant_velocity,10,4.1756,0.5697
24,0,0,constant_velocity,12,3.9646,0.6264
24,0,0,constant_velocity,14,3.7505,0.6824
25,3,0,constant_velocity,0,5.0000,0.5000
25,3,0,constant_velocity,2,4.8474,0.5082
25,3,0,constant_velocity,4,4.7169,0.5067
25,3,0,constant_velocity,6,4.5821,0.5009
25,3,0,constant_velocity,8,4.4272,0.4975
25,3,0,constant_velocity,10,4.2782,0.4912
25,3,0,constant_velocity,12,4.1304,0.4909
25,3,0,constant_velocity,14,3.9744,0.4994
25,6,0,constant_velocity,0,5.0000,0.5000
25,6,0,constant_velocity,2,4.8476,0.4946
25,6,0,constant_velocity,4,4.7205,0.5027
25,6,0,constant_velocity,6,4.5935,0.5185
25,6,0,constant_velocity,8,4.4785,0.5414
25,6,0,constant_velocity,10,4.3492,0.5847
25,6,0,constant_velocity,12,4.2183,0.6198
25,6,0,constant_velocity,14,4.0952,0.6716
25,10,0,constant_velocity,0,5.0000,0.5000
25,10,0,constant_velocity,2,4.8440,0.4983
25,10,0,constant_velocity,4,4.6988,0.4869
25,10,0,constant_velocity,6,4.5577,0.4691
25,10,0,constant_velocity,8,4.4318,0.4411
25,10,0,constant_velocity,10,4.3095,0.4161
25,10,0,constant_velocity,12,4.1914,0.4163
25,10,0,constant_velocity,14,4.1085,0.4309
26,0,0,constant_velocity,0,4.9200,0.5000
26,0,0,constant_velocity,2,4.7608,0.4940
26,0,0,constant_velocity,4,4.6271,0.4900
26,0,0,constant_velocity,6,4.5091,0.4944
26,0,0,constant_velocity,8,4.3992,0.5095
26,0,0,constant_velocity,10,4.2920,0.5089
26,0,0,constant_velocity,12,4.1814,0.4968
26,0,0,constant_velocity,14,4.0705,0.4681
26,4,0,constant_velocity,0,4.9200,0.5000
26,4,0,constant_velocity,2,4.7605,0.5016
26,4,0,constant_velocity,4,4.6279,0.4998
26,4,0,constant_velocity,6,4.5183,0.4965
26,4,0,constant_velocity,8,4.4093,0.4973
26,4,0,constant_velocity,10,4.2946,0.5024
26,4,0,constant_velocity,12,4.1755,0.5272
26,4,0,constant_velocity,14,4.0314,0.5377
26,8,0,constant_velocity,0,4.9200,0.5000
26,8,0,constant_velocity,2,4.7608,0.4931
26,8,0,constant_velocity,4,4.5971,0.4884
26,8,0,constant_velocity,6,4.4336,0.5049
26,8,0,constant_velocity,8,4.2750,0.5203
26,8,0,constant_velocity,10,4.0965,0.5343
26,8,0,constant_velocity,12,3.9168,0.5462
26,8,0,constant_velocity,14,3.7591,0.5403
27,1,0,constant_velocity,0,4.8400,0.5000
27,1,0,constant_velocity,2,4.6895,0.5003
27,1,0,constant_velocity,4,4.5512,0.4852
27,1,0,constant_velocity,6,4.4082,0.4564
27,1,0,constant_velocity,8,4.2519,0.4243
27,1,0,constant_velocity,10,4.0901,0.4050
27,1,0,constant_velocity,12,3.9295,0.3842
27,1,0,constant_velocity,14,3.7820,0.3582
27,2,0,constant_velocity,0,4.8400,0.5000
27,2,0,constant_velocity,2,4.6864,0.4876
27,2,0,constant_velocity,4,4.5290,0.4624
27,2,0,constant_velocity,6,4.3780,0.4398
27,2,0,constant_velocity,8,4.2331,0.4162
27,2,0,constant_velocity,10,4.0790,0.3951
27,2,0,constant_velocity,12,3.9230,0.3823
27,2,0,constant_velocity,14,3.7658,0.3859
27,3,0,constant_velocity,0,4.8400,0.5000
27,3,0,constant_velocity,2,4.6932,0.5029
27,3,0,constant_velocity,4,4.5518,0.4940
27,3,0,constant_velocity,6,4.4033,0.4634
27,3,0,constant_velocity,8,4.2604,0.4243
27,3,0,constant_velocity,10,4.1337,0.3869
27,3,0,constant_velocity,12,4.0171,0.3326
27,3,0,constant_velocity,14,3.9084,0.2753
28,3,0,constant_velocity,0,4.7600,0.5000
28,3,0,constant_velocity,2,4.5964,0.5020
28,3,0,constant_velocity,4,4.4430,0.5280
28,3,0,constant_velocity,6,4.3184,0.5732
28,3,0,constant_velocity,8,4.1967,0.6216
28,3,0,constant_velocity,10,4.0831,0.6760
28,3,0,constant_velocity,12,3.9912,0.7286
28,3,0,constant_velocity,14,3.8907,0.7653
28,7,0,constant_velocity,0,4.7600,0.5000
28,7,0,constant_velocity,2,4.6039,0.4871
28,7,0,constant_velocity,4,4.4558,0.4673
28,7,0,constant_velocity,6,4.2906,0.4461
28,7,0,constant_velocity,8,4.1370,0.4057
28,7,0,constant_velocity,10,3.9636,0.3318
28,7,0,constant_velocity,12,3.7763,0.2678
28,7,0,constant_velocity,14,3.6027,0.2083
28,9,0,constant_velocity,0,4.7600,0.5000
28,9,0,constant_velocity,2,4.6064,0.4845
28,9,0,constant_velocity,4,4.4531,0.4589
28,9,0,constant_velocity,6,4.2979,0.4289
28,9,0,constant_velocity,8,4.1249,0.3816
28,9,0,constant_velocity,10,3.9479,0.3205
28,9,0,constant_velocity,12,3.7504,0.2546
28,9,0,constant_velocity,14,3.5555,0.2063
29,1,0,constant_velocity,0,4.6800,0.5000
29,1,0,constant_velocity,2,4.5303,0.5010
29,1,0,constant_velocity,4,4.3927,0.5164
29,1,0,constant_velocity,6,4.2484,0.5408
29,1,0,constant_velocity,8,4.0899,0.5672
29,1,0,constant_velocity,10,3.9293,0.6118
29,1,0,constant_velocity,12,3.7711,0.6612
29,1,0,constant_velocity,14,3.6345,0.7246
29,2,0,constant_velocity,0,4.6800,0.5000
29,2,0,constant_velocity,2,4.5177,0.4895
29,2,0,constant_velocity,4,4.3541,0.4639
29,2,0,constant_velocity,6,4.1914,0.4290
29,2,0,constant_velocity,8,4.0439,0.3988
29,2,0,constant_velocity,10,3.8895,0.3677
29,2,0,constant_velocity,12,3.7207,0.3390
29,2,0,constant_velocity,14,3.5311,0.3026
29,6,0,constant_velocity,0,4.6800,0.5000
29,6,0,constant_velocity,2,4.5246,0.4988
29,6,0,constant_velocity,4,4.3840,0.4870
29,6,0,constant_velocity,6,4.2498,0.4702
29,6,0,constant_velocity,8,4.1146,0.4412
29,6,0,constant_velocity,10,3.9844,0.4173
29,6,0,constant_velocity,12,3.8791,0.3832
29,6,0,constant_velocity,14,3.7860,0.3410
30,0,0,constant_velocity,0,4.6000,0.5000
30,0,0,constant_velocity,2,4.4474,0.4874
30,0,0,constant_velocity,4,4.2902,0.4680
30,0,0,constant_velocity,6,4.1440,0.4516
30,0,0,constant_velocity,8,4.0112,0.4207
30,0,0,constant_velocity,10,3.8831,0.3819
30,0,0,constant_velocity,12,3.7481,0.3485
30,0,0,constant_velocity,14,3.6224,0.3095
30,5,0,constant_velocity,0,4.6000,0.5000
30,5,0,constant_velocity,2,4.4465,0.5010
30,5,0,constant_velocity,4,4.3090,0.5037
30,5,0,constant_velocity,6,4.1827,0.5137
30,5,0,constant_velocity,8,4.0500,0.5240
30,5,0,constant_velocity,10,3.9076,0.5532
30,5,0,constant_velocity,12,3.7490,0.5994
30,5,0,constant_velocity,14,3.5660,0.6359
30,13,0,constant_velocity,0,4.6000,0.5000
30,13,0,constant_velocity,2,4.4465,0.4846
30,13,0,constant_velocity,4,4.3037,0.4496
30,13,0,constant_velocity,6,4.1541,0.3983
30,13,0,constant_velocity,8,4.0130,0.3466
30,13,0,constant_velocity,10,3.8694,0.2829
30,13,0,constant_velocity,12,3.7392,0.2272
30,13,0,constant_velocity,14,3.6115,0.1509
31,1,0,constant_velocity,0,4.5200,0.5000
31,1,0,constant_velocity,2,4.3724,0.5104
31,1,0,constant_velocity,4,4.2337,0.5448
31,1,0,constant_velocity,6,4.0900,0.5775
31,1,0,constant_velocity,8,3.9564,0.6088
31,1,0,constant_velocity,10,3.8108,0.6297
31,1,0,constant_velocity,12,3.6671,0.6444
31,1,0,constant_velocity,14,3.5219,0.6585
31,2,0,constant_velocity,0,4.5200,0.5000
31,2,0,constant_velocity,2,4.3655,0.4795
31,2,0,constant_velocity,4,4.2042,0.4520
31,2,0,constant_velocity,6,4.0481,0.4238
31,2,0,constant_velocity,8,3.9020,0.3847
31,2,0,constant_velocity,10,3.7578,0.3623
31,2,0,constant_velocity,12,3.6138,0.3597
31,2,0,constant_velocity,14,3.4604,0.3575
31,7,0,constant_velocity,0,4.5200,0.5000
31,7,0,constant_velocity,2,4.3713,0.4926
31,7,0,constant_velocity,4,4.2250,0.4847
31,7,0,constant_velocity,6,4.0811,0.4654
31,7,0,constant_velocity,8,3.9206,0.4453
31,7,0,constant_velocity,10,3.7590,0.4136
31,7,0,constant_velocity,12,3.5986,0.3853
31,7,0,constant_velocity,14,3.4212,0.3599
32,1,0,constant_velocity,0,4.4400,0.5000
32,1,0,constant_velocity,2,4.2843,0.5102
32,1,0,constant_velocity,4,4.1502,0.5402
32,1,0,constant_velocity,6,4.0198,0.5723
32,1,0,constant_velocity,8,3.8924,0.6252
32,1,0,constant_velocity,10,3.7537,0.6809
32,1,0,constant_velocity,12,3.6213,0.7358
32,1,0,constant_velocity,14,3.4795,0.7848
32,3,0,constant_velocity,0,4.4400,0.5000
32,3,0,constant_velocity,2,4.2828,0.4851
32,3,0,constant_velocity,4,4.1148,0.4792
32,3,0,constant_velocity,6,3.9407,0.4722
32,3,0,constant_velocity,8,3.7742,0.4555
32,3,0,constant_velocity,10,3.5986,0.4298
32,3,0,constant_velocity,12,3.4036,0.3997
32,3,0,constant_velocity,14,3.2061,0.3680
32,4,0,constant_velocity,0,4.4400,0.5000
32,4,0,constant_velocity,2,4.2822,0.4914
32,4,0,constant_velocity,4,4.1352,0.4720
32,4,0,constant_velocity,6,4.0062,0.4634
32,4,0,constant_velocity,8,3.8798,0.4495
32,4,0,constant_velocity,10,3.7520,0.4566
32,4,0,constant_velocity,12,3.6143,0.4678
32,4,0,constant_velocity,14,3.4620,0.4695
33,2,0,constant_velocity,0,4.3600,0.5000
33,2,0,constant_velocity,2,4.2057,0.5003
33,2,0,constant_velocity,4,4.0462,0.4985
33,2,0,constant_velocity,6,3.9096,0.4872
33,2,0,constant_velocity,8,3.7863,0.4901
33,2,0,constant_velocity,10,3.6827,0.4894
33,2,0,constant_velocity,12,3.5989,0.4896
33,2,0,constant_velocity,14,3.5050,0.4893
33,4,0,constant_velocity,0,4.3600,0.5000
33,4,0,constant_velocity,2,4.2064,0.4962
33,4,0,constant_velocity,4,4.0493,0.4958
33,4,0,constant_velocity,6,3.8966,0.4847
33,4,0,constant_velocity,8,3.7349,0.4665
33,4,0,constant_velocity,10,3.5647,0.4379
33,4,0,constant_velocity,12,3.3952,0.4135
33,4,0,constant_velocity,14,3.2310,0.3938
33,10,0,constant_velocity,0,4.3600,0.5000
33,10,0,constant_velocity,2,4.2072,0.5021
33,10,0,constant_velocity,4,4.0707,0.5174
33,10,0,constant_velocity,6,3.9241,0.5435
33,10,0,constant_velocity,8,3.7866,0.5752
33,10,0,constant_velocity,10,3.6556,0.6224
33,10,0,constant_velocity,12,3.5289,0.6648
33,10,0,constant_velocity,14,3.4132,0.7134
34,11,0,constant_velocity,0,4.2800,0.5000
34,11,0,constant_velocity,2,4.1247,0.4902
34,11,0,constant_velocity,4,3.9752,0.4938
34,11,0,constant_velocity,6,3.8413,0.5133
34,11,0,constant_velocity,8,3.7166,0.5502
34,11,0,constant_velocity,10,3.6055,0.5699
34,11,0,constant_velocity,12,3.4888,0.5881
34,11,0,constant_velocity,14,3.3555,0.6159
34,0,0,constant_velocity,0,4.2800,0.5000
34,0,0,constant_velocity,2,4.1121,0.5066
34,0,0,constant_velocity,4,3.9438,0.5151
34,0,0,constant_velocity,6,3.7762,0.5350
34,0,0,constant_velocity,8,3.6095,0.5501
34,0,0,constant_velocity,10,3.4557,0.5569
34,0,0,constant_velocity,12,3.3073,0.5555
34,0,0,constant_velocity,14,3.1587,0.5456
34,1,0,constant_velocity,0,4.2800,0.5000
34,1,0,constant_velocity,2,4.1214,0.5068
34,1,0,constant_velocity,4,3.9551,0.5326
34,1,0,constant_velocity,6,3.7922,0.5665
34,1,0,constant_velocity,8,3.6320,0.5956
34,1,0,constant_velocity,10,3.4665,0.6229
34,1,0,constant_velocity,12,3.3082,0.6383
34,1,0,constant_velocity,14,3.1612,0.6513
35,7,0,constant_velocity,0,4.2000,0.5000
35,7,0,constant_velocity,2,4.0394,0.5002
35,7,0,constant_velocity,4,3.8935,0.4806
35,7,0,constant_velocity,6,3.7582,0.4601
35,7,0,constant_velocity,8,3.6224,0.4366
35,7,0,constant_velocity,10,3.4859,0.3941
35,7,0,constant_velocity,12,3.3274,0.3601
35,7,0,constant_velocity,14,3.1543,0.3445
35,11,0,constant_velocity,0,4.2000,0.5000
35,11,0,constant_velocity,2,4.0394,0.5047
35,11,0,constant_velocity,4,3.8718,0.5082
35,11,0,constant_velocity,6,3.7066,0.5120
35,11,0,constant_velocity,8,3.5484,0.5344
35,11,0,constant_velocity,10,3.4022,0.5643
35,11,0,constant_velocity,12,3.2499,0.5802
35,11,0,constant_velocity,14,3.0952,0.6012
35,13,0,constant_velocity,0,4.2000,0.5000
35,13,0,constant_velocity,2,4.0467,0.5078
35,13,0,constant_velocity,4,3.8902,0.5016
35,13,0,constant_velocity,6,3.7344,0.4918
35,13,0,constant_velocity,8,3.5708,0.4837
35,13,0,constant_velocity,10,3.4036,0.4674
35,13,0,constant_velocity,12,3.2192,0.4483
35,13,0,constant_velocity,14,3.0428,0.4233
36,1,0,constant_velocity,0,4.1200,0.5000
36,1,0,constant_velocity,2,3.9671,0.5029
36,1,0,constant_velocity,4,3.8301,0.4929
36,1,0,constant_velocity,6,3.6856,0.4629
36,1,0,constant_velocity,8,3.5265,0.4103
36,1,0,constant_velocity,10,3.3597,0.3383
36,1,0,constant_velocity,12,3.1957,0.2589
36,1,0,constant_velocity,14,3.0519,0.1831
36,2,0,constant_velocity,0,4.1200,0.5000
36,2,0,constant_velocity,2,3.9709,0.4811
36,2,0,constant_velocity,4,3.8183,0.4466
36,2,0,constant_velocity,6,3.6704,0.4034
36,2,0,constant_velocity,8,3.5051,0.3422
36,2,0,constant_velocity,10,3.3332,0.3055
36,2,0,constant_velocity,12,3.1640,0.2642
36,2,0,constant_velocity,14,3.0100,0.2182
36,3,0,constant_velocity,0,4.1200,0.5000
36,3,0,constant_velocity,2,3.9651,0.4956
36,3,0,constant_velocity,4,3.8143,0.4986
36,3,0,constant_velocity,6,3.6774,0.5019
36,3,0,constant_velocity,8,3.5471,0.5009
36,3,0,constant_velocity,10,3.4171,0.4936
36,3,0,constant_velocity,12,3.3062,0.4883
36,3,0,constant_velocity,14,3.2057,0.4886
37,6,0,constant_velocity,0,4.0400,0.5000
37,6,0,constant_velocity,2,3.8866,0.5079
37,6,0,constant_velocity,4,3.7606,0.5142
37,6,0,constant_velocity,6,3.6397,0.5123
37,6,0,constant_velocity,8,3.5336,0.5030
37,6,0,constant_velocity,10,3.4265,0.5232
37,6,0,constant_velocity,12,3.3274,0.5487
37,6,0,constant_velocity,14,3.2063,0.5625
37,12,0,constant_velocity,0,4.0400,0.5000
37,12,0,constant_velocity,2,3.8878,0.5090
37,12,0,constant_velocity,4,3.7160,0.5277
37,12,0,constant_velocity,6,3.5512,0.5291
37,12,0,constant_velocity,8,3.3610,0.5326
37,12,0,constant_velocity,10,3.1598,0.5552
37,12,0,constant_velocity,12,2.9645,0.5893
37,12,0,constant_velocity,14,2.7705,0.6105
37,13,0,constant_velocity,0,4.0400,0.5000
37,13,0,constant_velocity,2,3.8882,0.4860
37,13,0,constant_velocity,4,3.7384,0.4635
37,13,0,constant_velocity,6,3.5753,0.4449
37,13,0,constant_velocity,8,3.4251,0.4417
37,13,0,constant_velocity,10,3.2690,0.4537
37,13,0,constant_velocity,12,3.1077,0.4682
37,13,0,constant_velocity,14,2.9557,0.4707
38,8,0,constant_velocity,0,3.9600,0.5000
38,8,0,constant_velocity,2,3.8201,0.5042
38,8,0,constant_velocity,4,3.7123,0.5108
38,8,0,constant_velocity,6,3.6282,0.4956
38,8,0,constant_velocity,8,3.5570,0.4497
38,8,0,constant_velocity,10,3.4946,0.4006
38,8,0,constant_velocity,12,3.4258,0.3406
38,8,0,constant_velocity,14,3.3519,0.2786
38,0,0,constant_velocity,0,3.9600,0.5000
38,0,0,constant_velocity,2,3.7972,0.4963
38,0,0,constant_velocity,4,3.6263,0.4886
38,0,0,constant_velocity,6,3.4485,0.4945
38,0,0,constant_velocity,8,3.2677,0.5049
38,0,0,constant_velocity,10,3.0820,0.5083
38,0,0,constant_velocity,12,2.8829,0.5087
38,0,0,constant_velocity,14,2.6681,0.5126
38,1,0,constant_velocity,0,3.9600,0.5000
38,1,0,constant_velocity,2,3.8101,0.5127
38,1,0,constant_velocity,4,3.6562,0.5422
38,1,0,constant_velocity,6,3.4900,0.5935
38,1,0,constant_velocity,8,3.3093,0.6445
38,1,0,constant_velocity,10,3.1249,0.6785
38,1,0,constant_velocity,12,2.9360,0.7058
38,1,0,constant_velocity,14,2.7371,0.7357
39,1,0,constant_velocity,0,3.8800,0.5000
39,1,0,constant_velocity,2,3.7330,0.4967
39,1,0,constant_velocity,4,3.6009,0.5008
39,1,0,constant_velocity,6,3.4891,0.5167
39,1,0,constant_velocity,8,3.3740,0.5399
39,1,0,constant_velocity,10,3.2510,0.5625
39,1,0,constant_velocity,12,3.1253,0.5693
39,1,0,constant_velocity,14,2.9926,0.5837
39,0,0,constant_velocity,0,3.8800,0.5000
39,0,0,constant_velocity,2,3.7315,0.4915
39,0,0,constant_velocity,4,3.6064,0.4751
39,0,0,constant_velocity,6,3.4947,0.4573
39,0,0,constant_velocity,8,3.3825,0.4432
39,0,0,constant_velocity,10,3.2637,0.4542
39,0,0,constant_velocity,12,3.1461,0.4773
39,0,0,constant_velocity,14,3.0259,0.5106
39,1,0,constant_velocity,0,3.8800,0.5000
39,1,0,constant_velocity,2,3.7103,0.4983
39,1,0,constant_velocity,4,3.5425,0.4909
39,1,0,constant_velocity,6,3.3762,0.4687
39,1,0,constant_velocity,8,3.2031,0.4450
39,1,0,constant_velocity,10,3.0122,0.4144
39,1,0,constant_velocity,12,2.7858,0.3832
39,1,0,constant_velocity,14,2.5323,0.3284
40,3,0,constant_velocity,0,3.8000,0.5000
40,3,0,constant_velocity,2,3.6502,0.4978
40,3,0,constant_velocity,4,3.5129,0.4774
40,3,0,constant_velocity,6,3.3727,0.4421
40,3,0,constant_velocity,8,3.2274,0.4106
40,3,0,constant_velocity,10,3.0824,0.3664
40,3,0,constant_velocity,12,2.9433,0.3271
40,3,0,constant_velocity,14,2.8260,0.2773
40,6,0,constant_velocity,0,3.8000,0.5000
40,6,0,constant_velocity,2,3.6506,0.4936
40,6,0,constant_velocity,4,3.5079,0.4934
40,6,0,constant_velocity,6,3.3943,0.4968
40,6,0,constant_velocity,8,3.2774,0.5084
40,6,0,constant_velocity,10,3.1524,0.5464
40,6,0,constant_velocity,12,3.0130,0.6125
40,6,0,constant_velocity,14,2.8727,0.6810
40,11,0,constant_velocity,0,3.8000,0.5000
40,11,0,constant_velocity,2,3.6569,0.5034
40,11,0,constant_velocity,4,3.5119,0.5102
40,11,0,constant_velocity,6,3.3620,0.5222
40,11,0,constant_velocity,8,3.2092,0.5412
40,11,0,constant_velocity,10,3.0599,0.5607
40,11,0,constant_velocity,12,2.9008,0.5915
40,11,0,constant_velocity,14,2.7376,0.6212
41,7,0,constant_velocity,0,3.7200,0.5000
41,7,0,constant_velocity,2,3.5647,0.5012
41,7,0,constant_velocity,4,3.4116,0.4875
41,7,0,constant_velocity,6,3.2629,0.4659
41,7,0,constant_velocity,8,3.1008,0.4365
41,7,0,constant_velocity,10,2.9372,0.4091
41,7,0,constant_velocity,12,2.7708,0.3967
41,7,0,constant_velocity,14,2.5979,0.3907
41,11,0,constant_velocity,0,3.7200,0.5000
41,11,0,constant_velocity,2,3.5658,0.4927
41,11,0,constant_velocity,4,3.4237,0.4725
41,11,0,constant_velocity,6,3.2845,0.4454
41,11,0,constant_velocity,8,3.1373,0.4291
41,11,0,constant_velocity,10,2.9904,0.4132
41,11,0,constant_velocity,12,2.8621,0.3992
41,11,0,constant_velocity,14,2.7375,0.3901
41,13,0,constant_velocity,0,3.7200,0.5000
41,13,0,constant_velocity,2,3.5775,0.5046
41,13,0,constant_velocity,4,3.4365,0.5118
41,13,0,constant_velocity,6,3.2852,0.5319
41,13,0,constant_velocity,8,3.1196,0.5738
41,13,0,constant_velocity,10,2.9260,0.6128
41,13,0,constant_velocity,12,2.7515,0.6428
41,13,0,constant_velocity,14,2.5933,0.6725
42,0,0,constant_velocity,0,3.6400,0.5000
42,0,0,constant_velocity,2,3.4866,0.5056
42,0,0,constant_velocity,4,3.3536,0.5255
42,0,0,constant_velocity,6,3.2300,0.5487
42,0,0,constant_velocity,8,3.1110,0.5739
42,0,0,constant_velocity,10,2.9800,0.5889
42,0,0,constant_velocity,12,2.8415,0.6128
42,0,0,constant_velocity,14,2.7119,0.6231
42,2,0,constant_velocity,0,3.6400,0.5000
42,2,0,constant_velocity,2,3.4859,0.5064
42,2,0,constant_velocity,4,3.3427,0.5192
42,2,0,constant_velocity,6,3.2043,0.5367
42,2,0,constant_velocity,8,3.0664,0.5639
42,2,0,constant_velocity,10,2.9262,0.5919
42,2,0,constant_velocity,12,2.7896,0.6063
42,2,0,constant_velocity,14,2.6557,0.6349
42,3,0,constant_velocity,0,3.6400,0.5000
42,3,0,constant_velocity,2,3.4942,0.4943
42,3,0,constant_velocity,4,3.3608,0.4868
42,3,0,constant_velocity,6,3.2204,0.4817
42,3,0,constant_velocity,8,3.0701,0.4723
42,3,0,constant_velocity,10,2.9160,0.4651
42,3,0,constant_velocity,12,2.7492,0.4703
42,3,0,constant_velocity,14,2.5585,0.4737
43,3,0,constant_velocity,0,3.5600,0.5000
43,3,0,constant_velocity,2,3.4068,0.4925
43,3,0,constant_velocity,4,3.2621,0.4912
43,3,0,constant_velocity,6,3.1189,0.5009
43,3,0,constant_velocity,8,2.9811,0.5141
43,3,0,constant_velocity,10,2.8383,0.5365
43,3,0,constant_velocity,12,2.7007,0.5718
43,3,0,constant_velocity,14,2.5694,0.6164
43,6,0,constant_velocity,0,3.5600,0.5000
43,6,0,constant_velocity,2,3.4074,0.4882
43,6,0,constant_velocity,4,3.2567,0.4620
43,6,0,constant_velocity,6,3.1256,0.4353
43,6,0,constant_velocity,8,3.0052,0.4244
43,6,0,constant_velocity,10,2.9005,0.4189
43,6,0,constant_velocity,12,2.8133,0.4052
43,6,0,constant_velocity,14,2.7315,0.3777
43,11,0,constant_velocity,0,3.5600,0.5000
43,11,0,constant_velocity,2,3.4110,0.5050
43,11,0,constant_velocity,4,3.2615,0.5019
43,11,0,constant_velocity,6,3.0992,0.4903
43,11,0,constant_velocity,8,2.9123,0.4798
43,11,0,constant_velocity,10,2.7217,0.4824
43,11,0,constant_velocity,12,2.5247,0.4946
43,11,0,constant_velocity,14,2.3024,0.4922
44,2,0,constant_velocity,0,3.4800,0.5000
44,2,0,constant_velocity,2,3.3286,0.4938
44,2,0,constant_velocity,4,3.1825,0.4812
44,2,0,constant_velocity,6,3.0217,0.4655
44,2,0,constant_velocity,8,2.8765,0.4459
44,2,0,constant_velocity,10,2.7350,0.4398
44,2,0,constant_velocity,12,2.5853,0.4179
44,2,0,constant_velocity,14,2.4344,0.3857
44,5,0,constant_velocity,0,3.4800,0.5000
44,5,0,constant_velocity,2,3.3187,0.5164
44,5,0,constant_velocity,4,3.1705,0.5450
44,5,0,constant_velocity,6,3.0516,0.5767
44,5,0,constant_velocity,8,2.9407,0.6133
44,5,0,constant_velocity,10,2.8380,0.6451
44,5,0,constant_velocity,12,2.7346,0.6959
44,5,0,constant_velocity,14,2.6226,0.7612
44,6,0,constant_velocity,0,3.4800,0.5000
44,6,0,constant_velocity,2,3.3238,0.4945
44,6,0,constant_velocity,4,3.1577,0.4932
44,6,0,constant_velocity,6,2.9825,0.4757
44,6,0,constant_velocity,8,2.7787,0.4516
44,6,0,constant_velocity,10,2.5815,0.4220
44,6,0,constant_velocity,12,2.3824,0.4029
44,6,0,constant_velocity,14,2.1768,0.3871
45,0,0,constant_velocity,0,3.4000,0.5000
45,0,0,constant_velocity,2,3.2444,0.5046
45,0,0,constant_velocity,4,3.0859,0.5167
45,0,0,constant_velocity,6,2.9138,0.5479
45,0,0,constant_velocity,8,2.7504,0.5949
45,0,0,constant_velocity,10,2.6022,0.6301
45,0,0,constant_velocity,12,2.4532,0.6615
45,0,0,constant_velocity,14,2.3064,0.6995
45,3,0,constant_velocity,0,3.4000,0.5000
45,3,0,constant_velocity,2,3.2405,0.4840
45,3,0,constant_velocity,4,3.0888,0.4687
45,3,0,constant_velocity,6,2.9449,0.4644
45,3,0,constant_velocity,8,2.8043,0.4591
45,3,0,constant_velocity,10,2.6904,0.4546
45,3,0,constant_velocity,12,2.5851,0.4452
45,3,0,constant_velocity,14,2.4785,0.4333
45,4,0,constant_velocity,0,3.4000,0.5000
45,4,0,constant_velocity,2,3.2402,0.4868
45,4,0,constant_velocity,4,3.0881,0.4654
45,4,0,constant_velocity,6,2.9458,0.4386
45,4,0,constant_velocity,8,2.7895,0.4161
45,4,0,constant_velocity,10,2.6242,0.3934
45,4,0,constant_velocity,12,2.4531,0.3639
45,4,0,constant_velocity,14,2.2833,0.3030
46,7,0,constant_velocity,0,3.3200,0.5000
46,7,0,constant_velocity,2,3.1791,0.4975
46,7,0,constant_velocity,4,3.0351,0.4899
46,7,0,constant_velocity,6,2.8865,0.4995
46,7,0,constant_velocity,8,2.7524,0.5230
46,7,0,constant_velocity,10,2.6171,0.5382
46,7,0,constant_velocity,12,2.5139,0.5344
46,7,0,constant_velocity,14,2.4341,0.5402
46,9,0,constant_velocity,0,3.3200,0.5000
46,9,0,constant_velocity,2,3.1784,0.4992
46,9,0,constant_velocity,4,3.0349,0.5072
46,9,0,constant_velocity,6,2.8895,0.5126
46,9,0,constant_velocity,8,2.7525,0.5455
46,9,0,constant_velocity,10,2.6262,0.5855
46,9,0,constant_velocity,12,2.5009,0.6339
46,9,0,constant_velocity,14,2.3697,0.6754
46,13,0,constant_velocity,0,3.3200,0.5000
46,13,0,constant_velocity,2,3.1713,0.4899
46,13,0,constant_velocity,4,3.0459,0.4726
46,13,0,constant_velocity,6,2.9387,0.4674
46,13,0,constant_velocity,8,2.8427,0.4564
46,13,0,constant_velocity,10,2.7632,0.4547
46,13,0,constant_velocity,12,2.6804,0.4628
46,13,0,constant_velocity,14,2.5954,0.4714
47,0,0,constant_velocity,0,3.2400,0.5000
47,0,0,constant_velocity,2,3.0915,0.5023
47,0,0,constant_velocity,4,2.9435,0.4967
47,0,0,constant_velocity,6,2.8119,0.4655
47,0,0,constant_velocity,8,2.6920,0.4120
47,0,0,constant_velocity,10,2.5785,0.3479
47,0,0,constant_velocity,12,2.4777,0.2745
47,0,0,constant_velocity,14,2.3821,0.2170
47,1,0,constant_velocity,0,3.2400,0.5000
47,1,0,constant_velocity,2,3.0737,0.4965
47,1,0,constant_velocity,4,2.9186,0.5013
47,1,0,constant_velocity,6,2.7956,0.5010
47,1,0,constant_velocity,8,2.7034,0.4784
47,1,0,constant_velocity,10,2.6273,0.4430
47,1,0,constant_velocity,12,2.5612,0.4066
47,1,0,constant_velocity,14,2.4905,0.3814
47,2,0,constant_velocity,0,3.2400,0.5000
47,2,0,constant_velocity,2,3.0822,0.5059
47,2,0,constant_velocity,4,2.9340,0.5112
47,2,0,constant_velocity,6,2.7989,0.5031
47,2,0,constant_velocity,8,2.6801,0.4830
47,2,0,constant_velocity,10,2.5797,0.4476
47,2,0,constant_velocity,12,2.5076,0.4171
47,2,0,constant_velocity,14,2.4334,0.3953
48,3,0,constant_velocity,0,3.1600,0.5000
48,3,0,constant_velocity,2,3.0186,0.4963
48,3,0,constant_velocity,4,2.9086,0.4903
48,3,0,constant_velocity,6,2.8116,0.4691
48,3,0,constant_velocity,8,2.7133,0.4403
48,3,0,constant_velocity,10,2.6111,0.4015
48,3,0,constant_velocity,12,2.4996,0.3489
48,3,0,constant_velocity,14,2.3738,0.2858
48,11,0,constant_velocity,0,3.1600,0.5000
48,11,0,constant_velocity,2,3.0212,0.4902
48,11,0,constant_velocity,4,2.9060,0.4653
48,11,0,constant_velocity,6,2.8071,0.4288
48,11,0,constant_velocity,8,2.6926,0.3937
48,11,0,constant_velocity,10,2.5681,0.3497
48,11,0,constant_velocity,12,2.4527,0.2992
48,11,0,constant_velocity,14,2.3520,0.2517
48,0,0,constant_velocity,0,3.1600,0.5000
48,0,0,constant_velocity,2,3.0035,0.4861
48,0,0,constant_velocity,4,2.8454,0.4622
48,0,0,constant_velocity,6,2.6840,0.4267
48,0,0,constant_velocity,8,2.5346,0.3474
48,0,0,constant_velocity,10,2.3858,0.2550
48,0,0,constant_velocity,12,2.2353,0.1502
48,0,0,constant_velocity,14,2.0934,0.0470
49,4,0,constant_velocity,0,3.0800,0.5000
49,4,0,constant_velocity,2,2.9270,0.4908
49,4,0,constant_velocity,4,2.7659,0.4852
49,4,0,constant_velocity,6,2.6076,0.4774
49,4,0,constant_velocity,8,2.4633,0.4682
49,4,0,constant_velocity,10,2.3171,0.4524
49,4,0,constant_velocity,12,2.1678,0.4321
49,4,0,constant_velocity,14,2.0183,0.4178
49,10,0,constant_velocity,0,3.0800,0.5000
49,10,0,constant_velocity,2,2.9258,0.5015
49,10,0,constant_velocity,4,2.7723,0.4997
49,10,0,constant_velocity,6,2.6178,0.4970
49,10,0,constant_velocity,8,2.4661,0.5019
49,10,0,constant_velocity,10,2.3220,0.5145
49,10,0,constant_velocity,12,2.1928,0.5163
49,10,0,constant_velocity,14,2.0728,0.5228
49,13,0,constant_velocity,0,3.0800,0.5000
49,13,0,constant_velocity,2,2.9288,0.4907
49,13,0,constant_velocity,4,2.7853,0.4930
49,13,0,constant_velocity,6,2.6506,0.4887
49,13,0,constant_velocity,8,2.5154,0.4623
49,13,0,constant_velocity,10,2.3589,0.4375
49,13,0,constant_velocity,12,2.2088,0.4037
49,13,0,constant_velocity,14,2.0685,0.3711
50,0,0,constant_velocity,0,3.0000,0.5000
50,0,0,constant_velocity,2,2.8448,0.4939
50,0,0,constant_velocity,4,2.6810,0.4881
50,0,0,constant_velocity,6,2.5087,0.4721
50,0,0,constant_velocity,8,2.3390,0.4483
50,0,0,constant_velocity,10,2.1877,0.4257
50,0,0,constant_velocity,12,2.0335,0.3953
50,0,0,constant_velocity,14,1.8897,0.3710
50,5,0,constant_velocity,0,3.0000,0.5000
50,5,0,constant_velocity,2,2.8401,0.5079
50,5,0,constant_velocity,4,2.6781,0.5163
50,5,0,constant_velocity,6,2.5324,0.5298
50,5,0,constant_velocity,8,2.4060,0.5500
50,5,0,constant_velocity,10,2.2911,0.5675
50,5,0,constant_velocity,12,2.1651,0.6115
50,5,0,constant_velocity,14,2.0201,0.6515
50,7,0,constant_velocity,0,3.0000,0.5000
50,7,0,constant_velocity,2,2.8447,0.4977
50,7,0,constant_velocity,4,2.6939,0.4689
50,7,0,constant_velocity,6,2.5525,0.4304
50,7,0,constant_velocity,8,2.4010,0.3892
50,7,0,constant_velocity,10,2.2321,0.3356
50,7,0,constant_velocity,12,2.0599,0.2786
50,7,0,constant_velocity,14,1.8985,0.2126
51,11,0,constant_velocity,0,2.9200,0.5000
51,11,0,constant_velocity,2,2.7631,0.5126
51,11,0,constant_velocity,4,2.6169,0.5315
51,11,0,constant_velocity,6,2.4797,0.5581
51,11,0,constant_velocity,8,2.3365,0.5969
51,11,0,constant_velocity,10,2.1947,0.6449
51,11,0,constant_velocity,12,2.0707,0.7031
51,11,0,constant_velocity,14,1.9646,0.7564
51,13,0,constant_velocity,0,2.9200,0.5000
51,13,0,constant_velocity,2,2.7671,0.5112
51,13,0,constant_velocity,4,2.6181,0.5322
51,13,0,constant_velocity,6,2.4697,0.5469
51,13,0,constant_velocity,8,2.3281,0.5668
51,13,0,constant_velocity,10,2.2131,0.5930
51,13,0,constant_velocity,12,2.0926,0.6116
51,13,0,constant_velocity,14,1.9886,0.6264
51,0,0,constant_velocity,0,2.9200,0.5000
51,0,0,constant_velocity,2,2.7663,0.5066
51,0,0,constant_velocity,4,2.6100,0.5170
51,0,0,constant_velocity,6,2.4595,0.5328
51,0,0,constant_velocity,8,2.3061,0.5484
51,0,0,constant_velocity,10,2.1614,0.5653
51,0,0,constant_velocity,12,2.0230,0.5809
51,0,0,constant_velocity,14,1.8913,0.5943
52,0,0,constant_velocity,0,2.8400,0.5000
52,0,0,constant_velocity,2,2.6857,0.4955
52,0,0,constant_velocity,4,2.5632,0.4833
52,0,0,constant_velocity,6,2.4421,0.4711
52,0,0,constant_velocity,8,2.3270,0.4709
52,0,0,constant_velocity,10,2.2254,0.4651
52,0,0,constant_velocity,12,2.1014,0.4560
52,0,0,constant_velocity,14,1.9704,0.4416
52,2,0,constant_velocity,0,2.8400,0.5000
52,2,0,constant_velocity,2,2.6814,0.4981
52,2,0,constant_velocity,4,2.5193,0.4862
52,2,0,constant_velocity,6,2.3514,0.4791
52,2,0,constant_velocity,8,2.1726,0.4819
52,2,0,constant_velocity,10,1.9857,0.4949
52,2,0,constant_velocity,12,1.7929,0.4910
52,2,0,constant_velocity,14,1.6217,0.4641
52,13,0,constant_velocity,0,2.8400,0.5000
52,13,0,constant_velocity,2,2.6846,0.5069
52,13,0,constant_velocity,4,2.5320,0.5169
52,13,0,constant_velocity,6,2.3777,0.5307
52,13,0,constant_velocity,8,2.2412,0.5501
52,13,0,constant_velocity,10,2.1181,0.5661
52,13,0,constant_velocity,12,2.0038,0.5771
52,13,0,constant_velocity,14,1.9000,0.5945
53,3,0,constant_velocity,0,2.7600,0.5000
53,3,0,constant_velocity,2,2.6063,0.4996
53,3,0,constant_velocity,4,2.4646,0.4991
53,3,0,constant_velocity,6,2.3408,0.4877
53,3,0,constant_velocity,8,2.2130,0.4681
53,3,0,constant_velocity,10,2.0839,0.4527
53,3,0,constant_velocity,12,1.9548,0.4166
53,3,0,constant_velocity,14,1.8277,0.3864
53,4,0,constant_velocity,0,2.7600,0.5000
53,4,0,constant_velocity,2,2.6019,0.4954
53,4,0,constant_velocity,4,2.4599,0.4890
53,4,0,constant_velocity,6,2.3487,0.4852
53,4,0,constant_velocity,8,2.2445,0.5221
53,4,0,constant_velocity,10,2.1328,0.5600
53,4,0,constant_velocity,12,2.0258,0.5973
53,4,0,constant_velocity,14,1.9097,0.6457
53,10,0,constant_velocity,0,2.7600,0.5000
53,10,0,constant_velocity,2,2.6112,0.5012
53,10,0,constant_velocity,4,2.4743,0.5050
53,10,0,constant_velocity,6,2.3389,0.5001
53,10,0,constant_velocity,8,2.2030,0.4964
53,10,0,constant_velocity,10,2.0637,0.4865
53,10,0,constant_velocity,12,1.9255,0.4749
53,10,0,constant_velocity,14,1.7889,0.4589
54,2,0,constant_velocity,0,2.6800,0.5000
54,2,0,constant_velocity,2,2.5276,0.5100
54,2,0,constant_velocity,4,2.3746,0.5409
54,2,0,constant_velocity,6,2.2123,0.5858
54,2,0,constant_velocity,8,2.0279,0.6247
54,2,0,constant_velocity,10,1.8200,0.6602
54,2,0,constant_velocity,12,1.6018,0.7025
54,2,0,constant_velocity,14,1.4009,0.7234
54,3,0,constant_velocity,0,2.6800,0.5000
54,3,0,constant_velocity,2,2.5218,0.4982
54,3,0,constant_velocity,4,2.3617,0.4786
54,3,0,constant_velocity,6,2.2044,0.4585
54,3,0,constant_velocity,8,2.0594,0.4402
54,3,0,constant_velocity,10,1.9211,0.4249
54,3,0,constant_velocity,12,1.7929,0.4149
54,3,0,constant_velocity,14,1.6609,0.4071
54,5,0,constant_velocity,0,2.6800,0.5000
54,5,0,constant_velocity,2,2.5245,0.4961
54,5,0,constant_velocity,4,2.3598,0.4890
54,5,0,constant_velocity,6,2.1939,0.4813
54,5,0,constant_velocity,8,2.0114,0.4682
54,5,0,constant_velocity,10,1.8338,0.4301
54,5,0,constant_velocity,12,1.6613,0.3933
54,5,0,constant_velocity,14,1.4725,0.3603
55,3,0,constant_velocity,0,2.6000,0.5000
55,3,0,constant_velocity,2,2.4536,0.4855
55,3,0,constant_velocity,4,2.3131,0.4604
55,3,0,constant_velocity,6,2.1748,0.4208
55,3,0,constant_velocity,8,2.0439,0.3747
55,3,0,constant_velocity,10,1.9046,0.3257
55,3,0,constant_velocity,12,1.7680,0.2840
55,3,0,constant_velocity,14,1.6395,0.2363
55,8,0,constant_velocity,0,2.6000,0.5000
55,8,0,constant_velocity,2,2.4551,0.5020
55,8,0,constant_velocity,4,2.3216,0.5095
55,8,0,constant_velocity,6,2.1937,0.5160
55,8,0,constant_velocity,8,2.0806,0.5100
55,8,0,constant_velocity,10,1.9558,0.4929
55,8,0,constant_velocity,12,1.8108,0.4668
55,8,0,constant_velocity,14,1.6571,0.4377
55,9,0,constant_velocity,0,2.6000,0.5000
55,9,0,constant_velocity,2,2.4536,0.5007
55,9,0,constant_velocity,4,2.3339,0.5016
55,9,0,constant_velocity,6,2.2256,0.4962
55,9,0,constant_velocity,8,2.1148,0.5039
55,9,0,constant_velocity,10,2.0023,0.5170
55,9,0,constant_velocity,12,1.9076,0.5212
55,9,0,constant_velocity,14,1.8276,0.5124
56,0,0,constant_velocity,0,2.5200,0.5000
56,0,0,constant_velocity,2,2.3721,0.4855
56,0,0,constant_velocity,4,2.2298,0.4782
56,0,0,constant_velocity,6,2.0824,0.4637
56,0,0,constant_velocity,8,1.9049,0.4386
56,0,0,constant_velocity,10,1.7164,0.4047
56,0,0,constant_velocity,12,1.5311,0.3798
56,0,0,constant_velocity,14,1.3335,0.3562
56,2,0,constant_velocity,0,2.5200,0.5000
56,2,0,constant_velocity,2,2.3642,0.5054
56,2,0,constant_velocity,4,2.2272,0.4990
56,2,0,constant_velocity,6,2.1054,0.5073
56,2,0,constant_velocity,8,1.9843,0.5161
56,2,0,constant_velocity,10,1.8686,0.5165
56,2,0,constant_velocity,12,1.7606,0.5104
56,2,0,constant_velocity,14,1.6361,0.5084
56,3,0,constant_velocity,0,2.5200,0.5000
56,3,0,constant_velocity,2,2.3732,0.4949
56,3,0,constant_velocity,4,2.2451,0.4893
56,3,0,constant_velocity,6,2.1072,0.4677
56,3,0,constant_velocity,8,1.9702,0.4536
56,3,0,constant_velocity,10,1.8382,0.4379
56,3,0,constant_velocity,12,1.7159,0.4231
56,3,0,constant_velocity,14,1.5785,0.4143
57,1,0,constant_velocity,0,2.4400,0.5000
57,1,0,constant_velocity,2,2.2830,0.4892
57,1,0,constant_velocity,4,2.1425,0.4830
57,1,0,constant_velocity,6,2.0193,0.4816
57,1,0,constant_velocity,8,1.9032,0.4695
57,1,0,constant_velocity,10,1.7913,0.4495
57,1,0,constant_velocity,12,1.6882,0.4315
57,1,0,constant_velocity,14,1.5936,0.4265
57,2,0,constant_velocity,0,2.4400,0.5000
57,2,0,constant_velocity,2,2.2857,0.4854
57,2,0,constant_velocity,4,2.1424,0.4612
57,2,0,constant_velocity,6,2.0143,0.4302
57,2,0,constant_velocity,8,1.8878,0.3939
57,2,0,constant_velocity,10,1.7676,0.3559
57,2,0,constant_velocity,12,1.6532,0.3201
57,2,0,constant_velocity,14,1.5421,0.2855
57,3,0,constant_velocity,0,2.4400,0.5000
57,3,0,constant_velocity,2,2.2811,0.4977
57,3,0,constant_velocity,4,2.1092,0.4953
57,3,0,constant_velocity,6,1.9355,0.4938
57,3,0,constant_velocity,8,1.7641,0.4940
57,3,0,constant_velocity,10,1.6081,0.4947
57,3,0,constant_velocity,12,1.4619,0.4821
57,3,0,constant_velocity,14,1.3250,0.4644
58,1,0,constant_velocity,0,2.3600,0.5000
58,1,0,constant_velocity,2,2.2022,0.5028
58,1,0,constant_velocity,4,2.0516,0.4968
58,1,0,constant_velocity,6,1.9063,0.4710
58,1,0,constant_velocity,8,1.7712,0.4564
58,1,0,constant_velocity,10,1.6524,0.4643
58,1,0,constant_velocity,12,1.5314,0.4797
58,1,0,constant_velocity,14,1.3925,0.5019
58,3,0,constant_velocity,0,2.3600,0.5000
58,3,0,constant_velocity,2,2.2121,0.5116
58,3,0,constant_velocity,4,2.0597,0.5369
58,3,0,constant_velocity,6,1.9085,0.5661
58,3,0,constant_velocity,8,1.7493,0.5732
58,3,0,constant_velocity,10,1.5797,0.5683
58,3,0,constant_velocity,12,1.4026,0.5553
58,3,0,constant_velocity,14,1.2215,0.5423
58,4,0,constant_velocity,0,2.3600,0.5000
58,4,0,constant_velocity,2,2.2062,0.5128
58,4,0,constant_velocity,4,2.0449,0.5377
58,4,0,constant_velocity,6,1.8857,0.5502
58,4,0,constant_velocity,8,1.7412,0.5608
58,4,0,constant_velocity,10,1.6141,0.5688
58,4,0,constant_velocity,12,1.5123,0.5851
58,4,0,constant_velocity,14,1.4224,0.5960
59,1,0,constant_velocity,0,2.2800,0.5000
59,1,0,constant_velocity,2,2.1178,0.5066
59,1,0,constant_velocity,4,1.9599,0.4912
59,1,0,constant_velocity,6,1.8181,0.4702
59,1,0,constant_velocity,8,1.6802,0.4533
59,1,0,constant_velocity,10,1.5428,0.4355
59,1,0,constant_velocity,12,1.4250,0.4167
59,1,0,constant_velocity,14,1.3243,0.4066
59,2,0,constant_velocity,0,2.2800,0.5000
59,2,0,constant_velocity,2,2.1244,0.5012
59,2,0,constant_velocity,4,1.9760,0.5098
59,2,0,constant_velocity,6,1.8240,0.5001
59,2,0,constant_velocity,8,1.6657,0.4683
59,2,0,constant_velocity,10,1.5127,0.4469
59,2,0,constant_velocity,12,1.3567,0.4426
59,2,0,constant_velocity,14,1.1807,0.4445
59,12,0,constant_velocity,0,2.2800,0.5000
59,12,0,constant_velocity,2,2.1221,0.5078
59,12,0,constant_velocity,4,1.9815,0.5115
59,12,0,constant_velocity,6,1.8439,0.5075
59,12,0,constant_velocity,8,1.7192,0.5067
59,12,0,constant_velocity,10,1.5978,0.5086
59,12,0,constant_velocity,12,1.4706,0.5094
59,12,0,constant_velocity,14,1.3450,0.5186
60,1,0,constant_velocity,0,2.2000,0.5000
60,1,0,constant_velocity,2,2.0362,0.5073
60,1,0,constant_velocity,4,1.8755,0.5209
60,1,0,constant_velocity,6,1.7431,0.5555
60,1,0,constant_velocity,8,1.6244,0.5933
60,1,0,constant_velocity,10,1.5140,0.6274
60,1,0,constant_velocity,12,1.4123,0.6588
60,1,0,constant_velocity,14,1.3269,0.6744
60,5,0,constant_velocity,0,2.2000,0.5000
60,5,0,constant_velocity,2,2.0550,0.5065
60,5,0,constant_velocity,4,1.9178,0.5268
60,5,0,constant_velocity,6,1.7799,0.5623
60,5,0,constant_velocity,8,1.6382,0.6110
60,5,0,constant_velocity,10,1.4973,0.6741
60,5,0,constant_velocity,12,1.3512,0.7399
60,5,0,constant_velocity,14,1.2000,0.8195
60,8,0,constant_velocity,0,2.2000,0.5000
60,8,0,constant_velocity,2,2.0451,0.5056
60,8,0,constant_velocity,4,1.8827,0.5224
60,8,0,constant_velocity,6,1.7278,0.5488
60,8,0,constant_velocity,8,1.5834,0.5974
60,8,0,constant_velocity,10,1.4523,0.6449
60,8,0,constant_velocity,12,1.3340,0.6867
60,8,0,constant_velocity,14,1.2226,0.7283
61,11,0,constant_velocity,0,2.1200,0.5000
61,11,0,constant_velocity,2,1.9745,0.4961
61,11,0,constant_velocity,4,1.8354,0.4975
61,11,0,constant_velocity,6,1.6996,0.5120
61,11,0,constant_velocity,8,1.5662,0.5381
61,11,0,constant_velocity,10,1.4347,0.5772
61,11,0,constant_velocity,12,1.2969,0.6255
61,11,0,constant_velocity,14,1.1615,0.6616
61,13,0,constant_velocity,0,2.1200,0.5000
61,13,0,constant_velocity,2,1.9705,0.5067
61,13,0,constant_velocity,4,1.8310,0.5218
61,13,0,constant_velocity,6,1.6819,0.5353
61,13,0,constant_velocity,8,1.5556,0.5438
61,13,0,constant_velocity,10,1.4407,0.5424
61,13,0,constant_velocity,12,1.3382,0.5414
61,13,0,constant_velocity,14,1.2483,0.5275
61,14,0,constant_velocity,0,2.1200,0.5000
61,14,0,constant_velocity,2,1.9659,0.5017
61,14,0,constant_velocity,4,1.8142,0.5068
61,14,0,constant_velocity,6,1.6776,0.4929
61,14,0,constant_velocity,8,1.5610,0.4618
61,14,0,constant_velocity,10,1.4472,0.4131
61,14,0,constant_velocity,12,1.3277,0.3655
61,14,0,constant_velocity,14,1.2015,0.3153
62,6,0,constant_velocity,0,2.0400,0.5000
62,6,0,constant_velocity,2,1.8797,0.5067
62,6,0,constant_velocity,4,1.7382,0.5053
62,6,0,constant_velocity,6,1.6116,0.5004
62,6,0,constant_velocity,8,1.5042,0.5035
62,6,0,constant_velocity,10,1.4042,0.4971
62,6,0,constant_velocity,12,1.2864,0.4907
62,6,0,constant_velocity,14,1.1716,0.4919
62,8,0,constant_velocity,0,2.0400,0.5000
62,8,0,constant_velocity,2,1.8906,0.4929
62,8,0,constant_velocity,4,1.7555,0.4975
62,8,0,constant_velocity,6,1.6295,0.5123
62,8,0,constant_velocity,8,1.5016,0.5217
62,8,0,constant_velocity,10,1.3894,0.5313
62,8,0,constant_velocity,12,1.2780,0.5370
62,8,0,constant_velocity,14,1.1692,0.5236
62,9,0,constant_velocity,0,2.0400,0.5000
62,9,0,constant_velocity,2,1.8925,0.4963
62,9,0,constant_velocity,4,1.7381,0.4964
62,9,0,constant_velocity,6,1.5843,0.5180
62,9,0,constant_velocity,8,1.4168,0.5387
62,9,0,constant_velocity,10,1.2322,0.5517
62,9,0,constant_velocity,12,1.0375,0.5668
62,9,0,constant_velocity,14,0.8556,0.5972
63,1,0,constant_velocity,0,1.9600,0.5000
63,1,0,constant_velocity,2,1.8176,0.4896
63,1,0,constant_velocity,4,1.6886,0.4850
63,1,0,constant_velocity,6,1.5557,0.4776
63,1,0,constant_velocity,8,1.4078,0.4622
63,1,0,constant_velocity,10,1.2413,0.4565
63,1,0,constant_velocity,12,1.0541,0.4539
63,1,0,constant_velocity,14,0.8682,0.4494
63,4,0,constant_velocity,0,1.9600,0.5000
63,4,0,constant_velocity,2,1.8124,0.5011
63,4,0,constant_velocity,4,1.6655,0.4938
63,4,0,constant_velocity,6,1.5171,0.4732
63,4,0,constant_velocity,8,1.3661,0.4462
63,4,0,constant_velocity,10,1.2030,0.4245
63,4,0,constant_velocity,12,1.0382,0.4007
63,4,0,constant_velocity,14,0.8700,0.3950
63,6,0,constant_velocity,0,1.9600,0.5000
63,6,0,constant_velocity,2,1.7949,0.5034
63,6,0,constant_velocity,4,1.6301,0.5237
63,6,0,constant_velocity,6,1.4847,0.5650
63,6,0,constant_velocity,8,1.3584,0.6037
63,6,0,constant_velocity,10,1.2466,0.6512
63,6,0,constant_velocity,12,1.1308,0.6875
63,6,0,constant_velocity,14,1.0223,0.7308
64,1,0,constant_velocity,0,1.8800,0.5000
64,1,0,constant_velocity,2,1.7341,0.4940
64,1,0,constant_velocity,4,1.5874,0.4787
64,1,0,constant_velocity,6,1.4419,0.4626
64,1,0,constant_velocity,8,1.2965,0.4469
64,1,0,constant_velocity,10,1.1398,0.4360
64,1,0,constant_velocity,12,0.9617,0.4398
64,1,0,constant_velocity,14,0.7838,0.4620
64,10,0,constant_velocity,0,1.8800,0.5000
64,10,0,constant_velocity,2,1.7323,0.5018
64,10,0,constant_velocity,4,1.6059,0.4981
64,10,0,constant_velocity,6,1.4824,0.4852
64,10,0,constant_velocity,8,1.3505,0.4707
64,10,0,constant_velocity,10,1.2266,0.4414
64,10,0,constant_velocity,12,1.1030,0.4103
64,10,0,constant_velocity,14,0.9771,0.3589
64,11,0,constant_velocity,0,1.8800,0.5000
64,11,0,constant_velocity,2,1.7280,0.4930
64,11,0,constant_velocity,4,1.5972,0.4910
64,11,0,constant_velocity,6,1.4910,0.4785
64,11,0,constant_velocity,8,1.3936,0.4506
64,11,0,constant_velocity,10,1.3019,0.4359
64,11,0,constant_velocity,12,1.2224,0.4410
64,11,0,constant_velocity,14,1.1587,0.4474
65,9,0,constant_velocity,0,1.8000,0.5000
65,9,0,constant_velocity,2,1.6483,0.5175
65,9,0,constant_velocity,4,1.5258,0.5360
65,9,0,constant_velocity,6,1.4126,0.5459
65,9,0,constant_velocity,8,1.3004,0.5503
65,9,0,constant_velocity,10,1.1805,0.5549
65,9,0,constant_velocity,12,1.0625,0.5727
65,9,0,constant_velocity,14,0.9487,0.6088
65,0,0,constant_velocity,0,1.8000,0.5000
65,0,0,constant_velocity,2,1.6256,0.5088
65,0,0,constant_velocity,4,1.4585,0.5033
65,0,0,constant_velocity,6,1.2991,0.4658
65,0,0,constant_velocity,8,1.1421,0.4216
65,0,0,constant_velocity,10,0.9956,0.3860
65,0,0,constant_velocity,12,0.8486,0.3572
65,0,0,constant_velocity,14,0.7002,0.3163
65,1,0,constant_velocity,0,1.8000,0.5000
65,1,0,constant_velocity,2,1.6528,0.4859
65,1,0,constant_velocity,4,1.5039,0.4724
65,1,0,constant_velocity,6,1.3633,0.4660
65,1,0,constant_velocity,8,1.2178,0.4497
65,1,0,constant_velocity,10,1.0779,0.4220
65,1,0,constant_velocity,12,0.9462,0.3982
65,1,0,constant_velocity,14,0.8031,0.3795
66,7,0,constant_velocity,0,1.7200,0.5000
66,7,0,constant_velocity,2,1.5649,0.5083
66,7,0,constant_velocity,4,1.4220,0.5199
66,7,0,constant_velocity,6,1.2710,0.5382
66,7,0,constant_velocity,8,1.1270,0.5666
66,7,0,constant_velocity,10,0.9857,0.6177
66,7,0,constant_velocity,12,0.8606,0.6656
66,7,0,constant_velocity,14,0.7232,0.7301
66,8,0,constant_velocity,0,1.7200,0.5000
66,8,0,constant_velocity,2,1.5625,0.4915
66,8,0,constant_velocity,4,1.4238,0.4813
66,8,0,constant_velocity,6,1.2923,0.4735
66,8,0,constant_velocity,8,1.1475,0.4482
66,8,0,constant_velocity,10,1.0076,0.4203
66,8,0,constant_velocity,12,0.8652,0.4039
66,8,0,constant_velocity,14,0.7266,0.3927
66,12,0,constant_velocity,0,1.7200,0.5000
66,12,0,constant_velocity,2,1.5636,0.5125
66,12,0,constant_velocity,4,1.4026,0.5200
66,12,0,constant_velocity,6,1.2363,0.5409
66,12,0,constant_velocity,8,1.0838,0.5703
66,12,0,constant_velocity,10,0.9490,0.6111
66,12,0,constant_velocity,12,0.8200,0.6738
66,12,0,constant_velocity,14,0.6794,0.7355
67,0,0,constant_velocity,0,1.6400,0.5000
67,0,0,constant_velocity,2,1.4786,0.4989
67,0,0,constant_velocity,4,1.3167,0.5025
67,0,0,constant_velocity,6,1.1471,0.5056
67,0,0,constant_velocity,8,0.9896,0.4966
67,0,0,constant_velocity,10,0.8447,0.4694
67,0,0,constant_velocity,12,0.7091,0.4485
67,0,0,constant_velocity,14,0.5764,0.4407
67,3,0,constant_velocity,0,1.6400,0.5000
67,3,0,constant_velocity,2,1.4785,0.4921
67,3,0,constant_velocity,4,1.3191,0.4704
67,3,0,constant_velocity,6,1.1588,0.4533
67,3,0,constant_velocity,8,0.9941,0.4516
67,3,0,constant_velocity,10,0.8109,0.4327
67,3,0,constant_velocity,12,0.6221,0.4067
67,3,0,constant_velocity,14,0.4046,0.3980
67,5,0,constant_velocity,0,1.6400,0.5000
67,5,0,constant_velocity,2,1.4819,0.4951
67,5,0,constant_velocity,4,1.3295,0.4881
67,5,0,constant_velocity,6,1.1792,0.4880
67,5,0,constant_velocity,8,1.0169,0.5048
67,5,0,constant_velocity,10,0.8474,0.5222
67,5,0,constant_velocity,12,0.6866,0.5254
67,5,0,constant_velocity,14,0.5280,0.5153
68,5,0,constant_velocity,0,1.5600,0.5000
68,5,0,constant_velocity,2,1.4068,0.5061
68,5,0,constant_velocity,4,1.2704,0.5168
68,5,0,constant_velocity,6,1.1420,0.5141
68,5,0,constant_velocity,8,1.0128,0.4966
68,5,0,constant_velocity,10,0.8739,0.4811
68,5,0,constant_velocity,12,0.7452,0.4744
68,5,0,constant_velocity,14,0.6125,0.4607
68,6,0,constant_velocity,0,1.5600,0.5000
68,6,0,constant_velocity,2,1.4125,0.4913
68,6,0,constant_velocity,4,1.2638,0.4737
68,6,0,constant_velocity,6,1.1053,0.4538
68,6,0,constant_velocity,8,0.9682,0.4201
68,6,0,constant_velocity,10,0.8461,0.3830
68,6,0,constant_velocity,12,0.7289,0.3423
68,6,0,constant_velocity,14,0.6098,0.3124
68,10,0,constant_velocity,0,1.5600,0.5000
68,10,0,constant_velocity,2,1.4137,0.5134
68,10,0,constant_velocity,4,1.2804,0.5481
68,10,0,constant_velocity,6,1.1422,0.6007
68,10,0,constant_velocity,8,1.0157,0.6526
68,10,0,constant_velocity,10,0.8955,0.7213
68,10,0,constant_velocity,12,0.7743,0.8171
68,10,0,constant_velocity,14,0.6376,0.9106
69,3,0,constant_velocity,0,1.4800,0.5000
69,3,0,constant_velocity,2,1.3306,0.5186
69,3,0,constant_velocity,4,1.1929,0.5450
69,3,0,constant_velocity,6,1.0558,0.5558
69,3,0,constant_velocity,8,0.9148,0.5727
69,3,0,constant_velocity,10,0.7798,0.5896
69,3,0,constant_velocity,12,0.6378,0.6088
69,3,0,constant_velocity,14,0.4899,0.6427
69,5,0,constant_velocity,0,1.4800,0.5000
69,5,0,constant_velocity,2,1.3315,0.5063
69,5,0,constant_velocity,4,1.1887,0.5091
69,5,0,constant_velocity,6,1.0557,0.5055
69,5,0,constant_velocity,8,0.9183,0.5052
69,5,0,constant_velocity,10,0.7707,0.5068
69,5,0,constant_velocity,12,0.6280,0.5053
69,5,0,constant_velocity,14,0.4862,0.5094
69,7,0,constant_velocity,0,1.4800,0.5000
69,7,0,constant_velocity,2,1.3299,0.4997
69,7,0,constant_velocity,4,1.1963,0.5025
69,7,0,constant_velocity,6,1.0677,0.5031
69,7,0,constant_velocity,8,0.9413,0.5104
69,7,0,constant_velocity,10,0.8199,0.5399
69,7,0,constant_velocity,12,0.7076,0.5875
69,7,0,constant_velocity,14,0.5974,0.6497
70,3,0,constant_velocity,0,1.4000,0.5000
70,3,0,constant_velocity,2,1.2566,0.4997
70,3,0,constant_velocity,4,1.1345,0.4858
70,3,0,constant_velocity,6,1.0217,0.4759
70,3,0,constant_velocity,8,0.9047,0.4655
70,3,0,constant_velocity,10,0.7977,0.4389
70,3,0,constant_velocity,12,0.6838,0.4081
70,3,0,constant_velocity,14,0.5562,0.3704
70,11,0,constant_velocity,0,1.4000,0.5000
70,11,0,constant_velocity,2,1.2524,0.5047
70,11,0,constant_velocity,4,1.1285,0.5134
70,11,0,constant_velocity,6,1.0199,0.5239
70,11,0,constant_velocity,8,0.9065,0.5352
70,11,0,constant_velocity,10,0.7988,0.5517
70,11,0,constant_velocity,12,0.6875,0.5544
70,11,0,constant_velocity,14,0.5687,0.5530
70,0,0,constant_velocity,0,1.4000,0.5000
70,0,0,constant_velocity,2,1.2279,0.4963
70,0,0,constant_velocity,4,1.0429,0.4884
70,0,0,constant_velocity,6,0.8554,0.4883
70,0,0,constant_velocity,8,0.6613,0.4868
70,0,0,constant_velocity,10,0.4581,0.4887
70,0,0,constant_velocity,12,0.2401,0.5061
70,0,0,constant_velocity,14,0.0221,0.5258
71,12,0,constant_velocity,0,1.3200,0.5000
71,12,0,constant_velocity,2,1.1762,0.4967
71,12,0,constant_velocity,4,1.0409,0.4795
71,12,0,constant_velocity,6,0.9234,0.4677
71,12,0,constant_velocity,8,0.8134,0.4602
71,12,0,constant_velocity,10,0.7030,0.4698
71,12,0,constant_velocity,12,0.6002,0.4939
71,12,0,constant_velocity,14,0.4888,0.5201
71,13,0,constant_velocity,0,1.3200,0.5000
71,13,0,constant_velocity,2,1.1701,0.4932
71,13,0,constant_velocity,4,1.0481,0.4797
71,13,0,constant_velocity,6,0.9279,0.4499
71,13,0,constant_velocity,8,0.8091,0.4085
71,13,0,constant_velocity,10,0.6976,0.3819
71,13,0,constant_velocity,12,0.5814,0.3441
71,13,0,constant_velocity,14,0.4601,0.2997
71,0,0,constant_velocity,0,1.3200,0.5000
71,0,0,constant_velocity,2,1.1673,0.4997
71,0,0,constant_velocity,4,1.0013,0.5023
71,0,0,constant_velocity,6,0.8370,0.5207
71,0,0,constant_velocity,8,0.6608,0.5546
71,0,0,constant_velocity,10,0.4831,0.5913
71,0,0,constant_velocity,12,0.3079,0.6254
71,0,0,constant_velocity,14,0.1378,0.6680
72,1,0,constant_velocity,0,1.2400,0.5000
72,1,0,constant_velocity,2,1.0915,0.5024
72,1,0,constant_velocity,4,0.9428,0.5139
72,1,0,constant_velocity,6,0.7799,0.5050
72,1,0,constant_velocity,8,0.5980,0.4912
72,1,0,constant_velocity,10,0.4290,0.4970
72,1,0,constant_velocity,12,0.2538,0.5082
72,1,0,constant_velocity,14,0.0756,0.5168
72,7,0,constant_velocity,0,1.2400,0.5000
72,7,0,constant_velocity,2,1.0868,0.5177
72,7,0,constant_velocity,4,0.9353,0.5460
72,7,0,constant_velocity,6,0.8000,0.5794
72,7,0,constant_velocity,8,0.6585,0.5983
72,7,0,constant_velocity,10,0.5102,0.6111
72,7,0,constant_velocity,12,0.3528,0.6043
72,7,0,constant_velocity,14,0.1780,0.5813
72,10,0,constant_velocity,0,1.2400,0.5000
72,10,0,constant_velocity,2,1.0868,0.4776
72,10,0,constant_velocity,4,0.9643,0.4611
72,10,0,constant_velocity,6,0.8480,0.4533
72,10,0,constant_velocity,8,0.7350,0.4426
72,10,0,constant_velocity,10,0.6138,0.4176
72,10,0,constant_velocity,12,0.4971,0.4017
72,10,0,constant_velocity,14,0.3854,0.4033
73,4,0,constant_velocity,0,1.1600,0.5000
73,4,0,constant_velocity,2,1.0179,0.4983
73,4,0,constant_velocity,4,0.8787,0.5090
73,4,0,constant_velocity,6,0.7501,0.5200
73,4,0,constant_velocity,8,0.6282,0.5373
73,4,0,constant_velocity,10,0.5189,0.5541
73,4,0,constant_velocity,12,0.4195,0.5804
73,4,0,constant_velocity,14,0.3121,0.6130
73,0,0,constant_velocity,0,1.1600,0.5000
73,0,0,constant_velocity,2,0.9996,0.4966
73,0,0,constant_velocity,4,0.8424,0.4953
73,0,0,constant_velocity,6,0.6670,0.5034
73,0,0,constant_velocity,8,0.4937,0.5139
73,0,0,constant_velocity,10,0.3267,0.5307
73,0,0,constant_velocity,12,0.1584,0.5511
73,0,0,constant_velocity,14,-0.0164,0.5650
73,1,0,constant_velocity,0,1.1600,0.5000
73,1,0,constant_velocity,2,1.0036,0.5041
73,1,0,constant_velocity,4,0.8520,0.5024
73,1,0,constant_velocity,6,0.7226,0.4849
73,1,0,constant_velocity,8,0.6034,0.4594
73,1,0,constant_velocity,10,0.4966,0.4413
73,1,0,constant_velocity,12,0.4012,0.4259
73,1,0,constant_velocity,14,0.3044,0.4029
74,1,0,constant_velocity,0,1.0800,0.5000
74,1,0,constant_velocity,2,0.9292,0.5066
74,1,0,constant_velocity,4,0.8035,0.5063
74,1,0,constant_velocity,6,0.6694,0.5175
74,1,0,constant_velocity,8,0.5474,0.5347
74,1,0,constant_velocity,10,0.4211,0.5738
74,1,0,constant_velocity,12,0.2843,0.6425
74,1,0,constant_velocity,14,0.1523,0.7063
74,6,0,constant_velocity,0,1.0800,0.5000
74,6,0,constant_velocity,2,0.9354,0.5123
74,6,0,constant_velocity,4,0.7983,0.5262
74,6,0,constant_velocity,6,0.6580,0.5369
74,6,0,constant_velocity,8,0.5180,0.5366
74,6,0,constant_velocity,10,0.3878,0.5312
74,6,0,constant_velocity,12,0.2433,0.4979
74,6,0,constant_velocity,14,0.0980,0.4499
74,0,0,constant_velocity,0,1.0800,0.5000
74,0,0,constant_velocity,2,0.9146,0.4988
74,0,0,constant_velocity,4,0.7417,0.5053
74,0,0,constant_velocity,6,0.5735,0.5095
74,0,0,constant_velocity,8,0.4174,0.5177
74,0,0,constant_velocity,10,0.2639,0.5248
74,0,0,constant_velocity,12,0.1161,0.5234
74,0,0,constant_velocity,14,-0.0422,0.5306
75,4,0,constant_velocity,0,1.0000,0.5000
75,4,0,constant_velocity,2,0.8383,0.5076
75,4,0,constant_velocity,4,0.6987,0.5332
75,4,0,constant_velocity,6,0.5739,0.5660
75,4,0,constant_velocity,8,0.4560,0.6034
75,4,0,constant_velocity,10,0.3285,0.6490
75,4,0,constant_velocity,12,0.1865,0.7034
75,4,0,constant_velocity,14,0.0568,0.7593
75,6,0,constant_velocity,0,1.0000,0.5000
75,6,0,constant_velocity,2,0.8522,0.5111
75,6,0,constant_velocity,4,0.7137,0.5085
75,6,0,constant_velocity,6,0.5721,0.5146
75,6,0,constant_velocity,8,0.4350,0.5083
75,6,0,constant_velocity,10,0.3025,0.5020
75,6,0,constant_velocity,12,0.1825,0.5045
75,6,0,constant_velocity,14,0.0847,0.4998
75,12,0,constant_velocity,0,1.0000,0.5000
75,12,0,constant_velocity,2,0.8440,0.4803
75,12,0,constant_velocity,4,0.6994,0.4425
75,12,0,constant_velocity,6,0.5663,0.4125
75,12,0,constant_velocity,8,0.4378,0.3880
75,12,0,constant_velocity,10,0.3057,0.3643
75,12,0,constant_velocity,12,0.1629,0.3282
75,12,0,constant_velocity,14,0.0126,0.2896
76,1,0,constant_velocity,0,0.9200,0.5000
76,1,0,constant_velocity,2,0.7790,0.4950
76,1,0,constant_velocity,4,0.6610,0.4846
76,1,0,constant_velocity,6,0.5612,0.4739
76,1,0,constant_velocity,8,0.4656,0.4693
76,1,0,constant_velocity,10,0.3762,0.4598
76,1,0,constant_velocity,12,0.2856,0.4511
76,1,0,constant_velocity,14,0.2033,0.4549
76,0,0,constant_velocity,0,0.9200,0.5000
76,0,0,constant_velocity,2,0.7470,0.5038
76,0,0,constant_velocity,4,0.5805,0.5328
76,0,0,constant_velocity,6,0.4092,0.5612
76,0,0,constant_velocity,8,0.2298,0.5939
76,0,0,constant_velocity,10,0.0436,0.6549
76,0,0,constant_velocity,12,-0.1655,0.7135
76,0,0,constant_velocity,14,-0.3669,0.7614
76,1,0,constant_velocity,0,0.9200,0.5000
76,1,0,constant_velocity,2,0.7508,0.4977
76,1,0,constant_velocity,4,0.5842,0.4925
76,1,0,constant_velocity,6,0.4252,0.4651
76,1,0,constant_velocity,8,0.2777,0.4156
76,1,0,constant_velocity,10,0.1147,0.3689
76,1,0,constant_velocity,12,-0.0663,0.3254
76,1,0,constant_velocity,14,-0.2729,0.2848
77,11,0,constant_velocity,0,0.8400,0.5000
77,11,0,constant_velocity,2,0.6820,0.4901
77,11,0,constant_velocity,4,0.5408,0.4683
77,11,0,constant_velocity,6,0.4135,0.4343
77,11,0,constant_velocity,8,0.2851,0.3837
77,11,0,constant_velocity,10,0.1482,0.3197
77,11,0,constant_velocity,12,-0.0032,0.2647
77,11,0,constant_velocity,14,-0.1629,0.2081
77,12,0,constant_velocity,0,0.8400,0.5000
77,12,0,constant_velocity,2,0.6939,0.4995
77,12,0,constant_velocity,4,0.5573,0.4953
77,12,0,constant_velocity,6,0.4204,0.4946
77,12,0,constant_velocity,8,0.2783,0.4891
77,12,0,constant_velocity,10,0.1380,0.4686
77,12,0,constant_velocity,12,-0.0177,0.4349
77,12,0,constant_velocity,14,-0.1731,0.3922
77,0,0,constant_velocity,0,0.8400,0.5000
77,0,0,constant_velocity,2,0.6781,0.5063
77,0,0,constant_velocity,4,0.5197,0.5259
77,0,0,constant_velocity,6,0.3723,0.5550
77,0,0,constant_velocity,8,0.2381,0.6003
77,0,0,constant_velocity,10,0.1026,0.6679
77,0,0,constant_velocity,12,-0.0483,0.7421
77,0,0,constant_velocity,14,-0.2263,0.8164
78,6,0,constant_velocity,0,0.7600,0.5000
78,6,0,constant_velocity,2,0.6151,0.5017
78,6,0,constant_velocity,4,0.4850,0.4993
78,6,0,constant_velocity,6,0.3607,0.4859
78,6,0,constant_velocity,8,0.2390,0.4666
78,6,0,constant_velocity,10,0.1214,0.4530
78,6,0,constant_velocity,12,-0.0001,0.4417
78,6,0,constant_velocity,14,-0.1450,0.4399
78,12,0,constant_velocity,0,0.7600,0.5000
78,12,0,constant_velocity,2,0.6063,0.5068
78,12,0,constant_velocity,4,0.4692,0.5012
78,12,0,constant_velocity,6,0.3338,0.4981
78,12,0,constant_velocity,8,0.2000,0.5048
78,12,0,constant_velocity,10,0.0705,0.5116
78,12,0,constant_velocity,12,-0.0407,0.4994
78,12,0,constant_velocity,14,-0.1350,0.5122
78,0,0,constant_velocity,0,0.7600,0.5000
78,0,0,constant_velocity,2,0.5949,0.4895
78,0,0,constant_velocity,4,0.4322,0.4638
78,0,0,constant_velocity,6,0.2755,0.4487
78,0,0,constant_velocity,8,0.0983,0.4080
78,0,0,constant_velocity,10,-0.1122,0.3631
78,0,0,constant_velocity,12,-0.3457,0.3030
78,0,0,constant_velocity,14,-0.5894,0.2300
79,7,0,constant_velocity,0,0.6800,0.5000
79,7,0,constant_velocity,2,0.5308,0.5029
79,7,0,constant_velocity,4,0.4071,0.5158
79,7,0,constant_velocity,6,0.2877,0.5169
79,7,0,constant_velocity,8,0.1711,0.5075
79,7,0,constant_velocity,10,0.0599,0.5069
79,7,0,constant_velocity,12,-0.0565,0.5210
79,7,0,constant_velocity,14,-0.1622,0.5460
79,8,0,constant_velocity,0,0.6800,0.5000
79,8,0,constant_velocity,2,0.5317,0.4998
79,8,0,constant_velocity,4,0.3951,0.5087
79,8,0,constant_velocity,6,0.2681,0.5208
79,8,0,constant_velocity,8,0.1310,0.5366
79,8,0,constant_velocity,10,0.0014,0.5525
79,8,0,constant_velocity,12,-0.1109,0.5497
79,8,0,constant_velocity,14,-0.2047,0.5530
79,0,0,constant_velocity,0,0.6800,0.5000
79,0,0,constant_velocity,2,0.5318,0.5059
79,0,0,constant_velocity,4,0.3667,0.5129
79,0,0,constant_velocity,6,0.1848,0.5218
79,0,0,constant_velocity,8,0.0086,0.5479
79,0,0,constant_velocity,10,-0.1675,0.5782
79,0,0,constant_velocity,12,-0.3434,0.6200
79,0,0,constant_velocity,14,-0.5173,0.6749
