step,ego_x,ego_y,ego_theta,ego_v,obs_x,obs_y,goal_x,goal_y,plan_k,plan_x,plan_y,num_scenarios,num_constraints
0,0.0000,0.0000,0.0000,1.0000,7.0000,0.5000,15.0000,0.0000,0,0.0000,0.0000,5,80
0,0.0000,0.0000,0.0000,1.0000,7.0000,0.5000,15.0000,0.0000,1,0.1150,-0.0003,5,80
0,0.0000,0.0000,0.0000,1.0000,7.0000,0.5000,15.0000,0.0000,2,0.2598,-0.0038,5,80
0,0.0000,0.0000,0.0000,1.0000,7.0000,0.5000,15.0000,0.0000,3,0.4345,-0.0117,5,80
0,0.0000,0.0000,0.0000,1.0000,7.0000,0.5000,15.0000,0.0000,4,0.6391,-0.0220,5,80
1,0.1150,-0.0003,-0.0050,1.2994,6.9200,0.5000,15.0000,0.0000,0,0.1150,-0.0003,3,48
1,0.1150,-0.0003,-0.0050,1.2994,6.9200,0.5000,15.0000,0.0000,1,0.2599,-0.0032,3,48
1,0.1150,-0.0003,-0.0050,1.2994,6.9200,0.5000,15.0000,0.0000,2,0.4346,-0.0117,3,48
1,0.1150,-0.0003,-0.0050,1.2994,6.9200,0.5000,15.0000,0.0000,3,0.6391,-0.0251,3,48
1,0.1150,-0.0003,-0.0050,1.2994,6.9200,0.5000,15.0000,0.0000,4,0.8736,-0.0401,3,48
2,0.2599,-0.0032,-0.0343,1.5994,6.8400,0.5000,15.0000,0.0000,0,0.2599,-0.0032,4,64
2,0.2599,-0.0032,-0.0343,1.5994,6.8400,0.5000,15.0000,0.0000,1,0.4347,-0.0104,4,64
2,0.2599,-0.0032,-0.0343,1.5994,6.8400,0.5000,15.0000,0.0000,2,0.6393,-0.0208,4,64
2,0.2599,-0.0032,-0.0343,1.5994,6.8400,0.5000,15.0000,0.0000,3,0.8739,-0.0341,4,64
2,0.2599,-0.0032,-0.0343,1.5994,6.8400,0.5000,15.0000,0.0000,4,1.1380,-0.0548,4,64
3,0.4347,-0.0104,-0.0479,1.8994,6.7600,0.5000,15.0000,0.0000,0,0.4347,-0.0104,10,160
3,0.4347,-0.0104,-0.0479,1.8994,6.7600,0.5000,15.0000,0.0000,1,0.6393,-0.0216,10,160
3,0.4347,-0.0104,-0.0479,1.8994,6.7600,0.5000,15.0000,0.0000,2,0.8741,-0.0263,10,160
3,0.4347,-0.0104,-0.0479,1.8994,6.7600,0.5000,15.0000,0.0000,3,1.1385,-0.0105,10,160
3,0.4347,-0.0104,-0.0479,1.8994,6.7600,0.5000,15.0000,0.0000,4,1.4323,0.0142,10,160
4,0.6393,-0.0216,-0.0610,2.1993,6.6800,0.5000,15.0000,0.0000,0,0.6393,-0.0216,7,112
4,0.6393,-0.0216,-0.0610,2.1993,6.6800,0.5000,15.0000,0.0000,1,0.8734,-0.0408,7,112
4,0.6393,-0.0216,-0.0610,2.1993,6.6800,0.5000,15.0000,0.0000,2,1.1366,-0.0714,7,112
4,0.6393,-0.0216,-0.0610,2.1993,6.6800,0.5000,15.0000,0.0000,3,1.4283,-0.1146,7,112
4,0.6393,-0.0216,-0.0610,2.1993,6.6800,0.5000,15.0000,0.0000,4,1.7485,-0.1696,7,112
5,0.8734,-0.0408,-0.1013,2.4993,6.6000,0.5000,15.0000,0.0000,0,0.8734,-0.0408,6,96
5,0.8734,-0.0408,-0.1013,2.4993,6.6000,0.5000,15.0000,0.0000,1,1.1364,-0.0728,6,96
5,0.8734,-0.0408,-0.1013,2.4993,6.6000,0.5000,15.0000,0.0000,2,1.4285,-0.1135,6,96
5,0.8734,-0.0408,-0.1013,2.4993,6.6000,0.5000,15.0000,0.0000,3,1.7500,-0.1607,6,96
5,0.8734,-0.0408,-0.1013,2.4993,6.6000,0.5000,15.0000,0.0000,4,2.1001,-0.2191,6,96
6,1.1364,-0.0728,-0.1406,2.7993,6.5200,0.5000,15.0000,0.0000,0,1.1364,-0.0728,14,224
6,1.1364,-0.0728,-0.1406,2.7993,6.5200,0.5000,15.0000,0.0000,1,1.4281,-0.1161,14,224
6,1.1364,-0.0728,-0.1406,2.7993,6.5200,0.5000,15.0000,0.0000,2,1.7487,-0.1691,14,224
6,1.1364,-0.0728,-0.1406,2.7993,6.5200,0.5000,15.0000,0.0000,3,2.0975,-0.2348,14,224
6,1.1364,-0.0728,-0.1406,2.7993,6.5200,0.5000,15.0000,0.0000,4,2.4750,-0.3099,14,224
7,1.4281,-0.1161,-0.1537,3.0993,6.4400,0.5000,15.0000,0.0000,0,1.4281,-0.1161,5,80
7,1.4281,-0.1161,-0.1537,3.0993,6.4400,0.5000,15.0000,0.0000,1,1.7471,-0.1774,5,80
7,1.4281,-0.1161,-0.1537,3.0993,6.4400,0.5000,15.0000,0.0000,2,2.0946,-0.2496,5,80
7,1.4281,-0.1161,-0.1537,3.0993,6.4400,0.5000,15.0000,0.0000,3,2.4725,-0.3229,5,80
7,1.4281,-0.1161,-0.1537,3.0993,6.4400,0.5000,15.0000,0.0000,4,2.8776,-0.4127,5,80
8,1.7471,-0.1774,-0.2251,3.3993,6.3600,0.5000,15.0000,0.0000,0,1.7471,-0.1774,10,160
8,1.7471,-0.1774,-0.2251,3.3993,6.3600,0.5000,15.0000,0.0000,1,2.0948,-0.2485,10,160
8,1.7471,-0.1774,-0.2251,3.3993,6.3600,0.5000,15.0000,0.0000,2,2.4731,-0.3198,10,160
8,1.7471,-0.1774,-0.2251,3.3993,6.3600,0.5000,15.0000,0.0000,3,2.8788,-0.4066,10,160
8,1.7471,-0.1774,-0.2251,3.3993,6.3600,0.5000,15.0000,0.0000,4,3.3108,-0.5132,10,160
9,2.0948,-0.2485,-0.1791,3.6993,6.2800,0.5000,15.0000,0.0000,0,2.0948,-0.2485,9,144
9,2.0948,-0.2485,-0.1791,3.6993,6.2800,0.5000,15.0000,0.0000,1,2.4737,-0.3163,9,144
9,2.0948,-0.2485,-0.1791,3.6993,6.2800,0.5000,15.0000,0.0000,2,2.8810,-0.3957,9,144
9,2.0948,-0.2485,-0.1791,3.6993,6.2800,0.5000,15.0000,0.0000,3,3.3143,-0.4965,9,144
9,2.0948,-0.2485,-0.1791,3.6993,6.2800,0.5000,15.0000,0.0000,4,3.7721,-0.6228,9,144
10,2.4737,-0.3163,-0.1750,3.9992,6.2000,0.5000,15.0000,0.0000,0,2.4737,-0.3163,10,160
10,2.4737,-0.3163,-0.1750,3.9992,6.2000,0.5000,15.0000,0.0000,1,2.8806,-0.3978,10,160
10,2.4737,-0.3163,-0.1750,3.9992,6.2000,0.5000,15.0000,0.0000,2,3.3141,-0.4978,10,160
10,2.4737,-0.3163,-0.1750,3.9992,6.2000,0.5000,15.0000,0.0000,3,3.7729,-0.6201,10,160
10,2.4737,-0.3163,-0.1750,3.9992,6.2000,0.5000,15.0000,0.0000,4,4.2577,-0.7612,10,160
11,2.8806,-0.3978,-0.2197,4.2992,6.1200,0.5000,15.0000,0.0000,0,2.8806,-0.3978,9,144
11,2.8806,-0.3978,-0.2197,4.2992,6.1200,0.5000,15.0000,0.0000,1,3.3136,-0.4999,9,144
11,2.8806,-0.3978,-0.2197,4.2992,6.1200,0.5000,15.0000,0.0000,2,3.7722,-0.6232,9,144
11,2.8806,-0.3978,-0.2197,4.2992,6.1200,0.5000,15.0000,0.0000,3,4.2572,-0.7636,9,144
11,2.8806,-0.3978,-0.2197,4.2992,6.1200,0.5000,15.0000,0.0000,4,4.7765,-0.8912,9,144
12,3.3136,-0.4999,-0.2431,4.5991,6.0400,0.5000,15.0000,0.0000,0,3.3136,-0.4999,8,128
12,3.3136,-0.4999,-0.2431,4.5991,6.0400,0.5000,15.0000,0.0000,1,3.7729,-0.6206,8,128
12,3.3136,-0.4999,-0.2431,4.5991,6.0400,0.5000,15.0000,0.0000,2,4.2590,-0.7569,8,128
12,3.3136,-0.4999,-0.2431,4.5991,6.0400,0.5000,15.0000,0.0000,3,4.7791,-0.8816,8,128
12,3.3136,-0.4999,-0.2431,4.5991,6.0400,0.5000,15.0000,0.0000,4,5.3370,-0.9690,8,128
13,3.7729,-0.6206,-0.2709,4.8991,5.9600,0.5000,15.0000,0.0000,0,3.7729,-0.6206,6,96
13,3.7729,-0.6206,-0.2709,4.8991,5.9600,0.5000,15.0000,0.0000,1,4.2597,-0.7547,6,96
13,3.7729,-0.6206,-0.2709,4.8991,5.9600,0.5000,15.0000,0.0000,2,4.7808,-0.8747,6,96
13,3.7729,-0.6206,-0.2709,4.8991,5.9600,0.5000,15.0000,0.0000,3,5.3395,-0.9571,6,96
13,3.7729,-0.6206,-0.2709,4.8991,5.9600,0.5000,15.0000,0.0000,4,5.9329,-0.9966,6,96
14,4.2597,-0.7547,-0.2667,5.1991,5.8800,0.5000,15.0000,0.0000,0,4.2597,-0.7547,9,144
14,4.2597,-0.7547,-0.2667,5.1991,5.8800,0.5000,15.0000,0.0000,1,4.7808,-0.8748,9,144
14,4.2597,-0.7547,-0.2667,5.1991,5.8800,0.5000,15.0000,0.0000,2,5.3395,-0.9572,9,144
14,4.2597,-0.7547,-0.2667,5.1991,5.8800,0.5000,15.0000,0.0000,3,5.9329,-0.9967,9,144
14,4.2597,-0.7547,-0.2667,5.1991,5.8800,0.5000,15.0000,0.0000,4,6.5576,-0.9883,9,144
15,4.7808,-0.8748,-0.1868,5.4991,5.8000,0.5000,15.0000,0.0000,0,4.7808,-0.8748,4,64
15,4.7808,-0.8748,-0.1868,5.4991,5.8000,0.5000,15.0000,0.0000,1,5.3395,-0.9572,4,64
15,4.7808,-0.8748,-0.1868,5.4991,5.8000,0.5000,15.0000,0.0000,2,5.9329,-0.9967,4,64
15,4.7808,-0.8748,-0.1868,5.4991,5.8000,0.5000,15.0000,0.0000,3,6.5576,-0.9883,4,64
15,4.7808,-0.8748,-0.1868,5.4991,5.8000,0.5000,15.0000,0.0000,4,7.2123,-0.9770,4,64
16,5.3395,-0.9572,-0.1068,5.7991,5.7200,0.5000,15.0000,0.0000,0,5.3395,-0.9572,4,64
16,5.3395,-0.9572,-0.1068,5.7991,5.7200,0.5000,15.0000,0.0000,1,5.9329,-0.9967,4,64
16,5.3395,-0.9572,-0.1068,5.7991,5.7200,0.5000,15.0000,0.0000,2,6.5576,-0.9883,4,64
16,5.3395,-0.9572,-0.1068,5.7991,5.7200,0.5000,15.0000,0.0000,3,7.2095,-0.9272,4,64
16,5.3395,-0.9572,-0.1068,5.7991,5.7200,0.5000,15.0000,0.0000,4,7.8863,-0.8227,4,64
17,5.9329,-0.9967,-0.0268,6.0991,5.6400,0.5000,15.0000,0.0000,0,5.9329,-0.9967,7,112
17,5.9329,-0.9967,-0.0268,6.0991,5.6400,0.5000,15.0000,0.0000,1,6.5576,-0.9883,7,112
17,5.9329,-0.9967,-0.0268,6.0991,5.6400,0.5000,15.0000,0.0000,2,7.2122,-0.9704,7,112
17,5.9329,-0.9967,-0.0268,6.0991,5.6400,0.5000,15.0000,0.0000,3,7.8962,-0.9415,7,112
17,5.9329,-0.9967,-0.0268,6.0991,5.6400,0.5000,15.0000,0.0000,4,8.6056,-0.8545,7,112
18,6.5576,-0.9883,0.0532,6.3989,5.5600,0.5000,15.0000,0.0000,0,6.5576,-0.9883,6,96
18,6.5576,-0.9883,0.0532,6.3989,5.5600,0.5000,15.0000,0.0000,1,7.2095,-0.9272,6,96
18,6.5576,-0.9883,0.0532,6.3989,5.5600,0.5000,15.0000,0.0000,2,7.8868,-0.8263,6,96
18,6.5576,-0.9883,0.0532,6.3989,5.5600,0.5000,15.0000,0.0000,3,8.5961,-0.7392,6,96
18,6.5576,-0.9883,0.0532,6.3989,5.5600,0.5000,15.0000,0.0000,4,9.3401,-0.7077,6,96
19,7.2095,-0.9272,0.1331,6.6986,5.4800,0.5000,15.0000,0.0000,0,7.2095,-0.9272,15,240
19,7.2095,-0.9272,0.1331,6.6986,5.4800,0.5000,15.0000,0.0000,1,7.8910,-0.8617,15,240
19,7.2095,-0.9272,0.1331,6.6986,5.4800,0.5000,15.0000,0.0000,2,8.6022,-0.7909,15,240
19,7.2095,-0.9272,0.1331,6.6986,5.4800,0.5000,15.0000,0.0000,3,9.3349,-0.6582,15,240
19,7.2095,-0.9272,0.1331,6.6986,5.4800,0.5000,15.0000,0.0000,4,10.0457,-0.4704,15,240
20,7.8910,-0.8617,0.0591,6.9986,5.4000,0.5000,15.0000,0.0000,0,7.8910,-0.8617,15,240
20,7.8910,-0.8617,0.0591,6.9986,5.4000,0.5000,15.0000,0.0000,1,8.6052,-0.8322,15,240
20,7.8910,-0.8617,0.0591,6.9986,5.4000,0.5000,15.0000,0.0000,2,9.3498,-0.8445,15,240
20,7.8910,-0.8617,0.0591,6.9986,5.4000,0.5000,15.0000,0.0000,3,10.0842,-0.8648,15,240
20,7.8910,-0.8617,0.0591,6.9986,5.4000,0.5000,15.0000,0.0000,4,10.7683,-0.8366,15,240
21,8.6052,-0.8322,0.0237,7.2986,5.3200,0.5000,15.0000,0.0000,0,8.6052,-0.8322,15,240
21,8.6052,-0.8322,0.0237,7.2986,5.3200,0.5000,15.0000,0.0000,1,9.3484,-0.7846,15,240
21,8.6052,-0.8322,0.0237,7.2986,5.3200,0.5000,15.0000,0.0000,2,10.0761,-0.6796,15,240
21,8.6052,-0.8322,0.0237,7.2986,5.3200,0.5000,15.0000,0.0000,3,10.7449,-0.5277,15,240
21,8.6052,-0.8322,0.0237,7.2986,5.3200,0.5000,15.0000,0.0000,4,11.3649,-0.3862,15,240
22,9.3484,-0.7846,0.1037,7.5985,5.2400,0.5000,15.0000,0.0000,0,9.3484,-0.7846,3,48
22,9.3484,-0.7846,0.1037,7.5985,5.2400,0.5000,15.0000,0.0000,1,10.0815,-0.7374,3,48
22,9.3484,-0.7846,0.1037,7.5985,5.2400,0.5000,15.0000,0.0000,2,10.7662,-0.7244,3,48
22,9.3484,-0.7846,0.1037,7.5985,5.2400,0.5000,15.0000,0.0000,3,11.4000,-0.6904,3,48
22,9.3484,-0.7846,0.1037,7.5985,5.2400,0.5000,15.0000,0.0000,4,11.9795,-0.6125,3,48
23,10.0815,-0.7374,0.0238,7.0985,5.1600,0.5000,15.0000,0.0000,0,10.0815,-0.7374,4,64
23,10.0815,-0.7374,0.0238,7.0985,5.1600,0.5000,15.0000,0.0000,1,10.7648,-0.6941,4,64
23,10.0815,-0.7374,0.0238,7.0985,5.1600,0.5000,15.0000,0.0000,2,11.3930,-0.6035,4,64
23,10.0815,-0.7374,0.0238,7.0985,5.1600,0.5000,15.0000,0.0000,3,11.9694,-0.5047,4,64
23,10.0815,-0.7374,0.0238,7.0985,5.1600,0.5000,15.0000,0.0000,4,12.4987,-0.4275,4,64
24,10.7648,-0.6941,0.1038,6.5985,5.0800,0.5000,15.0000,0.0000,0,10.7648,-0.6941,9,144
24,10.7648,-0.6941,0.1038,6.5985,5.0800,0.5000,15.0000,0.0000,1,11.3951,-0.6181,9,144
24,10.7648,-0.6941,0.1038,6.5985,5.0800,0.5000,15.0000,0.0000,2,11.9730,-0.5287,9,144
24,10.7648,-0.6941,0.1038,6.5985,5.0800,0.5000,15.0000,0.0000,3,12.4992,-0.4330,9,144
24,10.7648,-0.6941,0.1038,6.5985,5.0800,0.5000,15.0000,0.0000,4,12.9757,-0.3430,9,144
25,11.3951,-0.6181,0.1367,6.0985,5.0000,0.5000,15.0000,0.0000,0,11.3951,-0.6181,3,48
25,11.3951,-0.6181,0.1367,6.0985,5.0000,0.5000,15.0000,0.0000,1,11.9731,-0.5293,3,48
25,11.3951,-0.6181,0.1367,6.0985,5.0000,0.5000,15.0000,0.0000,2,12.5003,-0.4391,3,48
25,11.3951,-0.6181,0.1367,6.0985,5.0000,0.5000,15.0000,0.0000,3,12.9782,-0.3569,3,48
25,11.3951,-0.6181,0.1367,6.0985,5.0000,0.5000,15.0000,0.0000,4,13.4070,-0.2846,3,48
26,11.9731,-0.5293,0.1685,5.5986,4.9200,0.5000,15.0000,0.0000,0,11.9731,-0.5293,15,240
26,11.9731,-0.5293,0.1685,5.5986,4.9200,0.5000,15.0000,0.0000,1,12.5003,-0.4389,15,240
26,11.9731,-0.5293,0.1685,5.5986,4.9200,0.5000,15.0000,0.0000,2,12.9782,-0.3569,15,240
26,11.9731,-0.5293,0.1685,5.5986,4.9200,0.5000,15.0000,0.0000,3,13.4073,-0.2866,15,240
26,11.9731,-0.5293,0.1685,5.5986,4.9200,0.5000,15.0000,0.0000,4,13.7880,-0.2296,15,240
27,12.5003,-0.4389,0.1714,5.0987,4.8400,0.5000,15.0000,0.0000,0,12.5003,-0.4389,3,48
27,12.5003,-0.4389,0.1714,5.0987,4.8400,0.5000,15.0000,0.0000,1,12.9783,-0.3575,3,48
27,12.5003,-0.4389,0.1714,5.0987,4.8400,0.5000,15.0000,0.0000,2,13.4076,-0.2882,3,48
27,12.5003,-0.4389,0.1714,5.0987,4.8400,0.5000,15.0000,0.0000,3,13.7882,-0.2311,3,48
27,12.5003,-0.4389,0.1714,5.0987,4.8400,0.5000,15.0000,0.0000,4,14.1174,-0.1702,3,48
28,12.9783,-0.3575,0.1659,4.5987,4.7600,0.5000,15.0000,0.0000,0,12.9783,-0.3575,6,96
28,12.9783,-0.3575,0.1659,4.5987,4.7600,0.5000,15.0000,0.0000,1,13.4077,-0.2891,6,96
28,12.9783,-0.3575,0.1659,4.5987,4.7600,0.5000,15.0000,0.0000,2,13.7874,-0.2260,6,96
28,12.9783,-0.3575,0.1659,4.5987,4.7600,0.5000,15.0000,0.0000,3,14.1142,-0.1531,6,96
28,12.9783,-0.3575,0.1659,4.5987,4.7600,0.5000,15.0000,0.0000,4,14.3863,-0.0691,6,96
29,13.4077,-0.2891,0.1495,4.0988,4.6800,0.5000,15.0000,0.0000,0,13.4077,-0.2891,7,112
29,13.4077,-0.2891,0.1495,4.0988,4.6800,0.5000,15.0000,0.0000,1,13.7870,-0.2240,7,112
29,13.4077,-0.2891,0.1495,4.0988,4.6800,0.5000,15.0000,0.0000,2,14.1130,-0.1474,7,112
29,13.4077,-0.2891,0.1495,4.0988,4.6800,0.5000,15.0000,0.0000,3,14.3841,-0.0603,7,112
29,13.4077,-0.2891,0.1495,4.0988,4.6800,0.5000,15.0000,0.0000,4,14.6076,0.0120,7,112
30,13.7870,-0.2240,0.1918,3.5989,4.6000,0.5000,15.0000,0.0000,0,13.7870,-0.2240,3,48
30,13.7870,-0.2240,0.1918,3.5989,4.6000,0.5000,15.0000,0.0000,1,14.1130,-0.1474,3,48
30,13.7870,-0.2240,0.1918,3.5989,4.6000,0.5000,15.0000,0.0000,2,14.3841,-0.0603,3,48
30,13.7870,-0.2240,0.1918,3.5989,4.6000,0.5000,15.0000,0.0000,3,14.6075,0.0120,3,48
30,13.7870,-0.2240,0.1918,3.5989,4.6000,0.5000,15.0000,0.0000,4,14.7874,0.0548,3,48
31,14.1130,-0.1474,0.2718,3.0989,4.5200,0.5000,15.0000,0.0000,0,14.1130,-0.1474,3,48
31,14.1130,-0.1474,0.2718,3.0989,4.5200,0.5000,15.0000,0.0000,1,14.3841,-0.0603,3,48
31,14.1130,-0.1474,0.2718,3.0989,4.5200,0.5000,15.0000,0.0000,2,14.6073,0.0128,3,48
31,14.1130,-0.1474,0.2718,3.0989,4.5200,0.5000,15.0000,0.0000,3,14.7868,0.0570,3,48
31,14.1130,-0.1474,0.2718,3.0989,4.5200,0.5000,15.0000,0.0000,4,14.9199,0.0787,3,48
32,14.3841,-0.0603,0.3518,2.5989,4.4400,0.5000,15.0000,0.0000,0,14.3841,-0.0603,4,64
32,14.3841,-0.0603,0.3518,2.5989,4.4400,0.5000,15.0000,0.0000,1,14.6069,0.0140,4,64
32,14.3841,-0.0603,0.3518,2.5989,4.4400,0.5000,15.0000,0.0000,2,14.7860,0.0600,4,64
32,14.3841,-0.0603,0.3518,2.5989,4.4400,0.5000,15.0000,0.0000,3,14.9188,0.0830,4,64
32,14.3841,-0.0603,0.3518,2.5989,4.4400,0.5000,15.0000,0.0000,4,15.0033,0.0910,4,64
33,14.6069,0.0140,0.2897,2.0989,4.3600,0.5000,15.0000,0.0000,0,14.6069,0.0140,5,80
33,14.6069,0.0140,0.2897,2.0989,4.3600,0.5000,15.0000,0.0000,1,14.7860,0.0600,5,80
33,14.6069,0.0140,0.2897,2.0989,4.3600,0.5000,15.0000,0.0000,2,14.9188,0.0830,5,80
33,14.6069,0.0140,0.2897,2.0989,4.3600,0.5000,15.0000,0.0000,3,15.0033,0.0910,5,80
33,14.6069,0.0140,0.2897,2.0989,4.3600,0.5000,15.0000,0.0000,4,15.0408,0.0916,5,80
34,14.7860,0.0600,0.2097,1.5989,4.2800,0.5000,15.0000,0.0000,0,14.7860,0.0600,3,48
34,14.7860,0.0600,0.2097,1.5989,4.2800,0.5000,15.0000,0.0000,1,14.9188,0.0830,3,48
34,14.7860,0.0600,0.2097,1.5989,4.2800,0.5000,15.0000,0.0000,2,15.0033,0.0910,3,48
34,14.7860,0.0600,0.2097,1.5989,4.2800,0.5000,15.0000,0.0000,3,15.0393,0.0916,3,48
34,14.7860,0.0600,0.2097,1.5989,4.2800,0.5000,15.0000,0.0000,4,15.0506,0.0909,3,48
35,14.9188,0.0830,0.1297,1.0989,4.2000,0.5000,15.0000,0.0000,0,14.9188,0.0830,3,48
35,14.9188,0.0830,0.1297,1.0989,4.2000,0.5000,15.0000,0.0000,1,15.0033,0.0910,3,48
35,14.9188,0.0830,0.1297,1.0989,4.2000,0.5000,15.0000,0.0000,2,15.0383,0.0916,3,48
35,14.9188,0.0830,0.1297,1.0989,4.2000,0.5000,15.0000,0.0000,3,15.0476,0.0910,3,48
35,14.9188,0.0830,0.1297,1.0989,4.2000,0.5000,15.0000,0.0000,4,15.0574,0.0895,3,48
36,15.0033,0.0910,0.0497,0.5989,4.1200,0.5000,15.0000,0.0000,0,15.0033,0.0910,5,80
36,15.0033,0.0910,0.0497,0.5989,4.1200,0.5000,15.0000,0.0000,1,15.0382,0.0916,5,80
36,15.0033,0.0910,0.0497,0.5989,4.1200,0.5000,15.0000,0.0000,2,15.0469,0.0910,5,80
36,15.0033,0.0910,0.0497,0.5989,4.1200,0.5000,15.0000,0.0000,3,15.0552,0.0898,5,80
36,15.0033,0.0910,0.0497,0.5989,4.1200,0.5000,15.0000,0.0000,4,15.0651,0.0874,5,80
37,15.0382,0.0916,-0.0303,0.0989,4.0400,0.5000,15.0000,0.0000,0,15.0382,0.0916,7,112
37,15.0382,0.0916,-0.0303,0.0989,4.0400,0.5000,15.0000,0.0000,1,15.0466,0.0911,7,112
37,15.0382,0.0916,-0.0303,0.0989,4.0400,0.5000,15.0000,0.0000,2,15.0538,0.0900,7,112
37,15.0382,0.0916,-0.0303,0.0989,4.0400,0.5000,15.0000,0.0000,3,15.0621,0.0880,7,112
37,15.0382,0.0916,-0.0303,0.0989,4.0400,0.5000,15.0000,0.0000,4,15.0717,0.0849,7,112
38,15.0466,0.0911,-0.1103,0.0691,3.9600,0.5000,15.0000,0.0000,0,15.0466,0.0911,6,96
38,15.0466,0.0911,-0.1103,0.0691,3.9600,0.5000,15.0000,0.0000,1,15.0534,0.0900,6,96
38,15.0466,0.0911,-0.1103,0.0691,3.9600,0.5000,15.0000,0.0000,2,15.0606,0.0883,6,96
38,15.0466,0.0911,-0.1103,0.0691,3.9600,0.5000,15.0000,0.0000,3,15.0687,0.0858,6,96
38,15.0466,0.0911,-0.1103,0.0691,3.9600,0.5000,15.0000,0.0000,4,15.0781,0.0818,6,96
39,15.0534,0.0900,-0.1903,0.0700,3.8800,0.5000,15.0000,0.0000,0,15.0534,0.0900,15,240
39,15.0534,0.0900,-0.1903,0.0700,3.8800,0.5000,15.0000,0.0000,1,15.0602,0.0884,15,240
39,15.0534,0.0900,-0.1903,0.0700,3.8800,0.5000,15.0000,0.0000,2,15.0673,0.0862,15,240
39,15.0534,0.0900,-0.1903,0.0700,3.8800,0.5000,15.0000,0.0000,3,15.0752,0.0829,15,240
39,15.0534,0.0900,-0.1903,0.0700,3.8800,0.5000,15.0000,0.0000,4,15.0844,0.0782,15,240
40,15.0602,0.0884,-0.2703,0.0696,3.8000,0.5000,15.0000,0.0000,0,15.0602,0.0884,9,144
40,15.0602,0.0884,-0.2703,0.0696,3.8000,0.5000,15.0000,0.0000,1,15.0669,0.0863,9,144
40,15.0602,0.0884,-0.2703,0.0696,3.8000,0.5000,15.0000,0.0000,2,15.0738,0.0835,9,144
40,15.0602,0.0884,-0.2703,0.0696,3.8000,0.5000,15.0000,0.0000,3,15.0815,0.0795,9,144
40,15.0602,0.0884,-0.2703,0.0696,3.8000,0.5000,15.0000,0.0000,4,15.0905,0.0740,9,144
41,15.0669,0.0863,-0.3503,0.0700,3.7200,0.5000,15.0000,0.0000,0,15.0669,0.0863,15,240
41,15.0669,0.0863,-0.3503,0.0700,3.7200,0.5000,15.0000,0.0000,1,15.0734,0.0836,15,240
41,15.0669,0.0863,-0.3503,0.0700,3.7200,0.5000,15.0000,0.0000,2,15.0801,0.0802,15,240
41,15.0669,0.0863,-0.3503,0.0700,3.7200,0.5000,15.0000,0.0000,3,15.0877,0.0756,15,240
41,15.0669,0.0863,-0.3503,0.0700,3.7200,0.5000,15.0000,0.0000,4,15.0963,0.0692,15,240
42,15.0734,0.0836,-0.4303,0.0710,3.6400,0.5000,15.0000,0.0000,0,15.0734,0.0836,15,240
42,15.0734,0.0836,-0.4303,0.0710,3.6400,0.5000,15.0000,0.0000,1,15.0798,0.0804,15,240
42,15.0734,0.0836,-0.4303,0.0710,3.6400,0.5000,15.0000,0.0000,2,15.0864,0.0763,15,240
42,15.0734,0.0836,-0.4303,0.0710,3.6400,0.5000,15.0000,0.0000,3,15.0936,0.0710,15,240
42,15.0734,0.0836,-0.4303,0.0710,3.6400,0.5000,15.0000,0.0000,4,15.1019,0.0639,15,240
43,15.0798,0.0804,-0.5103,0.0722,3.5600,0.5000,15.0000,0.0000,0,15.0798,0.0804,15,240
43,15.0798,0.0804,-0.5103,0.0722,3.5600,0.5000,15.0000,0.0000,1,15.0860,0.0766,15,240
43,15.0798,0.0804,-0.5103,0.0722,3.5600,0.5000,15.0000,0.0000,2,15.0924,0.0719,15,240
43,15.0798,0.0804,-0.5103,0.0722,3.5600,0.5000,15.0000,0.0000,3,15.0993,0.0659,15,240
43,15.0798,0.0804,-0.5103,0.0722,3.5600,0.5000,15.0000,0.0000,4,15.1071,0.0580,15,240
44,15.0860,0.0766,-0.5903,0.0737,3.4800,0.5000,15.0000,0.0000,0,15.0860,0.0766,3,48
44,15.0860,0.0766,-0.5903,0.0737,3.4800,0.5000,15.0000,0.0000,1,15.0920,0.0722,3,48
44,15.0860,0.0766,-0.5903,0.0737,3.4800,0.5000,15.0000,0.0000,2,15.0981,0.0669,3,48
44,15.0860,0.0766,-0.5903,0.0737,3.4800,0.5000,15.0000,0.0000,3,15.1047,0.0602,3,48
44,15.0860,0.0766,-0.5903,0.0737,3.4800,0.5000,15.0000,0.0000,4,15.1120,0.0516,3,48
45,15.0920,0.0722,-0.6703,0.0754,3.4000,0.5000,15.0000,0.0000,0,15.0920,0.0722,15,240
45,15.0920,0.0722,-0.6703,0.0754,3.4000,0.5000,15.0000,0.0000,1,15.0978,0.0672,15,240
45,15.0920,0.0722,-0.6703,0.0754,3.4000,0.5000,15.0000,0.0000,2,15.1036,0.0613,15,240
45,15.0920,0.0722,-0.6703,0.0754,3.4000,0.5000,15.0000,0.0000,3,15.1098,0.0540,15,240
45,15.0920,0.0722,-0.6703,0.0754,3.4000,0.5000,15.0000,0.0000,4,15.1165,0.0446,15,240
46,15.0978,0.0672,-0.7503,0.0772,3.3200,0.5000,15.0000,0.0000,0,15.0978,0.0672,15,240
46,15.0978,0.0672,-0.7503,0.0772,3.3200,0.5000,15.0000,0.0000,1,15.1033,0.0617,15,240
46,15.0978,0.0672,-0.7503,0.0772,3.3200,0.5000,15.0000,0.0000,2,15.1087,0.0552,15,240
46,15.0978,0.0672,-0.7503,0.0772,3.3200,0.5000,15.0000,0.0000,3,15.1144,0.0472,15,240
46,15.0978,0.0672,-0.7503,0.0772,3.3200,0.5000,15.0000,0.0000,4,15.1204,0.0372,15,240
47,15.1033,0.0617,-0.8303,0.0790,3.2400,0.5000,15.0000,0.0000,0,15.1033,0.0617,15,240
47,15.1033,0.0617,-0.8303,0.0790,3.2400,0.5000,15.0000,0.0000,1,15.1084,0.0555,15,240
47,15.1033,0.0617,-0.8303,0.0790,3.2400,0.5000,15.0000,0.0000,2,15.1134,0.0485,15,240
47,15.1033,0.0617,-0.8303,0.0790,3.2400,0.5000,15.0000,0.0000,3,15.1186,0.0400,15,240
47,15.1033,0.0617,-0.8303,0.0790,3.2400,0.5000,15.0000,0.0000,4,15.1239,0.0293,15,240
48,15.1084,0.0555,-0.9103,0.0809,3.1600,0.5000,15.0000,0.0000,0,15.1084,0.0555,4,64
48,15.1084,0.0555,-0.9103,0.0809,3.1600,0.5000,15.0000,0.0000,1,15.1132,0.0489,4,64
48,15.1084,0.0555,-0.9103,0.0809,3.1600,0.5000,15.0000,0.0000,2,15.1177,0.0413,4,64
48,15.1084,0.0555,-0.9103,0.0809,3.1600,0.5000,15.0000,0.0000,3,15.1222,0.0322,4,64
48,15.1084,0.0555,-0.9103,0.0809,3.1600,0.5000,15.0000,0.0000,4,15.1267,0.0209,4,64
49,15.1132,0.0489,-0.9903,0.0828,3.0800,0.5000,15.0000,0.0000,0,15.1132,0.0489,5,80
49,15.1132,0.0489,-0.9903,0.0828,3.0800,0.5000,15.0000,0.0000,1,15.1175,0.0417,5,80
49,15.1132,0.0489,-0.9903,0.0828,3.0800,0.5000,15.0000,0.0000,2,15.1215,0.0336,5,80
49,15.1132,0.0489,-0.9903,0.0828,3.0800,0.5000,15.0000,0.0000,3,15.1253,0.0240,5,80
49,15.1132,0.0489,-0.9903,0.0828,3.0800,0.5000,15.0000,0.0000,4,15.1290,0.0123,5,80
50,15.1175,0.0417,-1.0703,0.0847,3.0000,0.5000,15.0000,0.0000,0,15.1175,0.0417,5,80
50,15.1175,0.0417,-1.0703,0.0847,3.0000,0.5000,15.0000,0.0000,1,15.1213,0.0340,5,80
50,15.1175,0.0417,-1.0703,0.0847,3.0000,0.5000,15.0000,0.0000,2,15.1247,0.0255,5,80
50,15.1175,0.0417,-1.0703,0.0847,3.0000,0.5000,15.0000,0.0000,3,15.1278,0.0154,5,80
50,15.1175,0.0417,-1.0703,0.0847,3.0000,0.5000,15.0000,0.0000,4,15.1305,0.0032,5,80
51,15.1213,0.0340,-1.1503,0.0865,2.9200,0.5000,15.0000,0.0000,0,15.1213,0.0340,15,240
51,15.1213,0.0340,-1.1503,0.0865,2.9200,0.5000,15.0000,0.0000,1,15.1245,0.0259,15,240
51,15.1213,0.0340,-1.1503,0.0865,2.9200,0.5000,15.0000,0.0000,2,15.1273,0.0170,15,240
51,15.1213,0.0340,-1.1503,0.0865,2.9200,0.5000,15.0000,0.0000,3,15.1296,0.0065,15,240
51,15.1213,0.0340,-1.1503,0.0865,2.9200,0.5000,15.0000,0.0000,4,15.1314,-0.0060,15,240
52,15.1245,0.0259,-1.2303,0.0883,2.8400,0.5000,15.0000,0.0000,0,15.1245,0.0259,15,240
52,15.1245,0.0259,-1.2303,0.0883,2.8400,0.5000,15.0000,0.0000,1,15.1272,0.0174,15,240
52,15.1245,0.0259,-1.2303,0.0883,2.8400,0.5000,15.0000,0.0000,2,15.1293,0.0081,15,240
52,15.1245,0.0259,-1.2303,0.0883,2.8400,0.5000,15.0000,0.0000,3,15.1308,-0.0026,15,240
52,15.1245,0.0259,-1.2303,0.0883,2.8400,0.5000,15.0000,0.0000,4,15.1315,-0.0155,15,240
53,15.1272,0.0174,-1.3103,0.0900,2.7600,0.5000,15.0000,0.0000,0,15.1272,0.0174,15,240
53,15.1272,0.0174,-1.3103,0.0900,2.7600,0.5000,15.0000,0.0000,1,15.1292,0.0086,15,240
53,15.1272,0.0174,-1.3103,0.0900,2.7600,0.5000,15.0000,0.0000,2,15.1305,-0.0010,15,240
53,15.1272,0.0174,-1.3103,0.0900,2.7600,0.5000,15.0000,0.0000,3,15.1312,-0.0120,15,240
53,15.1272,0.0174,-1.3103,0.0900,2.7600,0.5000,15.0000,0.0000,4,15.1309,-0.0250,15,240
54,15.1292,0.0086,-1.3903,0.0916,2.6800,0.5000,15.0000,0.0000,0,15.1292,0.0086,4,64
54,15.1292,0.0086,-1.3903,0.0916,2.6800,0.5000,15.0000,0.0000,1,15.1305,-0.0006,4,64
54,15.1292,0.0086,-1.3903,0.0916,2.6800,0.5000,15.0000,0.0000,2,15.1310,-0.0104,4,64
54,15.1292,0.0086,-1.3903,0.0916,2.6800,0.5000,15.0000,0.0000,3,15.1308,-0.0216,4,64
54,15.1292,0.0086,-1.3903,0.0916,2.6800,0.5000,15.0000,0.0000,4,15.1295,-0.0347,4,64
55,15.1305,-0.0006,-1.4703,0.0932,2.6000,0.5000,15.0000,0.0000,0,15.1305,-0.0006,6,96
55,15.1305,-0.0006,-1.4703,0.0932,2.6000,0.5000,15.0000,0.0000,1,15.1310,-0.0100,6,96
55,15.1305,-0.0006,-1.4703,0.0932,2.6000,0.5000,15.0000,0.0000,2,15.1308,-0.0199,6,96
55,15.1305,-0.0006,-1.4703,0.0932,2.6000,0.5000,15.0000,0.0000,3,15.1297,-0.0312,6,96
55,15.1305,-0.0006,-1.4703,0.0932,2.6000,0.5000,15.0000,0.0000,4,15.1273,-0.0443,6,96
56,15.1310,-0.0100,-1.5503,0.0947,2.5200,0.5000,15.0000,0.0000,0,15.1310,-0.0100,4,64
56,15.1310,-0.0100,-1.5503,0.0947,2.5200,0.5000,15.0000,0.0000,1,15.1308,-0.0195,4,64
56,15.1310,-0.0100,-1.5503,0.0947,2.5200,0.5000,15.0000,0.0000,2,15.1298,-0.0296,4,64
56,15.1310,-0.0100,-1.5503,0.0947,2.5200,0.5000,15.0000,0.0000,3,15.1278,-0.0408,4,64
56,15.1310,-0.0100,-1.5503,0.0947,2.5200,0.5000,15.0000,0.0000,4,15.1243,-0.0538,4,64
57,15.1308,-0.0195,-1.6303,0.0961,2.4400,0.5000,15.0000,0.0000,0,15.1308,-0.0195,4,64
57,15.1308,-0.0195,-1.6303,0.0961,2.4400,0.5000,15.0000,0.0000,1,15.1299,-0.0291,4,64
57,15.1308,-0.0195,-1.6303,0.0961,2.4400,0.5000,15.0000,0.0000,2,15.1280,-0.0392,4,64
57,15.1308,-0.0195,-1.6303,0.0961,2.4400,0.5000,15.0000,0.0000,3,15.1251,-0.0504,4,64
57,15.1308,-0.0195,-1.6303,0.0961,2.4400,0.5000,15.0000,0.0000,4,15.1205,-0.0631,4,64
58,15.1299,-0.0291,-1.7103,0.0974,2.3600,0.5000,15.0000,0.0000,0,15.1299,-0.0291,3,48
58,15.1299,-0.0291,-1.7103,0.0974,2.3600,0.5000,15.0000,0.0000,1,15.1281,-0.0388,3,48
58,15.1299,-0.0291,-1.7103,0.0974,2.3600,0.5000,15.0000,0.0000,2,15.1255,-0.0488,3,48
58,15.1299,-0.0291,-1.7103,0.0974,2.3600,0.5000,15.0000,0.0000,3,15.1215,-0.0598,3,48
58,15.1299,-0.0291,-1.7103,0.0974,2.3600,0.5000,15.0000,0.0000,4,15.1160,-0.0723,3,48
59,15.1281,-0.0388,-1.7903,0.0987,2.2800,0.5000,15.0000,0.0000,0,15.1281,-0.0388,15,240
59,15.1281,-0.0388,-1.7903,0.0987,2.2800,0.5000,15.0000,0.0000,1,15.1256,-0.0483,15,240
59,15.1281,-0.0388,-1.7903,0.0987,2.2800,0.5000,15.0000,0.0000,2,15.1221,-0.0582,15,240
59,15.1281,-0.0388,-1.7903,0.0987,2.2800,0.5000,15.0000,0.0000,3,15.1173,-0.0690,15,240
59,15.1281,-0.0388,-1.7903,0.0987,2.2800,0.5000,15.0000,0.0000,4,15.1107,-0.0811,15,240
60,15.1256,-0.0483,-1.8703,0.0998,2.2000,0.5000,15.0000,0.0000,0,15.1256,-0.0483,5,80
60,15.1256,-0.0483,-1.8703,0.0998,2.2000,0.5000,15.0000,0.0000,1,15.1222,-0.0578,5,80
60,15.1256,-0.0483,-1.8703,0.0998,2.2000,0.5000,15.0000,0.0000,2,15.1179,-0.0675,5,80
60,15.1256,-0.0483,-1.8703,0.0998,2.2000,0.5000,15.0000,0.0000,3,15.1122,-0.0779,5,80
60,15.1256,-0.0483,-1.8703,0.0998,2.2000,0.5000,15.0000,0.0000,4,15.1046,-0.0895,5,80
61,15.1222,-0.0578,-1.9503,0.1009,2.1200,0.5000,15.0000,0.0000,0,15.1222,-0.0578,15,240
61,15.1222,-0.0578,-1.9503,0.1009,2.1200,0.5000,15.0000,0.0000,1,15.1181,-0.0671,15,240
61,15.1222,-0.0578,-1.9503,0.1009,2.1200,0.5000,15.0000,0.0000,2,15.1130,-0.0765,15,240
61,15.1222,-0.0578,-1.9503,0.1009,2.1200,0.5000,15.0000,0.0000,3,15.1064,-0.0865,15,240
61,15.1222,-0.0578,-1.9503,0.1009,2.1200,0.5000,15.0000,0.0000,4,15.0978,-0.0975,15,240
62,15.1181,-0.0671,-2.0303,0.1020,2.0400,0.5000,15.0000,0.0000,0,15.1181,-0.0671,4,64
62,15.1181,-0.0671,-2.0303,0.1020,2.0400,0.5000,15.0000,0.0000,1,15.1132,-0.0761,4,64
62,15.1181,-0.0671,-2.0303,0.1020,2.0400,0.5000,15.0000,0.0000,2,15.1073,-0.0851,4,64
62,15.1181,-0.0671,-2.0303,0.1020,2.0400,0.5000,15.0000,0.0000,3,15.0999,-0.0946,4,64
62,15.1181,-0.0671,-2.0303,0.1020,2.0400,0.5000,15.0000,0.0000,4,15.0904,-0.1050,4,64
63,15.1132,-0.0761,-2.1103,0.1029,1.9600,0.5000,15.0000,0.0000,0,15.1132,-0.0761,3,48
63,15.1132,-0.0761,-2.1103,0.1029,1.9600,0.5000,15.0000,0.0000,1,15.1075,-0.0847,3,48
63,15.1132,-0.0761,-2.1103,0.1029,1.9600,0.5000,15.0000,0.0000,2,15.1009,-0.0933,3,48
63,15.1132,-0.0761,-2.1103,0.1029,1.9600,0.5000,15.0000,0.0000,3,15.0926,-0.1023,3,48
63,15.1132,-0.0761,-2.1103,0.1029,1.9600,0.5000,15.0000,0.0000,4,15.0823,-0.1119,3,48
64,15.1075,-0.0847,-2.1903,0.1038,1.8800,0.5000,15.0000,0.0000,0,15.1075,-0.0847,3,48
64,15.1075,-0.0847,-2.1903,0.1038,1.8800,0.5000,15.0000,0.0000,1,15.1012,-0.0929,3,48
64,15.1075,-0.0847,-2.1903,0.1038,1.8800,0.5000,15.0000,0.0000,2,15.0938,-0.1010,3,48
64,15.1075,-0.0847,-2.1903,0.1038,1.8800,0.5000,15.0000,0.0000,3,15.0848,-0.1094,3,48
64,15.1075,-0.0847,-2.1903,0.1038,1.8800,0.5000,15.0000,0.0000,4,15.0737,-0.1182,3,48
65,15.1012,-0.0929,-2.2703,0.1046,1.8000,0.5000,15.0000,0.0000,0,15.1012,-0.0929,4,64
65,15.1012,-0.0929,-2.2703,0.1046,1.8000,0.5000,15.0000,0.0000,1,15.0941,-0.1007,4,64
65,15.1012,-0.0929,-2.2703,0.1046,1.8000,0.5000,15.0000,0.0000,2,15.0860,-0.1082,4,64
65,15.1012,-0.0929,-2.2703,0.1046,1.8000,0.5000,15.0000,0.0000,3,15.0764,-0.1159,4,64
65,15.1012,-0.0929,-2.2703,0.1046,1.8000,0.5000,15.0000,0.0000,4,15.0645,-0.1238,4,64
66,15.0941,-0.1007,-2.3503,0.1054,1.7200,0.5000,15.0000,0.0000,0,15.0941,-0.1007,3,48
66,15.0941,-0.1007,-2.3503,0.1054,1.7200,0.5000,15.0000,0.0000,1,15.0864,-0.1079,3,48
66,15.0941,-0.1007,-2.3503,0.1054,1.7200,0.5000,15.0000,0.0000,2,15.0777,-0.1148,3,48
66,15.0941,-0.1007,-2.3503,0.1054,1.7200,0.5000,15.0000,0.0000,3,15.0674,-0.1217,3,48
66,15.0941,-0.1007,-2.3503,0.1054,1.7200,0.5000,15.0000,0.0000,4,15.0549,-0.1287,3,48
67,15.0864,-0.1079,-2.4303,0.1061,1.6400,0.5000,15.0000,0.0000,0,15.0864,-0.1079,4,64
67,15.0864,-0.1079,-2.4303,0.1061,1.6400,0.5000,15.0000,0.0000,1,15.0780,-0.1145,4,64
67,15.0864,-0.1079,-2.4303,0.1061,1.6400,0.5000,15.0000,0.0000,2,15.0687,-0.1207,4,64
67,15.0864,-0.1079,-2.4303,0.1061,1.6400,0.5000,15.0000,0.0000,3,15.0579,-0.1268,4,64
67,15.0864,-0.1079,-2.4303,0.1061,1.6400,0.5000,15.0000,0.0000,4,15.0449,-0.1328,4,64
68,15.0780,-0.1145,-2.5103,0.1067,1.5600,0.5000,15.0000,0.0000,0,15.0780,-0.1145,15,240
68,15.0780,-0.1145,-2.5103,0.1067,1.5600,0.5000,15.0000,0.0000,1,15.0691,-0.1205,15,240
68,15.0780,-0.1145,-2.5103,0.1067,1.5600,0.5000,15.0000,0.0000,2,15.0593,-0.1260,15,240
68,15.0780,-0.1145,-2.5103,0.1067,1.5600,0.5000,15.0000,0.0000,3,15.0480,-0.1312,15,240
68,15.0780,-0.1145,-2.5103,0.1067,1.5600,0.5000,15.0000,0.0000,4,15.0345,-0.1361,15,240
69,15.0691,-0.1205,-2.5903,0.1074,1.4800,0.5000,15.0000,0.0000,0,15.0691,-0.1205,4,64
69,15.0691,-0.1205,-2.5903,0.1074,1.4800,0.5000,15.0000,0.0000,1,15.0598,-0.1258,4,64
69,15.0691,-0.1205,-2.5903,0.1074,1.4800,0.5000,15.0000,0.0000,2,15.0495,-0.1305,4,64
69,15.0691,-0.1205,-2.5903,0.1074,1.4800,0.5000,15.0000,0.0000,3,15.0377,-0.1348,4,64
69,15.0691,-0.1205,-2.5903,0.1074,1.4800,0.5000,15.0000,0.0000,4,15.0238,-0.1386,4,64
70,15.0598,-0.1258,-2.6703,0.1079,1.4000,0.5000,15.0000,0.0000,0,15.0598,-0.1258,6,96
70,15.0598,-0.1258,-2.6703,0.1079,1.4000,0.5000,15.0000,0.0000,1,15.0499,-0.1303,6,96
70,15.0598,-0.1258,-2.6703,0.1079,1.4000,0.5000,15.0000,0.0000,2,15.0393,-0.1342,6,96
70,15.0598,-0.1258,-2.6703,0.1079,1.4000,0.5000,15.0000,0.0000,3,15.0271,-0.1375,6,96
70,15.0598,-0.1258,-2.6703,0.1079,1.4000,0.5000,15.0000,0.0000,4,15.0129,-0.1403,6,96
71,15.0499,-0.1303,-2.7503,0.1084,1.3200,0.5000,15.0000,0.0000,0,15.0499,-0.1303,5,80
71,15.0499,-0.1303,-2.7503,0.1084,1.3200,0.5000,15.0000,0.0000,1,15.0397,-0.1340,5,80
71,15.0499,-0.1303,-2.7503,0.1084,1.3200,0.5000,15.0000,0.0000,2,15.0288,-0.1371,5,80
71,15.0499,-0.1303,-2.7503,0.1084,1.3200,0.5000,15.0000,0.0000,3,15.0164,-0.1394,5,80
71,15.0499,-0.1303,-2.7503,0.1084,1.3200,0.5000,15.0000,0.0000,4,15.0019,-0.1410,5,80
72,15.0397,-0.1340,-2.8303,0.1089,1.2400,0.5000,15.0000,0.0000,0,15.0397,-0.1340,15,240
72,15.0397,-0.1340,-2.8303,0.1089,1.2400,0.5000,15.0000,0.0000,1,15.0292,-0.1369,15,240
72,15.0397,-0.1340,-2.8303,0.1089,1.2400,0.5000,15.0000,0.0000,2,15.0180,-0.1391,15,240
72,15.0397,-0.1340,-2.8303,0.1089,1.2400,0.5000,15.0000,0.0000,3,15.0054,-0.1405,15,240
72,15.0397,-0.1340,-2.8303,0.1089,1.2400,0.5000,15.0000,0.0000,4,14.9909,-0.1409,15,240
73,15.0292,-0.1369,-2.9103,0.1093,1.1600,0.5000,15.0000,0.0000,0,15.0292,-0.1369,3,48
73,15.0292,-0.1369,-2.9103,0.1093,1.1600,0.5000,15.0000,0.0000,1,15.0185,-0.1390,3,48
73,15.0292,-0.1369,-2.9103,0.1093,1.1600,0.5000,15.0000,0.0000,2,15.0071,-0.1403,3,48
73,15.0292,-0.1369,-2.9103,0.1093,1.1600,0.5000,15.0000,0.0000,3,14.9944,-0.1407,3,48
73,15.0292,-0.1369,-2.9103,0.1093,1.1600,0.5000,15.0000,0.0000,4,14.9798,-0.1399,3,48
74,15.0185,-0.1390,-2.9903,0.1097,1.0800,0.5000,15.0000,0.0000,0,15.0185,-0.1390,15,240
74,15.0185,-0.1390,-2.9903,0.1097,1.0800,0.5000,15.0000,0.0000,1,15.0075,-0.1402,15,240
74,15.0185,-0.1390,-2.9903,0.1097,1.0800,0.5000,15.0000,0.0000,2,14.9961,-0.1406,15,240
74,15.0185,-0.1390,-2.9903,0.1097,1.0800,0.5000,15.0000,0.0000,3,14.9833,-0.1400,15,240
74,15.0185,-0.1390,-2.9903,0.1097,1.0800,0.5000,15.0000,0.0000,4,14.9688,-0.1381,15,240
75,15.0075,-0.1402,-3.0703,0.1101,1.0000,0.5000,15.0000,0.0000,0,15.0075,-0.1402,4,64
75,15.0075,-0.1402,-3.0703,0.1101,1.0000,0.5000,15.0000,0.0000,1,14.9965,-0.1406,4,64
75,15.0075,-0.1402,-3.0703,0.1101,1.0000,0.5000,15.0000,0.0000,2,14.9850,-0.1400,4,64
75,15.0075,-0.1402,-3.0703,0.1101,1.0000,0.5000,15.0000,0.0000,3,14.9723,-0.1384,4,64
75,15.0075,-0.1402,-3.0703,0.1101,1.0000,0.5000,15.0000,0.0000,4,14.9580,-0.1353,4,64
76,14.9965,-0.1406,-3.1503,0.1104,0.9200,0.5000,15.0000,0.0000,0,14.9965,-0.1406,15,240
76,14.9965,-0.1406,-3.1503,0.1104,0.9200,0.5000,15.0000,0.0000,1,14.9855,-0.1400,15,240
76,14.9965,-0.1406,-3.1503,0.1104,0.9200,0.5000,15.0000,0.0000,2,14.9740,-0.1386,15,240
76,14.9965,-0.1406,-3.1503,0.1104,0.9200,0.5000,15.0000,0.0000,3,14.9615,-0.1359,15,240
76,14.9965,-0.1406,-3.1503,0.1104,0.9200,0.5000,15.0000,0.0000,4,14.9474,-0.1317,15,240
77,14.9855,-0.1400,-3.2303,0.1107,0.8400,0.5000,15.0000,0.0000,0,14.9855,-0.1400,5,80
77,14.9855,-0.1400,-3.2303,0.1107,0.8400,0.5000,15.0000,0.0000,1,14.9745,-0.1386,5,80
77,14.9855,-0.1400,-3.2303,0.1107,0.8400,0.5000,15.0000,0.0000,2,14.9632,-0.1362,5,80
77,14.9855,-0.1400,-3.2303,0.1107,0.8400,0.5000,15.0000,0.0000,3,14.9509,-0.1325,5,80
77,14.9855,-0.1400,-3.2303,0.1107,0.8400,0.5000,15.0000,0.0000,4,14.9372,-0.1272,5,80
78,14.9745,-0.1386,-3.3103,0.1110,0.7600,0.5000,15.0000,0.0000,0,14.9745,-0.1386,15,240
78,14.9745,-0.1386,-3.3103,0.1110,0.7600,0.5000,15.0000,0.0000,1,14.9636,-0.1363,15,240
78,14.9745,-0.1386,-3.3103,0.1110,0.7600,0.5000,15.0000,0.0000,2,14.9525,-0.1330,15,240
78,14.9745,-0.1386,-3.3103,0.1110,0.7600,0.5000,15.0000,0.0000,3,14.9405,-0.1284,15,240
78,14.9745,-0.1386,-3.3103,0.1110,0.7600,0.5000,15.0000,0.0000,4,14.9272,-0.1220,15,240
79,14.9636,-0.1363,-3.3903,0.1113,0.6800,0.5000,15.0000,0.0000,0,14.9636,-0.1363,15,240
79,14.9636,-0.1363,-3.3903,0.1113,0.6800,0.5000,15.0000,0.0000,1,14.9529,-0.1331,15,240
79,14.9636,-0.1363,-3.3903,0.1113,0.6800,0.5000,15.0000,0.0000,2,14.9421,-0.1289,15,240
79,14.9636,-0.1363,-3.3903,0.1113,0.6800,0.5000,15.0000,0.0000,3,14.9305,-0.1233,15,240
79,14.9636,-0.1363,-3.3903,0.1113,0.6800,0.5000,15.0000,0.0000,4,14.9178,-0.1159,15,240
