scenario_id,obstacle_id,k,dx,dy
0,0,0,0.0,0.0
0,0,1,0.03067563318653864,-0.10479318911384859
0,0,2,0.05785102973164376,-0.04106125166642685
0,0,3,0.0470445226024175,-0.03712568457752194
0,0,4,0.07195787993440332,-0.08047914757490407
0,0,5,0.08282934355954957,-0.16972860015586658
0,0,6,0.08534009724866302,-0.1461104106818071
0,0,7,0.09320536778390397,-0.05344212251599066
0,0,8,0.12487135246804498,-0.04082220260398764
0,0,9,0.14276796222899085,-0.099719085131626
0,0,10,0.16339311243613633,-0.12636969670807283
0,0,11,0.15834263475393376,-0.2308246518492571
0,0,12,0.1598751026471878,-0.2678579147426795
0,0,13,0.18351617154304162,-0.15684550389327287
0,0,14,0.21066874473361852,-0.19669157937316042
0,0,15,0.2409800449088457,-0.25381161238946914
0,0,16,0.26985733090920255,-0.30419417500023094
0,0,17,0.31036786207254263,-0.29763069916744056
0,0,18,0.32721223279391093,-0.3712974773654619
0,0,19,0.3360177088856391,-0.3618491772570545
0,0,20,0.3495905494216698,-0.42747309719677606
1,0,0,0.0,0.0
1,0,1,-0.014770905456891047,0.052210468135028124
1,0,2,-0.026344710231252295,-0.02323510985917183
1,0,3,-0.04917871530099413,-0.0654662908239248
1,0,4,-0.04622512690881384,-0.11660355468005357
1,0,5,-0.0487607359434422,-0.029204391443953155
1,0,6,-0.01709836083854197,-0.10117921047864947
1,0,7,2.4538509389672242e-05,-0.1653410480398473
1,0,8,0.036818087845681885,-0.1729143134860498
1,0,9,0.06076920596540357,-0.1166065882795786
1,0,10,0.07939307696192363,-0.14585262937397028
1,0,11,0.08822557615623931,-0.1798220669917848
1,0,12,0.10984232044331278,-0.221854221636564
1,0,13,0.12167119641481555,-0.16577710339969118
1,0,14,0.16593815649688765,-0.21653962485441036
1,0,15,0.20434793682171937,-0.19545754921424974
1,0,16,0.2249020359723341,-0.15232687473691195
1,0,17,0.25020617363999587,-0.2041595017414389
1,0,18,0.25467623353349206,-0.27433059930594134
1,0,19,0.31201347397322515,-0.32285884181211966
1,0,20,0.35037932583493137,-0.30080743200285154
2,0,0,0.0,0.0
2,0,1,-0.0009217498193783409,-0.00027703590514084527
2,0,2,-0.03139961308937242,0.008361807171738136
2,0,3,-0.03148242579175739,0.02416758291552746
2,0,4,-0.03174067978116578,0.0456713987904079
2,0,5,-0.018160180644461052,0.07937889986234203
2,0,6,0.008557593095085162,0.05911325620501459
2,0,7,0.01689184439346446,-0.06083123857706089
2,0,8,0.028051217608599202,0.05044026412623458
2,0,9,0.033821043209691794,-0.014130731378956062
2,0,10,0.04948883777128253,-0.0638484896955278
2,0,11,0.0444505612803349,-0.13398448084699152
2,0,12,0.07216174051177134,-0.1700051512120419
2,0,13,0.11029887870883805,-0.11333595370284136
2,0,14,0.13907008766698326,-0.1996484671473408
2,0,15,0.1665315732051932,-0.22118950020902503
2,0,16,0.18693174470744048,-0.256354831022126
2,0,17,0.20741200137918314,-0.28309342888294153
2,0,18,0.22925481631368916,-0.3128142183505748
2,0,19,0.24661717945711248,-0.3926060967585374
2,0,20,0.2832835401303976,-0.465646560284112
3,0,0,0.0,0.0
3,0,1,-0.010798411266800494,0.015587033699771234
3,0,2,-0.02241928000536863,0.03885486439257704
3,0,3,-0.02411651261139941,0.0746032012050501
3,0,4,-0.010241323493518474,0.0829591917278841
3,0,5,-0.0031485760849143214,0.050768017824378044
3,0,6,-0.0009987148804103134,-0.04315062341390409
3,0,7,0.03187082854079648,-0.08842011714572132
3,0,8,0.03994870292088243,-0.14396796693433667
3,0,9,0.08145000622112356,-0.19134257983112882
3,0,10,0.057789555212381494,-0.135203330585204
3,0,11,0.05863514941094951,-0.13124865147065207
3,0,12,0.05668846672423152,-0.1875011976396576
3,0,13,0.05014518322903806,-0.2067833338863061
3,0,14,0.06148822665785182,-0.1826231093312119
3,0,15,0.09662075704587919,-0.26518937098384576
3,0,16,0.1362937836655827,-0.26479496442560324
3,0,17,0.16044049624187892,-0.26419512024146946
3,0,18,0.19049711190474228,-0.26583069238198576
3,0,19,0.22939948629589235,-0.2769672766555707
3,0,20,0.25648544109911725,-0.3667503342993451
4,0,0,0.0,0.0
4,0,1,-0.01180752032792263,0.06362941258911345
4,0,2,-0.01270221739304346,0.040894604962588996
4,0,3,0.0051140048286310875,0.06526310984104075
4,0,4,0.044977404986009106,0.029147277008635262
4,0,5,0.056043452845463734,0.059266798815615
4,0,6,0.03921725287462688,-0.016200565229307014
4,0,7,0.012848219793456035,-0.042992754608474695
4,0,8,0.03441213205141075,-0.057781990550260245
4,0,9,0.061887894695281956,-0.03857059878627318
4,0,10,0.08137810380303251,-0.11962113427871615
4,0,11,0.09351943004311038,-0.08155614080495466
4,0,12,0.11447960384415992,-0.17478074250388553
4,0,13,0.15301004579037783,-0.1613521616634107
4,0,14,0.18404017070839945,-0.06630543238510027
4,0,15,0.19558279764222536,-0.1219900152020508
4,0,16,0.2349891435100938,-0.1648101462517273
4,0,17,0.2679577578346509,-0.24431226261535222
4,0,18,0.28547390196533773,-0.2802901820089888
4,0,19,0.283951376563616,-0.3369332153708213
4,0,20,0.3085944637921975,-0.4155215754416639
5,0,0,0.0,0.0
5,0,1,-0.016077743523613762,0.0682215964560723
5,0,2,0.0046837203994072995,-0.02254504435709705
5,0,3,0.02519801664355361,0.006920665464394944
5,0,4,0.03684341799750537,0.002224250711175096
5,0,5,0.02071143196191711,-0.0053068179133257095
5,0,6,0.00473065318491245,-0.08646113950951273
5,0,7,0.007304557317247462,-0.11059805434578669
5,0,8,0.05723538342726574,-0.11370025254454375
5,0,9,0.11847506262299404,-0.11317434413767227
5,0,10,0.1614811345990515,-0.19428122861584077
5,0,11,0.19941862652031433,-0.2094705137319008
5,0,12,0.21086927511055376,-0.31560419490453573
5,0,13,0.24010164323164251,-0.24199795612393843
5,0,14,0.2697399063744802,-0.22575519366007854
5,0,15,0.2819482491056795,-0.2548581955696668
5,0,16,0.29665050770361673,-0.3344616070807028
5,0,17,0.3264907829067589,-0.34632142874695315
5,0,18,0.3315869151858627,-0.33641745201426393
5,0,19,0.3409230463115899,-0.38558530526855617
5,0,20,0.3506384198631037,-0.3072652459144228
6,0,0,0.0,0.0
6,0,1,-0.0131057881097211,0.0752880633437644
6,0,2,-0.02949319854719524,-0.003651481546792438
6,0,3,-0.03312245606573367,-0.02009893775933224
6,0,4,0.003897291238533336,-0.08302333925279379
6,0,5,0.04123509695256074,-0.07962181968586819
6,0,6,0.0723577851756181,-0.11843609294170299
6,0,7,0.0756169145931876,-0.09283911177900764
6,0,8,0.10028699167272721,-0.034621767440298094
6,0,9,0.12596104215030837,-0.06875468430243532
6,0,10,0.1385955373778307,-0.06976240949507524
6,0,11,0.1417334740628784,-0.1048985371974604
6,0,12,0.16407653012242895,-0.09533171559502496
6,0,13,0.1974534968639724,-0.08253254687122043
6,0,14,0.22086536255985714,-0.21144534987421898
6,0,15,0.23088518634397087,-0.27842268868126435
6,0,16,0.23937176539064065,-0.2900670104636454
6,0,17,0.2670355128842847,-0.3136646689056227
6,0,18,0.292345181135548,-0.3148563753458341
6,0,19,0.3238780516963732,-0.32033233832708446
6,0,20,0.3380593911396846,-0.3046754395408887
7,0,0,0.0,0.0
7,0,1,0.00218300454265515,-0.08534884765686815
7,0,2,0.03551688785025339,-0.08649549305472652
7,0,3,0.03890027654590407,-0.0663602103910059
7,0,4,0.05768755552169055,-0.05454884104485499
7,0,5,0.05210310013331892,-0.06601231813449368
7,0,6,0.056626942222855955,-0.022929079731264793
7,0,7,0.0754345328202216,-0.08297720321752833
7,0,8,0.07500902085359261,-0.008979483763851697
7,0,9,0.08114498403150372,0.033006509479648574
7,0,10,0.08931543658516704,-0.007449807949377183
7,0,11,0.09131888844676038,-0.04232971512087241
7,0,12,0.11922737580578519,-0.057215056694680785
7,0,13,0.15384088204010235,-0.15694972665778945
7,0,14,0.19057090902223406,-0.15594803128367773
7,0,15,0.19731954518107994,-0.22414364190841066
7,0,16,0.2268495635573444,-0.22047005810507136
7,0,17,0.21546380563300888,-0.2245067058752806
7,0,18,0.20303980356770313,-0.348825295047048
7,0,19,0.22313662055024652,-0.3322119375667044
7,0,20,0.24239402025386558,-0.30774745264073294
8,0,0,0.0,0.0
8,0,1,-0.006679360511573614,-0.008061703797121471
8,0,2,0.028563980594095373,0.018381457609286975
8,0,3,0.06006789036109101,-0.012715309822682094
8,0,4,0.07752019963984602,-0.07995893318844853
8,0,5,0.10411205684980934,-0.16283140396558402
8,0,6,0.12958645838490698,-0.02526630215372974
8,0,7,0.1167514536540653,0.061389634175062505
8,0,8,0.11724202674570473,0.014593892200768288
8,0,9,0.13695948656530868,0.04225823309171876
8,0,10,0.15393980653135272,0.0019659148335057193
8,0,11,0.1555916748536996,-0.0347269981746061
8,0,12,0.15727656514823518,-0.07162295646850483
8,0,13,0.17742606212113265,-0.14282075597507074
8,0,14,0.18730045158612227,-0.15468897674340948
8,0,15,0.21011869509576153,-0.14734679415992272
8,0,16,0.2152351154668883,-0.17235310275586957
8,0,17,0.23069505551168173,-0.19708891387434524
8,0,18,0.2371372479803196,-0.2331543700517147
8,0,19,0.26795639162338936,-0.2349575171260535
8,0,20,0.2724743746429912,-0.33451720552598563
9,0,0,0.0,0.0
9,0,1,0.002782168038951745,-0.09625897431247918
9,0,2,0.051654138112282456,-0.09691405470201858
9,0,3,0.08889549832826658,-0.11302219921206919
9,0,4,0.09812826987377193,-0.12896451053736957
9,0,5,0.11662651341377075,-0.08103729182430193
9,0,6,0.11437412272844516,-0.06981731684825705
9,0,7,0.10520881865964155,-0.08225929718352475
9,0,8,0.13027997813812603,-0.11810312282422308
9,0,9,0.16034558393385379,-0.12798406625965897
9,0,10,0.16506670595325765,-0.13608320722573944
9,0,11,0.1741038218201677,-0.17506985281804793
9,0,12,0.1966371054827806,-0.21041995536959035
9,0,13,0.20739557629372157,-0.2501081805459615
9,0,14,0.23738460149660018,-0.2883011117234947
9,0,15,0.25410121798850155,-0.3174243766855196
9,0,16,0.26018541918146876,-0.32885510704268656
9,0,17,0.270649461558702,-0.38459165818941854
9,0,18,0.2739169638235416,-0.3780123348495139
9,0,19,0.27112822717470586,-0.4638122778020267
9,0,20,0.28687954006130645,-0.5032441146412754
10,0,0,0.0,0.0
10,0,1,-0.011166879544229211,0.008638994832047152
10,0,2,-0.000970112989859226,-0.04439377328726503
10,0,3,0.010290217667734757,-0.056116423551043355
10,0,4,0.007322083833443379,-0.008680495914540735
10,0,5,0.010193745013605718,-0.08418718465671586
10,0,6,0.016256858446840515,-0.1549024417297346
10,0,7,0.051300570950565325,-0.16045734533885342
10,0,8,0.06644064255447989,-0.2138922311611626
10,0,9,0.09844970467915615,-0.272579766274007
10,0,10,0.13018005666319235,-0.18807285756012987
10,0,11,0.15833283379975283,-0.14293614354773368
10,0,12,0.1946101852476151,-0.17918451690448084
10,0,13,0.20548721743138287,-0.21667973901858445
10,0,14,0.1962676714404161,-0.20016824732965893
10,0,15,0.21479624732893837,-0.245453067143668
10,0,16,0.20564052507490524,-0.19909412514772262
10,0,17,0.22677475843290634,-0.15607010442332336
10,0,18,0.24885316720876924,-0.27786126751007234
10,0,19,0.29199221106092904,-0.27784927218356115
10,0,20,0.3291819833370221,-0.32179943164978225
11,0,0,0.0,0.0
11,0,1,-0.0013038102425268808,-0.03236036952928117
11,0,2,0.005427890603590832,-0.08928579830830681
11,0,3,0.027288247918648693,-0.003101709887140016
11,0,4,0.07137679032358328,-0.10778156185919441
11,0,5,0.07662881967415422,-0.1443798225061045
11,0,6,0.0723485885173483,-0.054290486388888406
11,0,7,0.06894282173535882,-0.16527297010277303
11,0,8,0.09237252215008525,-0.096115268621315
11,0,9,0.10698313417422287,-0.1391130511409737
11,0,10,0.14741432947832217,-0.16891443840978437
11,0,11,0.15176376754461704,-0.010308408746495173
11,0,12,0.15716539423845435,-0.12067319713516558
11,0,13,0.1849689456875234,-0.10738318866396036
11,0,14,0.17832841185546372,-0.18199067306754463
11,0,15,0.17194469262979062,-0.20523947824302669
11,0,16,0.18194568880197834,-0.30154642133089116
11,0,17,0.22444368856203376,-0.370568776218112
11,0,18,0.2693450911287906,-0.35889171760501437
11,0,19,0.31004090753384905,-0.3835098947402847
11,0,20,0.32513759711326595,-0.4144951618438877
12,0,0,0.0,0.0
12,0,1,-0.024296952602299544,0.02582437981411602
12,0,2,-0.04848478323525472,0.07395514396790155
12,0,3,-0.03585037573048471,0.06716430179148812
12,0,4,-0.03805177938815928,-0.09878460026786891
12,0,5,-0.0320135936788469,-0.1208307997817241
12,0,6,0.006423155041698901,-0.12512471508009926
12,0,7,-0.00812341959437474,-0.10730577598625005
12,0,8,-0.013227283858885656,0.003993851721954647
12,0,9,-0.005433954883251492,0.0022156770720005315
12,0,10,0.011820772465701169,-0.07705633028957697
12,0,11,0.03459351803264993,-0.14543048209289222
12,0,12,0.07202191057351057,-0.12007303925840698
12,0,13,0.09960031209341734,-0.20891606739810048
12,0,14,0.13313877539066366,-0.31275970690373334
12,0,15,0.168693168435008,-0.168984750228295
12,0,16,0.21008332634094745,-0.18305070969582554
12,0,17,0.23882140652042902,-0.2706169895350619
12,0,18,0.2527069510521265,-0.33228132503634095
12,0,19,0.2803797221032652,-0.3676237203218261
12,0,20,0.28850522031032144,-0.32378518958312597
13,0,0,0.0,0.0
13,0,1,-0.025195421724935496,-0.09698275450357749
13,0,2,0.009348378161062671,-0.14037434162181495
13,0,3,-0.004739449756662201,-0.1182114630137778
13,0,4,-0.022356159223083285,-0.09222480793768356
13,0,5,0.005558555832606806,-0.05701876666162084
13,0,6,0.020125858792748103,-0.03201860437622362
13,0,7,0.05085716097578638,-0.08370129780567595
13,0,8,0.04524627490212933,-0.034654500300970593
13,0,9,0.04692731459597917,-0.09146308656759702
13,0,10,0.08091046090883648,-0.17721389519269187
13,0,11,0.11575491957797737,-0.3056669205395549
13,0,12,0.14624668916757677,-0.37897847057781053
13,0,13,0.17712500595213532,-0.36027104775236196
13,0,14,0.1868753867810451,-0.401430021329504
13,0,15,0.2376068093154352,-0.43123827185672675
13,0,16,0.2737224008996736,-0.388305037930666
13,0,17,0.29043701541915273,-0.3681009985911778
13,0,18,0.3075600796563811,-0.3461358175913285
13,0,19,0.32995728235235167,-0.3566850676490151
13,0,20,0.3301019651673654,-0.31837644231656254
14,0,0,0.0,0.0
14,0,1,-0.007421033092391977,-0.04511505300596838
14,0,2,0.0002633984354483307,-0.002307746577149837
14,0,3,0.025814951360219905,0.04249079043392242
14,0,4,6.861289485844322e-05,0.03234921067579288
14,0,5,-0.003391643602269719,-0.12285210466875376
14,0,6,0.01877236945287271,-0.14708992724917191
14,0,7,0.045938223405692986,-0.16292691466952924
14,0,8,0.043718599680898355,-0.16951542525943594
14,0,9,0.07547295545042268,-0.15215668740223404
14,0,10,0.0846659119889887,-0.19331781870110223
14,0,11,0.12332685861441128,-0.2353828724385743
14,0,12,0.13892791275290825,-0.1601675987219293
14,0,13,0.1844079472560725,-0.22679931388219104
14,0,14,0.22097103902112417,-0.23139505155599127
14,0,15,0.2358312111890975,-0.19803790116225295
14,0,16,0.2510758483495042,-0.2513488284034081
14,0,17,0.281076625585634,-0.32235169672139574
14,0,18,0.3025063983693255,-0.2951433321409026
14,0,19,0.3219152408689163,-0.2983251648240035
14,0,20,0.3428792918820073,-0.31672261305554006
15,0,0,0.0,0.0
15,0,1,-0.011607624536437969,-0.030077613103951066
15,0,2,-0.009256196331696527,-0.08339441135354392
15,0,3,0.010309001008379995,-0.055501935196543256
15,0,4,0.015754376537528644,-0.011834827300075918
15,0,5,-0.006867149949384508,-0.028248959566310215
15,0,6,0.017791004891473637,-0.07912609764317587
15,0,7,0.017295227075294354,-0.09775866371223897
15,0,8,0.052121493129259476,-0.11826580794500559
15,0,9,0.06886301868671196,-0.10030739156040472
15,0,10,0.07977149851661905,-0.09745841701214927
15,0,11,0.10544107607546863,-0.12257278379859889
15,0,12,0.13951596513918677,-0.12507415988189674
15,0,13,0.16904862368368068,-0.15447650199436316
15,0,14,0.16386963461287446,-0.1954666606311006
15,0,15,0.2140127335546363,-0.30449270046930343
15,0,16,0.2544202321584929,-0.2909765753069322
15,0,17,0.29047392196010663,-0.31177514109126125
15,0,18,0.3254542366234331,-0.29860615399174883
15,0,19,0.31552225339784384,-0.41294607687128904
15,0,20,0.34063228005803714,-0.4611702124823587
16,0,0,0.0,0.0
16,0,1,0.024460896396215612,0.030660541056362865
16,0,2,0.00872677511968437,0.006244478485990236
16,0,3,0.015821171982755785,0.02326463637111011
16,0,4,0.01936096863306306,-0.018828362292075816
16,0,5,0.025722803952462604,-0.09131859628079038
16,0,6,0.027240551673560494,-0.17811252964390956
16,0,7,0.05888133844808197,-0.13629224838177867
16,0,8,0.0841068953985844,-0.15087338992099655
16,0,9,0.0878101550766944,-0.15545235123106538
16,0,10,0.12606198492610932,-0.193971713483377
16,0,11,0.1578790648605269,-0.23145386599743317
16,0,12,0.18620700346471442,-0.1254146449941531
16,0,13,0.22389676227651492,-0.23276813305888883
16,0,14,0.2336859998811518,-0.10369881203329356
16,0,15,0.24725849784066664,-0.18769601494281457
16,0,16,0.27556319085770736,-0.20488243039762782
16,0,17,0.29465031322428015,-0.24280743457937345
16,0,18,0.2956570229232529,-0.25294747425234426
16,0,19,0.28971630153085015,-0.25171081320849376
16,0,20,0.2789893956261106,-0.3060502024958871
17,0,0,0.0,0.0
17,0,1,-0.015085200210270563,0.08190151902733259
17,0,2,-0.042975136575932604,0.10783756242587184
17,0,3,-0.04761185036981846,0.011472544941940319
17,0,4,-0.03146532038515132,0.002043123319801068
17,0,5,-0.002009977941802946,-0.08560902003078955
17,0,6,0.004575928318138867,-0.20533790951075048
17,0,7,0.015426139790455706,-0.1455636158061262
17,0,8,0.06734578860619263,-0.23769880676070604
17,0,9,0.10766980134235989,-0.12905204833565873
17,0,10,0.11107411964517691,-0.17176527047649964
17,0,11,0.11242260722646885,-0.21304246765752569
17,0,12,0.10310268131566447,-0.14639523831283072
17,0,13,0.11948970318608651,-0.2240592396635221
17,0,14,0.15806554249474986,-0.20176775980333667
17,0,15,0.18559166911380562,-0.19688945383555173
17,0,16,0.2035007453570648,-0.2465906540948274
17,0,17,0.20763274215678756,-0.2804567091561286
17,0,18,0.24778426985994095,-0.31556631100528554
17,0,19,0.2728768171862882,-0.27341530849104123
17,0,20,0.29799306714381213,-0.20974462400138733
18,0,0,0.0,0.0
18,0,1,-0.016021235969995662,-0.014361841557190582
18,0,2,-0.020029873623407485,-0.011166523950469555
18,0,3,0.007363685160854555,0.008714137407947001
18,0,4,0.031777513851642715,0.0007102896890578711
18,0,5,0.03511498793958184,-0.03337428543814037
18,0,6,0.02558975199784708,-0.041153957962035165
18,0,7,0.006238674887331686,0.05933856643845058
18,0,8,0.009954245827142107,-0.06629521981728412
18,0,9,0.013077771231073941,-0.11064320918762027
18,0,10,0.03385518767428339,-0.1139751292703591
18,0,11,0.0931391882153413,-0.18096301769391068
18,0,12,0.14296227845864137,-0.14015930231462131
18,0,13,0.190321177699599,-0.19207203202156597
18,0,14,0.20520447359036215,-0.24755717141499367
18,0,15,0.24965415206419128,-0.20434132012902062
18,0,16,0.254468097640219,-0.21613176746383028
18,0,17,0.2896435615196241,-0.3298749418735907
18,0,18,0.2896516207173633,-0.3600935537886852
18,0,19,0.2987565521814923,-0.29830288549067663
18,0,20,0.3019832193047668,-0.31517398537900854
19,0,0,0.0,0.0
19,0,1,-0.02260320318664855,0.06224031955522379
19,0,2,-0.019267042631743718,0.05769121769920464
19,0,3,-0.021496276795649066,0.013071520374706932
19,0,4,0.01044281010822915,-0.019384746288760038
19,0,5,0.020805152549217498,-0.06711193429414196
19,0,6,0.030591946637483852,-0.09871811706269014
19,0,7,0.019529280448678486,-0.005879142421219593
19,0,8,0.009582937770799585,-0.16360678731252676
19,0,9,0.05095592184468051,-0.18258984595723035
19,0,10,0.08721000189816583,-0.15334404921095154
19,0,11,0.09441856844808516,-0.1442701178275918
19,0,12,0.13460038777774444,-0.26747388840577446
19,0,13,0.17441679878829958,-0.20820344117166817
19,0,14,0.19449380410411404,-0.22331887144144752
19,0,15,0.23893859438726717,-0.2410966111000365
19,0,16,0.2756250820018546,-0.19914508968937328
19,0,17,0.2950833079233622,-0.29957087824087997
19,0,18,0.326544015255796,-0.3125671776128434
19,0,19,0.349309569710656,-0.3372405186299436
19,0,20,0.3777336758066103,-0.3717384935113953
20,0,0,0.0,0.0
20,0,1,0.007911821678706635,0.03743501634614259
20,0,2,0.013811756481151169,0.008216234503923971
20,0,3,0.02341862939289448,-0.0054033373672846595
20,0,4,0.019831274545514768,-0.056397222695646634
20,0,5,-0.001768129214244881,-0.14949541022703705
20,0,6,0.053615640841118445,-0.14222014552267687
20,0,7,0.06838059422620146,-0.11597028075997212
20,0,8,0.10410669549329796,-0.06451878768983768
20,0,9,0.1137810007103996,-0.13985406096299718
20,0,10,0.14726994251515702,-0.13768762131071735
20,0,11,0.16871418609482292,-0.15772491071945777
20,0,12,0.17063030020253828,-0.18321572035446362
20,0,13,0.17941521781157221,-0.1520867979507783
20,0,14,0.18494342820503018,-0.20291650147776036
20,0,15,0.1964473437964768,-0.32464715732955746
20,0,16,0.2397270973567085,-0.255550775184251
20,0,17,0.24843320579504224,-0.3457516155745728
20,0,18,0.2694744892343903,-0.40726514124960705
20,0,19,0.30112043157853985,-0.47946905322275535
20,0,20,0.35032162802531985,-0.4760892192644762
21,0,0,0.0,0.0
21,0,1,-0.023074654617727307,0.028081698868676674
21,0,2,-0.007511263511712794,0.03501479247201166
21,0,3,0.007646037646076563,0.05805239830079846
21,0,4,0.019483130299888338,0.04393556914980334
21,0,5,0.04810517293746856,-0.06814384663843763
21,0,6,0.055001903716692516,-0.10415181379436741
21,0,7,0.06613146182802457,-0.16485698495819867
21,0,8,0.06808803326335043,-0.24163722122336478
21,0,9,0.10966721920939496,-0.23109267415353812
21,0,10,0.1248051589334493,-0.26502561448118833
21,0,11,0.12202974520665899,-0.28301407948847007
21,0,12,0.14862988526857568,-0.26741347875827065
21,0,13,0.13240177467344244,-0.2940929571456269
21,0,14,0.15900334151377862,-0.27295727130146946
21,0,15,0.18684421971766468,-0.29276350736913626
21,0,16,0.2393716057600276,-0.33882305796243656
21,0,17,0.26156192240910203,-0.2889764765713822
21,0,18,0.2495291785395965,-0.23897237862789428
21,0,19,0.26148649884045366,-0.2953061076644514
21,0,20,0.2570762475893498,-0.1962604439008521
22,0,0,0.0,0.0
22,0,1,0.00523857619822353,0.04972067574870097
22,0,2,0.026109958084022528,0.0521533292332645
22,0,3,0.009386200070450159,0.0494191378149032
22,0,4,-0.006528408125655473,0.021960789791919712
22,0,5,0.025192479374532548,-0.06178450454252381
22,0,6,0.05525100015695377,-0.10289796192682604
22,0,7,0.08895288063566531,-0.09465595726406997
22,0,8,0.10878279525875217,-0.14145357931634636
22,0,9,0.13166230543186272,-0.12514906190034017
22,0,10,0.1545894873002526,-0.06976718672915892
22,0,11,0.17652314353261578,-0.09976531476128168
22,0,12,0.2032384612966414,-0.19108439167911925
22,0,13,0.23026520239739767,-0.16067178362715295
22,0,14,0.21889918267187095,-0.10719056560352334
22,0,15,0.20464773435725245,-0.16563005192658256
22,0,16,0.2064299455693261,-0.23032006499036145
22,0,17,0.22483483741254934,-0.2303834491515173
22,0,18,0.22963173935852166,-0.31397179358918426
22,0,19,0.25972251254312834,-0.3021581016769769
22,0,20,0.26876647006650844,-0.20052214706481641
23,0,0,0.0,0.0
23,0,1,-0.017673267944680944,0.06590810976521702
23,0,2,-0.015851232523237564,-0.05345032600470534
23,0,3,0.006080031622920247,-0.04660315574599902
23,0,4,-0.001562800737680922,-0.05461588443207772
23,0,5,-0.008669184938436766,-0.1323322495421559
23,0,6,0.0046415793304893805,-0.28376042621746334
23,0,7,0.038983669159155514,-0.2211389693962075
23,0,8,0.0729908651205919,-0.10554573655164064
23,0,9,0.09198191620603494,-0.08942359655675812
23,0,10,0.09398227861642838,-0.2325373342869276
23,0,11,0.13295358325457934,-0.2044414772778149
23,0,12,0.1553861296397273,-0.3187877457760336
23,0,13,0.20198002574103466,-0.27290326277156685
23,0,14,0.2400645080792076,-0.27732909772008413
23,0,15,0.258333142735565,-0.35605925761079094
23,0,16,0.2887175876269644,-0.28630160355208223
23,0,17,0.30456255919632275,-0.3641595135670603
23,0,18,0.3140007720753684,-0.3258318114786479
23,0,19,0.3142726576249012,-0.3345965085155691
23,0,20,0.346161303815494,-0.41151808894813036
24,0,0,0.0,0.0
24,0,1,-0.001056499296567686,0.011296471520860881
24,0,2,-0.01704332268651982,-0.10054483757278733
24,0,3,-0.03625314914903123,-0.05121802537439652
24,0,4,-0.03544326884208074,-0.07888258739002156
24,0,5,-0.026895935244671633,-0.1612746201500172
24,0,6,0.0021115243034953825,-0.2174900751810987
24,0,7,0.020644358582760404,-0.15314488945125995
24,0,8,0.029587929399417047,-0.1445288401945345
24,0,9,0.028397191889277508,-0.16229083079899964
24,0,10,0.045102377431865556,-0.18529787920830115
24,0,11,0.08034412444553052,-0.1934922829029438
24,0,12,0.06358707336225145,-0.10550482816561464
24,0,13,0.09639833382338112,-0.12207737197007969
24,0,14,0.12026933938679978,-0.18472491495587143
24,0,15,0.1395341272572983,-0.18380457215156992
24,0,16,0.17784701330322217,-0.19316397568158505
24,0,17,0.18800096164663904,-0.3270857221467005
24,0,18,0.21228788384702726,-0.3921201851367383
24,0,19,0.24847711886953439,-0.3329047194339651
24,0,20,0.3004943093475386,-0.3910479954987115
25,0,0,0.0,0.0
25,0,1,7.524097614748719e-05,0.03426145839193149
25,0,2,0.015332686382306029,-0.005244008546247642
25,0,3,0.039954643669388765,-0.00793613476826615
25,0,4,0.0333938427439654,0.016439966616868345
25,0,5,0.03495134885868155,-0.04657669900683702
25,0,6,0.020266858375523857,-0.0936679184241604
25,0,7,0.0465839640087453,-0.12612929637976683
25,0,8,0.0661008227614667,-0.1245873749843275
25,0,9,0.06709831400676557,-0.1656249592735096
25,0,10,0.07846869822111543,-0.11117448677278924
25,0,11,0.1175508015102863,-0.13403899266376004
25,0,12,0.14533891887682407,-0.15662181286825683
25,0,13,0.1651909708674259,-0.16070522984751665
25,0,14,0.18520509096439858,-0.24042982416439737
25,0,15,0.21074428592415834,-0.23730261030960104
25,0,16,0.25061018455483214,-0.265668030232257
25,0,17,0.25436537600098297,-0.31803692861748345
25,0,18,0.26992137611092437,-0.3811268514279852
25,0,19,0.3044107269273983,-0.36497560701587506
25,0,20,0.3122317807809416,-0.4061397461127063
26,0,0,0.0,0.0
26,0,1,0.00151324349007835,-0.07174927755726598
26,0,2,-0.008484334149391965,-0.04913762576241801
26,0,3,-0.01053050878172241,-0.017171928291315877
26,0,4,0.02218456540276042,-0.1077711331475523
26,0,5,0.04160596218330579,-0.04590240205307245
26,0,6,0.051144556859802154,-0.07223740783426119
26,0,7,0.05417602336029738,-0.06420226407754534
26,0,8,0.07139242642503234,-0.1451090025820841
26,0,9,0.1023634110481478,-0.10760608399540136
26,0,10,0.13063844834427557,-0.09624405706489282
26,0,11,0.14750703611571944,-0.15299588253062102
26,0,12,0.17402098320859083,-0.06791648159069348
26,0,13,0.18401803768707092,-0.05752221363771316
26,0,14,0.21606441729336628,-0.14670463888844362
26,0,15,0.22618259343646108,-0.16102225667279782
26,0,16,0.2644560620312212,-0.2673397797523239
26,0,17,0.2747389617224971,-0.22977051410199517
26,0,18,0.2974814124156933,-0.25354231156704515
26,0,19,0.30833071456547334,-0.25019292278907534
26,0,20,0.30413669705692065,-0.32408032130480197
27,0,0,0.0,0.0
27,0,1,-0.014194631486471473,-0.06575786186726552
27,0,2,-0.009741430660319203,-0.0069760019416812286
27,0,3,-0.010080833436179423,-0.05424007563708043
27,0,4,-0.00809059986266649,-0.08780945649203108
27,0,5,0.021853883275996654,0.0008722406331765123
27,0,6,0.050268260533043826,-0.10095008649549585
27,0,7,0.0706884952414366,-0.16960720282809755
27,0,8,0.08605972956442746,-0.13698974562011354
27,0,9,0.08567490593373046,-0.05213118914173955
27,0,10,0.11600647422490598,-0.1781849162002274
27,0,11,0.12379178503180555,-0.25875466395039515
27,0,12,0.12897421213418025,-0.2617217187176975
27,0,13,0.13918715588301572,-0.36924428600065995
27,0,14,0.16160124230770848,-0.3115476611697214
27,0,15,0.19559292167740044,-0.3238919228071401
27,0,16,0.2567505244298422,-0.3226082455555313
27,0,17,0.2871501361375779,-0.3638309406197674
27,0,18,0.33590242796131814,-0.39252123436797587
27,0,19,0.366876189294143,-0.34674932941393105
27,0,20,0.38004228460000233,-0.3796619203688001
28,0,0,0.0,0.0
28,0,1,-0.009161713270740633,0.05921006422212102
28,0,2,-0.011664527219440444,0.08463661505447002
28,0,3,0.010868359259932112,0.034835962445679394
28,0,4,0.028475186927989855,0.07129975872597386
28,0,5,0.03818337006163884,-0.01018419700925284
28,0,6,0.015422566251231788,0.018099094363881994
28,0,7,0.01782152321931934,-0.02362486268847355
28,0,8,0.035593417607624,-0.09850021537453829
28,0,9,0.0327878313966404,-0.039130808501388226
28,0,10,0.04567424799343793,-0.19164181181262074
28,0,11,0.09185790392978993,-0.2278501856783483
28,0,12,0.10023390901533037,-0.2632739719929315
28,0,13,0.13059071567635228,-0.27836686321680276
28,0,14,0.1537812226414476,-0.33719416157060444
28,0,15,0.21055447348948006,-0.34869898025652124
28,0,16,0.2526184431520341,-0.3157688755366653
28,0,17,0.2514817786868213,-0.37193314127470745
28,0,18,0.2742490298078361,-0.3151886745675704
28,0,19,0.2928532946567649,-0.3382411329248097
28,0,20,0.3173298996715822,-0.3423996687728785
29,0,0,0.0,0.0
29,0,1,-0.0178830680637404,0.07431021627161732
29,0,2,-0.04832804298208483,0.16046244431070666
29,0,3,-0.06295736130696858,-0.004628506271062596
29,0,4,-0.011127821368879067,-0.12703244554894047
29,0,5,0.027736442200322915,0.037427191524580725
29,0,6,0.02328366559806489,0.06898737800389967
29,0,7,0.05450166896356407,-0.08543794593641532
29,0,8,0.07848557654633971,-0.1643875344797483
29,0,9,0.10181263448428773,-0.2152228042983888
29,0,10,0.13119748899504152,-0.22035848901341365
29,0,11,0.16927180852742785,-0.18861242100735215
29,0,12,0.19300043968739689,-0.2348442654280391
29,0,13,0.21441394497655247,-0.25388694548589913
29,0,14,0.23866361963423688,-0.3220346049321847
29,0,15,0.24414545871113938,-0.2630821677065712
29,0,16,0.2485689128384831,-0.28641804868411014
29,0,17,0.24526029207867456,-0.2824500622994079
29,0,18,0.2513366506433267,-0.3625080953000911
29,0,19,0.271375506572166,-0.31318855343949187
29,0,20,0.262785084260552,-0.32971987709300354
