environment,variant,seed,collision,missed_mode_rate,progress,min_clearance,mean_solve_ms,p99_solve_ms
Straight,Base,160000,0,0.2133,20.0014,1.0452,2.1095,11.6901
Straight,Base,160001,0,0.1933,0.1650,1.6810,1.7391,6.8030
Straight,Base,160002,0,0.3733,20.0703,1.0601,1.5622,9.3345
Straight,Base,160003,1,0.3467,19.9762,0.3197,1.9476,9.5168
Straight,Base,160004,0,0.2533,20.0719,1.0891,1.3303,4.2030
Straight,Base,160005,0,0.2867,20.0719,1.0346,1.5059,5.6346
Straight,Base,160006,0,0.3800,0.1650,1.8802,1.2379,3.3277
Straight,Base,160007,1,0.2067,0.1650,0.7341,1.2520,3.5260
Straight,Base,160008,0,0.2400,20.0715,1.1381,1.4955,7.7464
Straight,Base,160009,0,0.3533,0.1650,1.7248,1.4518,9.0752
Straight,Base,160010,0,0.3933,20.0329,0.9690,1.6961,5.5922
Straight,Base,160011,0,0.2133,19.9840,1.7096,2.3758,9.8867
Straight,Base,160012,0,0.2867,0.1650,2.3166,2.3619,9.2765
Straight,Base,160013,0,0.3333,19.9712,0.9819,1.7980,9.2207
Straight,Base,160014,1,0.2733,19.9528,0.5480,2.1797,9.3517
Straight,Base,160015,0,0.3000,0.1650,1.6316,1.2444,6.0058
Straight,Base,160016,1,0.1467,0.1650,0.8478,2.9577,9.5883
Straight,Base,160017,1,0.3933,20.6372,0.1819,2.0811,9.8179
Straight,Base,160018,0,0.2733,0.1649,1.8038,1.3914,6.3843
Straight,Base,160019,0,0.3267,0.1649,1.7437,2.2224,9.5022
Straight,Base,160020,0,0.1467,20.0705,1.0466,1.4578,5.7447
Straight,Base,160021,0,0.3333,0.1650,1.6027,2.5908,10.0301
Straight,Base,160022,0,0.2467,20.0595,1.4590,1.6313,9.9136
Straight,Base,160023,0,0.2533,20.0688,1.0346,1.6091,7.7036
Straight,Base,160024,0,0.2933,20.0695,1.0749,1.4961,5.8252
Straight,Base,160025,0,0.3000,0.1650,1.8345,1.7656,9.3542
Straight,Base,160026,0,0.3400,20.0698,1.0834,1.3801,5.6502
Straight,Base,160027,0,0.3000,20.0693,1.0981,1.4325,4.0670
Straight,Base,160028,0,0.2400,20.0701,1.0709,1.5472,5.1907
Straight,Base,160029,0,0.2533,20.0710,1.1090,1.5117,5.9471
Straight,Base,160030,0,0.2400,20.0690,1.1128,1.1869,5.9032
Straight,Base,160031,0,0.2933,2.5643,2.7163,2.2673,9.7226
Straight,Base,160032,0,0.1467,20.0554,1.0096,1.8815,6.8406
Straight,Base,160033,0,0.2400,0.1650,1.9034,1.3962,6.8985
Straight,Base,160034,0,0.1200,0.1650,1.9972,1.3148,4.2062
Straight,Base,160035,0,0.3000,0.1649,1.5012,1.3893,3.7903
Straight,Base,160036,0,0.2867,0.1650,1.6610,1.5421,9.5160
Straight,Base,160037,0,0.1600,20.0374,1.0452,1.4483,6.4569
Straight,Base,160038,0,0.1867,0.1649,2.2972,1.5534,7.5354
Straight,Base,160039,0,0.3333,19.9626,1.0243,2.3377,11.9711
Straight,Base,160040,0,0.2333,20.0692,1.0652,1.8634,9.7131
Straight,Base,160041,0,0.2667,20.0102,1.0572,1.7262,5.3799
Straight,Base,160042,0,0.1867,0.1650,2.2375,1.1996,6.8122
Straight,Base,160043,0,0.2267,19.9471,1.0579,1.9935,10.5361
Straight,Base,160044,0,0.2733,20.0693,1.1088,1.6055,5.6472
Straight,Base,160045,0,0.3400,20.0639,1.0217,1.5021,5.4209
Straight,Base,160046,0,0.3200,0.1649,2.4043,1.7931,9.8114
Straight,Base,160047,0,0.3200,20.0336,1.0316,1.5245,6.3352
Straight,Base,160048,0,0.2733,20.0007,2.0506,2.1994,9.5189
Straight,Base,160049,0,0.2533,0.1650,2.0784,1.5133,9.1063
Straight,Base,160050,0,0.2267,0.1650,1.5697,1.8841,5.8994
Straight,Base,160051,0,0.2667,20.0719,0.9889,1.6865,7.1960
Straight,Base,160052,0,0.3200,0.1648,1.6482,1.7862,7.5003
Straight,Base,160053,0,0.3333,0.1649,1.3332,1.4778,8.6538
Straight,Base,160054,0,0.2267,0.1649,0.9302,1.3185,4.0574
Straight,Base,160055,0,0.2067,0.1650,2.0272,2.6125,9.4790
Straight,Base,160056,0,0.1933,0.1649,2.4385,1.3789,3.7442
Straight,Base,160057,0,0.3067,0.1649,1.6730,1.3747,4.6954
Straight,Base,160058,0,0.2200,20.0681,1.0598,1.4764,5.0978
Straight,Base,160059,0,0.3333,20.0693,1.0757,1.6875,6.7471
Straight,Base,160060,0,0.3067,0.1650,1.8533,1.3617,8.9293
Straight,Base,160061,0,0.3333,0.1650,1.1767,1.1403,3.5103
Straight,Base,160062,0,0.2400,0.1650,2.0434,1.5359,8.3116
Straight,Base,160063,0,0.3000,20.0615,1.1216,1.3452,5.6609
Straight,Base,160064,0,0.2200,0.1650,1.6375,1.9539,8.9140
Straight,Base,160065,0,0.1800,20.0552,1.0115,1.9487,9.0136
Straight,Base,160066,0,0.2400,20.0701,1.0892,1.8512,9.6532
Straight,Base,160067,0,0.3200,0.1649,1.9167,1.6610,9.7158
Straight,Base,160068,0,0.2000,0.1650,2.3093,1.6464,6.9827
Straight,Base,160069,0,0.3000,20.0703,1.0369,1.2999,5.0944
Straight,Base,160070,1,0.2600,20.0256,0.8286,1.6682,8.1406
Straight,Base,160071,0,0.2800,0.1649,1.3639,1.9150,5.2766
Straight,Base,160072,0,0.2933,20.0345,2.4168,1.6101,8.7183
Straight,Base,160073,0,0.3000,19.9337,1.1089,2.0067,9.6286
Straight,Base,160074,0,0.2533,0.1650,1.9701,1.6616,9.6953
Straight,Base,160075,0,0.2667,0.1650,1.4046,1.4399,7.4384
Straight,Base,160076,0,0.1933,0.1650,2.1682,4.2601,13.8027
Straight,Base,160077,0,0.3533,20.0710,1.3989,1.5640,6.0010
Straight,Base,160078,0,0.2733,0.1650,1.7697,1.3644,7.6661
Straight,Base,160079,0,0.3533,0.1649,1.8752,1.4509,9.1968
Straight,Base,160080,0,0.3267,0.1649,2.6144,1.6446,9.2137
Straight,Base,160081,0,0.3133,0.1650,2.0824,1.7998,7.1291
Straight,Base,160082,0,0.3000,0.8398,1.7400,2.1605,8.9952
Straight,Base,160083,0,0.1933,20.0155,1.0705,1.7296,8.8308
Straight,Base,160084,0,0.3133,20.0650,1.0921,1.2151,4.8490
Straight,Base,160085,0,0.1800,20.0691,1.1163,1.2907,5.3743
Straight,Base,160086,0,0.1600,0.1648,1.8065,1.3315,7.5710
Straight,Base,160087,0,0.2600,0.1650,2.6558,1.5221,6.9489
Straight,Base,160088,0,0.3733,20.0662,1.0830,1.4164,5.8430
Straight,Base,160089,0,0.1667,20.0720,1.0691,1.3789,4.5006
Straight,Base,160090,0,0.2333,0.1650,2.2490,1.3749,4.6321
Straight,Base,160091,0,0.3267,20.3076,2.0459,2.2108,9.1660
Straight,Base,160092,0,0.2867,0.1650,1.6046,1.2444,4.4960
Straight,Base,160093,0,0.1933,0.1649,2.2386,1.4663,10.0203
Straight,Base,160094,1,0.2667,19.9525,0.1024,3.0419,13.4026
Straight,Base,160095,0,0.2267,0.1650,2.4208,1.3842,8.5480
Straight,Base,160096,0,0.2533,0.1649,1.5467,1.1422,5.6873
Straight,Base,160097,0,0.3600,20.0664,1.0477,1.5859,5.3353
Straight,Base,160098,0,0.2600,19.9326,1.0044,2.1486,9.3369
Straight,Base,160099,0,0.2800,20.0717,1.0191,1.3178,7.1152
Straight,OT,160000,0,0.1133,19.9611,0.9992,1.6887,7.1984
Straight,OT,160001,0,0.3333,0.1649,1.6811,2.1030,7.3836
Straight,OT,160002,0,0.2800,0.1649,1.7369,1.4323,7.0230
Straight,OT,160003,0,0.1933,0.1650,1.6653,1.3405,7.6019
Straight,OT,160004,0,0.1533,0.1650,1.1222,1.3570,7.9007
Straight,OT,160005,0,0.2400,0.1650,1.0557,1.9211,9.0704
Straight,OT,160006,0,0.2267,0.1649,1.8802,1.2218,5.2189
Straight,OT,160007,1,0.1267,0.1649,0.7340,1.1448,3.6018
Straight,OT,160008,0,0.1867,20.0700,1.0693,1.3279,5.6388
Straight,OT,160009,0,0.1733,0.1650,1.7248,1.4275,8.3147
Straight,OT,160010,0,0.2800,20.0477,1.0076,1.9028,7.9900
Straight,OT,160011,0,0.1933,21.0088,1.9483,2.9267,9.2673
Straight,OT,160012,0,0.1600,0.1649,2.3204,1.5050,7.4426
Straight,OT,160013,0,0.3067,0.1650,2.2121,1.5632,6.1540
Straight,OT,160014,1,0.1733,20.0111,0.7128,1.7969,8.6276
Straight,OT,160015,0,0.2867,0.1650,1.6352,1.2761,6.5950
Straight,OT,160016,1,0.1067,0.3442,0.7449,2.0956,9.9876
Straight,OT,160017,0,0.2467,19.6555,1.6308,2.8943,8.8937
Straight,OT,160018,0,0.1867,0.1650,1.8038,1.1916,6.2012
Straight,OT,160019,1,0.1400,19.9919,0.7245,1.8099,8.2511
Straight,OT,160020,0,0.1400,19.9599,1.0574,1.7216,9.4093
Straight,OT,160021,0,0.1800,0.1649,1.5977,1.3786,8.1806
Straight,OT,160022,0,0.1733,20.0634,1.4616,1.5731,9.1007
Straight,OT,160023,0,0.2667,20.0706,0.9619,1.5399,5.8055
Straight,OT,160024,0,0.2133,20.0532,1.0264,1.5507,6.5195
Straight,OT,160025,0,0.2067,0.1650,1.8345,1.7762,9.1267
Straight,OT,160026,0,0.1733,0.1649,2.1479,1.3853,8.4796
Straight,OT,160027,0,0.1533,0.1649,2.3815,1.2043,3.2741
Straight,OT,160028,0,0.2333,20.0660,0.9838,1.3126,5.6156
Straight,OT,160029,0,0.1200,20.0711,1.1067,1.4798,6.3712
Straight,OT,160030,0,0.1000,20.0298,1.0712,1.3652,7.8582
Straight,OT,160031,0,0.1733,19.9562,1.0193,1.6166,5.7999
Straight,OT,160032,0,0.1200,20.0651,1.0308,1.5268,7.0237
Straight,OT,160033,0,0.1667,4.4837,1.9069,3.1763,9.6771
Straight,OT,160034,0,0.0933,0.1650,1.9971,1.4006,7.7053
Straight,OT,160035,0,0.2133,0.1650,1.5013,1.5963,6.0273
Straight,OT,160036,0,0.2533,20.0711,1.1243,1.3428,8.7424
Straight,OT,160037,0,0.1133,0.1557,2.4430,1.3241,7.6316
Straight,OT,160038,0,0.1867,0.1650,2.2972,1.4559,9.1007
Straight,OT,160039,0,0.2067,0.1650,2.2520,1.3426,5.7465
Straight,OT,160040,0,0.2133,20.0690,1.0603,1.4802,3.5707
Straight,OT,160041,0,0.2333,20.0823,2.1537,1.9514,9.0481
Straight,OT,160042,0,0.1000,0.1650,2.2375,1.3289,6.8123
Straight,OT,160043,0,0.0667,20.0705,1.0677,1.5369,6.5759
Straight,OT,160044,0,0.1533,20.0714,1.0322,1.4000,4.6891
Straight,OT,160045,0,0.2000,20.0658,1.0746,1.3993,6.3622
Straight,OT,160046,0,0.2533,20.0631,1.1059,1.2571,4.8123
Straight,OT,160047,0,0.2467,19.9786,0.9815,1.6205,9.1037
Straight,OT,160048,0,0.1867,19.9294,1.0720,2.0325,9.2175
Straight,OT,160049,0,0.1533,0.1650,2.0870,2.0026,6.8756
Straight,OT,160050,0,0.1800,0.1647,1.5699,1.5274,6.9613
Straight,OT,160051,0,0.1933,20.0667,1.0167,1.6695,8.0280
Straight,OT,160052,0,0.1867,0.1649,1.6481,2.1489,9.4496
Straight,OT,160053,1,0.1600,19.9470,0.7460,2.3479,9.1026
Straight,OT,160054,0,0.1467,0.1649,0.9302,1.2197,5.7322
Straight,OT,160055,1,0.2133,19.9270,0.4676,1.8147,8.4050
Straight,OT,160056,0,0.2067,20.0215,1.0350,2.0212,9.4313
Straight,OT,160057,1,0.2267,19.9475,0.6866,2.6961,10.3450
Straight,OT,160058,0,0.1333,20.0630,1.0803,1.4063,6.3331
Straight,OT,160059,0,0.2867,17.5962,2.4699,3.8093,10.2312
Straight,OT,160060,0,0.1933,0.1650,1.8533,1.7665,9.4881
Straight,OT,160061,0,0.2000,0.1650,1.1767,1.5170,8.6544
Straight,OT,160062,0,0.1867,20.0856,2.0434,2.6768,9.3069
Straight,OT,160063,0,0.1600,20.0696,1.0657,1.2041,4.8935
Straight,OT,160064,0,0.2133,0.1650,1.6375,1.1140,3.6658
Straight,OT,160065,0,0.2333,0.1650,1.8006,1.8434,8.5578
Straight,OT,160066,0,0.1467,13.9726,1.7559,1.9474,9.4460
Straight,OT,160067,0,0.1733,0.1650,1.9167,1.5281,9.1166
Straight,OT,160068,0,0.1933,0.1650,2.3093,1.7453,10.3435
Straight,OT,160069,0,0.1067,20.0660,1.0827,1.2697,5.5527
Straight,OT,160070,0,0.1667,20.0695,1.0395,1.5051,5.0092
Straight,OT,160071,0,0.2800,7.5568,1.3639,1.8418,8.7904
Straight,OT,160072,0,0.1733,20.0642,2.4168,1.6590,8.9352
Straight,OT,160073,0,0.1400,0.1649,1.4968,1.5274,4.4724
Straight,OT,160074,0,0.1933,20.0394,1.0329,2.4207,9.4945
Straight,OT,160075,0,0.1600,0.1650,1.4045,1.8944,9.2017
Straight,OT,160076,0,0.1533,20.0679,1.0888,1.2385,4.9563
Straight,OT,160077,0,0.3333,20.0693,1.0810,1.3962,5.9778
Straight,OT,160078,0,0.2200,0.1649,1.7604,1.3437,7.7178
Straight,OT,160079,0,0.1667,19.9481,1.7112,2.0588,9.3066
Straight,OT,160080,0,0.2467,0.1650,2.6144,1.6449,4.3548
Straight,OT,160081,0,0.2933,0.1584,2.0885,1.8909,6.4467
Straight,OT,160082,0,0.1600,20.0703,1.2049,1.5268,7.1723
Straight,OT,160083,0,0.1333,20.0710,1.0714,1.4358,4.9140
Straight,OT,160084,0,0.1000,20.0884,1.6114,2.8345,11.6067
Straight,OT,160085,0,0.1067,20.0646,1.1042,1.5909,7.7705
Straight,OT,160086,0,0.1200,0.1650,1.8064,1.4369,7.1831
Straight,OT,160087,0,0.1200,0.1650,2.6558,1.2056,3.4798
Straight,OT,160088,0,0.2267,20.0586,1.0417,1.6094,8.0976
Straight,OT,160089,0,0.1533,20.0610,1.0654,1.4593,5.6982
Straight,OT,160090,0,0.2267,0.1650,2.2490,1.8172,4.4043
Straight,OT,160091,0,0.3067,0.1650,2.0459,1.9240,8.9435
Straight,OT,160092,0,0.2200,20.0425,1.0629,1.9855,9.1974
Straight,OT,160093,0,0.1267,0.1650,2.2387,1.3236,4.5999
Straight,OT,160094,0,0.2200,0.1650,2.2186,2.6649,12.9319
Straight,OT,160095,0,0.1200,20.0421,1.1403,1.8119,8.7395
Straight,OT,160096,0,0.1333,0.1649,1.5467,1.0672,3.7443
Straight,OT,160097,1,0.2600,19.9306,0.8427,1.9438,8.9965
Straight,OT,160098,0,0.1800,20.0640,1.6427,2.4886,9.0763
Straight,OT,160099,0,0.2133,20.0598,1.1074,1.4716,8.7859
Straight,OT+SH,160000,0,0.2133,20.0692,1.0503,1.0745,4.1897
Straight,OT+SH,160001,0,0.2133,20.0715,1.0021,1.1077,5.5709
Straight,OT+SH,160002,0,0.2333,20.0684,0.9590,1.2014,4.1812
Straight,OT+SH,160003,0,0.2267,20.0714,1.1399,1.2107,4.3124
Straight,OT+SH,160004,0,0.1667,20.0717,1.0520,1.2017,3.6772
Straight,OT+SH,160005,0,0.2000,20.0718,1.0857,1.1143,5.0576
Straight,OT+SH,160006,0,0.1867,20.0719,1.0946,1.0595,4.4856
Straight,OT+SH,160007,0,0.1200,20.0719,1.1024,1.1026,4.8493
Straight,OT+SH,160008,0,0.1667,20.0650,1.0813,1.1552,4.8928
Straight,OT+SH,160009,0,0.2400,20.0718,1.0918,1.0885,4.7230
Straight,OT+SH,160010,0,0.2933,20.0673,1.0752,1.0800,3.4674
Straight,OT+SH,160011,0,0.1800,20.0702,1.0897,1.2044,5.0350
Straight,OT+SH,160012,0,0.1533,20.0642,1.0466,1.2529,4.4671
Straight,OT+SH,160013,0,0.2800,20.0717,1.0563,1.1141,3.8670
Straight,OT+SH,160014,0,0.1800,20.0702,1.1042,1.1399,3.9720
Straight,OT+SH,160015,0,0.2133,20.0719,1.1215,1.3792,5.6579
Straight,OT+SH,160016,0,0.0800,20.0701,1.0431,1.0323,4.0557
Straight,OT+SH,160017,0,0.1867,20.0717,1.0642,1.1938,4.3944
Straight,OT+SH,160018,0,0.1600,20.0697,1.0671,0.9733,3.5519
Straight,OT+SH,160019,0,0.1533,19.9963,1.1646,1.2578,5.2489
Straight,OT+SH,160020,0,0.0933,20.0693,1.0949,1.0876,4.6973
Straight,OT+SH,160021,0,0.1933,20.0719,1.1500,1.1658,5.7947
Straight,OT+SH,160022,0,0.2133,20.0706,1.0295,1.2869,6.8686
Straight,OT+SH,160023,0,0.2133,20.0128,0.9625,1.7759,7.0926
Straight,OT+SH,160024,0,0.2200,20.0716,1.0312,1.1583,6.2758
Straight,OT+SH,160025,0,0.2267,20.0719,1.0888,1.0691,3.7473
Straight,OT+SH,160026,0,0.1200,20.0719,1.0265,1.3499,6.4743
Straight,OT+SH,160027,0,0.2000,20.0708,1.0591,1.1702,4.1190
Straight,OT+SH,160028,0,0.1667,20.0719,1.0654,1.1324,4.6342
Straight,OT+SH,160029,0,0.1333,20.0675,1.0476,1.0665,3.8788
Straight,OT+SH,160030,0,0.1267,20.0690,1.0738,1.0111,4.3397
Straight,OT+SH,160031,0,0.2600,20.0719,1.0906,1.1097,3.8936
Straight,OT+SH,160032,1,0.1467,19.9535,0.2770,1.6916,7.2546
Straight,OT+SH,160033,0,0.1933,20.0712,0.9969,1.1374,4.3064
Straight,OT+SH,160034,0,0.1200,20.0693,1.0886,1.0448,3.7957
Straight,OT+SH,160035,0,0.2000,20.0696,1.1095,1.0754,4.1145
Straight,OT+SH,160036,0,0.2200,20.0678,1.1273,1.0760,4.2823
Straight,OT+SH,160037,1,0.0867,20.0574,0.8450,1.1360,6.5661
Straight,OT+SH,160038,0,0.2067,20.0718,1.0771,1.1135,4.5760
Straight,OT+SH,160039,0,0.2200,20.0718,1.1237,1.1102,4.4576
Straight,OT+SH,160040,0,0.2200,20.0711,0.9798,1.3181,6.4519
Straight,OT+SH,160041,0,0.2067,19.9364,1.5880,1.1797,5.0680
Straight,OT+SH,160042,0,0.0867,20.0712,1.0888,1.0373,3.7396
Straight,OT+SH,160043,0,0.0800,20.0716,1.0618,0.9908,3.6692
Straight,OT+SH,160044,0,0.1800,20.0706,1.1598,1.2597,6.1342
Straight,OT+SH,160045,0,0.2733,20.0691,1.0228,1.0906,4.2601
Straight,OT+SH,160046,0,0.2200,20.0717,1.1556,1.1123,5.5320
Straight,OT+SH,160047,0,0.1933,20.0712,1.0661,1.0055,3.6638
Straight,OT+SH,160048,0,0.2200,20.0716,1.0520,1.1056,4.7992
Straight,OT+SH,160049,0,0.1933,20.0718,1.0747,1.1902,6.3148
Straight,OT+SH,160050,0,0.1200,20.0719,1.1021,1.1504,6.3017
Straight,OT+SH,160051,1,0.1800,19.9997,0.2325,1.5613,6.7587
Straight,OT+SH,160052,0,0.3200,20.0708,1.0916,1.0696,3.9998
Straight,OT+SH,160053,0,0.1667,20.0717,1.1232,1.1285,4.8746
Straight,OT+SH,160054,0,0.1667,20.0693,1.1118,1.0610,5.0070
Straight,OT+SH,160055,1,0.2000,20.0218,0.6078,1.4629,5.4577
Straight,OT+SH,160056,0,0.2133,20.0718,1.0778,1.1505,5.7283
Straight,OT+SH,160057,0,0.1800,20.0719,1.0258,1.1958,3.8554
Straight,OT+SH,160058,0,0.1600,20.0709,1.0249,0.9764,3.8355
Straight,OT+SH,160059,0,0.2333,20.0716,1.0005,1.2006,5.4952
Straight,OT+SH,160060,0,0.1733,20.0717,1.0830,1.1609,4.1041
Straight,OT+SH,160061,0,0.1200,20.0710,1.0590,1.0414,4.0077
Straight,OT+SH,160062,0,0.1800,20.0696,1.0681,1.0386,3.3627
Straight,OT+SH,160063,0,0.1333,20.0689,1.0116,1.1758,5.0485
Straight,OT+SH,160064,0,0.2600,20.0718,1.0922,1.3204,5.5146
Straight,OT+SH,160065,0,0.1733,20.0719,1.0478,1.3048,5.2873
Straight,OT+SH,160066,0,0.2000,20.0709,1.0978,1.2500,4.8461
Straight,OT+SH,160067,0,0.2267,20.0717,0.9787,1.1333,3.5553
Straight,OT+SH,160068,0,0.2067,20.0719,1.0636,1.1948,4.1166
Straight,OT+SH,160069,0,0.1200,20.0691,1.0768,1.1032,5.5283
Straight,OT+SH,160070,0,0.1200,20.0716,1.0649,1.0569,3.6605
Straight,OT+SH,160071,0,0.1333,20.0718,1.1006,1.1521,4.7821
Straight,OT+SH,160072,0,0.1933,20.0300,1.0278,1.0803,3.6930
Straight,OT+SH,160073,0,0.1933,20.0671,1.1231,1.0646,4.1559
Straight,OT+SH,160074,0,0.1867,20.0719,1.0717,1.3632,6.3353
Straight,OT+SH,160075,0,0.1533,20.0713,1.0739,1.1259,4.7614
Straight,OT+SH,160076,0,0.1333,20.0719,1.0781,1.0691,4.6637
Straight,OT+SH,160077,0,0.3000,20.0567,1.0921,1.2822,4.0771
Straight,OT+SH,160078,0,0.1933,20.0720,1.1222,1.1945,3.9888
Straight,OT+SH,160079,0,0.1467,20.0714,1.0743,1.1810,4.3230
Straight,OT+SH,160080,0,0.1867,20.0703,1.0333,1.1788,4.4320
Straight,OT+SH,160081,0,0.2533,20.0684,1.0696,0.9821,3.6836
Straight,OT+SH,160082,0,0.1667,20.0684,1.1468,1.5028,7.3686
Straight,OT+SH,160083,0,0.1733,20.0717,1.1295,1.0919,4.1494
Straight,OT+SH,160084,0,0.2800,20.0713,1.0753,1.0402,3.5792
Straight,OT+SH,160085,0,0.1067,20.0718,1.0680,1.1942,5.2820
Straight,OT+SH,160086,0,0.1667,20.0678,1.0425,1.1400,5.9017
Straight,OT+SH,160087,0,0.1933,20.0717,1.0475,1.2205,5.8605
Straight,OT+SH,160088,0,0.2333,20.0712,1.0815,1.2655,6.3370
Straight,OT+SH,160089,0,0.1800,20.0712,1.0934,1.4126,6.5915
Straight,OT+SH,160090,0,0.2600,20.0704,1.0424,1.1109,5.5690
Straight,OT+SH,160091,1,0.2067,19.9564,0.1399,1.8986,7.6712
Straight,OT+SH,160092,0,0.1800,20.0680,1.0792,1.0831,4.1107
Straight,OT+SH,160093,0,0.1400,20.0665,1.0108,1.1446,5.3039
Straight,OT+SH,160094,0,0.2133,20.0716,1.0648,1.2294,3.9618
Straight,OT+SH,160095,0,0.0933,20.0712,1.0916,1.1229,3.7452
Straight,OT+SH,160096,0,0.1000,20.0718,1.0632,1.0753,3.5322
Straight,OT+SH,160097,0,0.2067,20.0719,1.0909,1.2750,6.0380
Straight,OT+SH,160098,0,0.1533,20.0720,1.0852,1.5775,11.9147
Straight,OT+SH,160099,0,0.2133,20.0717,1.0897,1.1018,4.3918
Narrow,Base,160000,0,0.1933,15.0583,1.0589,1.2008,4.3175
Narrow,Base,160001,0,0.3267,15.0659,1.0780,1.2515,4.5145
Narrow,Base,160002,0,0.4333,10.6063,1.9124,1.6600,6.3322
Narrow,Base,160003,0,0.3333,15.0687,1.0920,1.3647,5.4809
Narrow,Base,160004,0,0.2667,15.0558,1.0827,1.2973,5.4975
Narrow,Base,160005,0,0.2667,15.0616,1.1272,1.3427,5.3121
Narrow,Base,160006,0,0.2600,15.0646,0.9699,1.2704,5.1501
Narrow,Base,160007,0,0.1867,15.0675,1.1579,1.1071,3.7691
Narrow,Base,160008,1,0.3800,15.1034,0.1848,1.8175,9.1250
Narrow,Base,160009,0,0.2733,15.0510,1.0684,1.4735,5.6777
Narrow,Base,160010,0,0.4267,15.0713,1.0572,1.2381,4.3719
Narrow,Base,160011,0,0.2067,15.0579,1.1595,1.3211,4.4227
Narrow,Base,160012,0,0.3467,15.0519,1.1020,1.2840,5.1903
Narrow,Base,160013,0,0.3267,15.0697,1.1183,1.4964,5.5389
Narrow,Base,160014,0,0.2200,15.0620,1.0193,1.5994,6.3909
Narrow,Base,160015,0,0.3200,15.0493,1.1137,1.3056,4.5808
Narrow,Base,160016,0,0.2400,15.0586,1.1048,1.2043,7.0860
Narrow,Base,160017,0,0.2467,15.0594,1.1520,1.2952,9.0496
Narrow,Base,160018,0,0.1800,15.0590,0.9922,1.4041,5.5470
Narrow,Base,160019,0,0.1867,15.0674,1.1528,1.4851,7.6364
Narrow,Base,160020,0,0.1933,15.0563,1.1284,1.0774,4.7623
Narrow,Base,160021,0,0.2733,15.0510,1.0725,1.1709,4.3680
Narrow,Base,160022,0,0.2000,15.0448,1.0586,1.4985,4.6988
Narrow,Base,160023,0,0.3200,15.0347,1.2311,2.4863,9.1795
Narrow,Base,160024,0,0.2867,15.0557,0.9849,1.4043,9.0365
Narrow,Base,160025,0,0.3000,15.0583,1.1191,1.2489,4.3838
Narrow,Base,160026,0,0.3533,15.0538,1.1302,1.1845,4.1860
Narrow,Base,160027,0,0.3733,15.0595,1.1518,1.1408,5.5875
Narrow,Base,160028,0,0.2267,15.0586,1.1134,1.2583,4.6831
Narrow,Base,160029,0,0.2133,15.0581,0.9652,1.7518,6.5274
Narrow,Base,160030,0,0.2267,15.0692,1.1060,1.4284,7.9029
Narrow,Base,160031,0,0.3733,15.0706,1.1357,1.5168,9.0327
Narrow,Base,160032,0,0.1800,15.0532,1.2859,2.7939,9.3373
Narrow,Base,160033,0,0.3200,15.0777,1.5871,1.9358,9.0780
Narrow,Base,160034,0,0.3000,15.0700,1.0588,1.3156,5.3268
Narrow,Base,160035,0,0.2933,0.1349,1.1927,1.3146,4.0464
Narrow,Base,160036,0,0.2533,15.0650,1.1137,1.7118,8.9278
Narrow,Base,160037,0,0.1867,15.0672,1.0910,1.3511,4.7683
Narrow,Base,160038,0,0.3133,15.0647,1.0811,1.4000,8.1608
Narrow,Base,160039,0,0.2667,15.0524,1.1119,1.2494,4.8339
Narrow,Base,160040,0,0.2267,15.0623,1.0672,1.5805,5.5649
Narrow,Base,160041,0,0.3467,15.0696,1.1431,1.2109,2.9484
Narrow,Base,160042,0,0.2000,15.0709,1.1456,2.3910,12.2319
Narrow,Base,160043,0,0.2200,15.0669,1.1288,1.5981,10.0198
Narrow,Base,160044,0,0.2467,15.0524,1.1057,1.3196,5.1216
Narrow,Base,160045,0,0.3000,15.0689,1.0601,1.4912,6.3155
Narrow,Base,160046,0,0.2600,15.0689,1.0869,1.3098,7.0449
Narrow,Base,160047,0,0.4067,15.0645,1.0747,1.1955,4.5307
Narrow,Base,160048,0,0.2533,15.0696,1.1041,1.3937,5.6334
Narrow,Base,160049,0,0.2733,15.0579,1.0910,1.3937,7.7074
Narrow,Base,160050,0,0.2400,15.1001,1.1526,2.4227,8.9721
Narrow,Base,160051,0,0.2800,15.0692,1.0314,1.4937,6.4877
Narrow,Base,160052,0,0.3667,15.0574,1.0639,1.3029,4.9196
Narrow,Base,160053,0,0.2667,15.0590,1.1236,1.4916,7.1976
Narrow,Base,160054,0,0.2467,15.0579,1.0759,1.5254,8.0525
Narrow,Base,160055,0,0.2733,15.0596,1.0994,1.6431,5.6967
Narrow,Base,160056,0,0.3933,15.0580,1.0934,1.1956,4.9520
Narrow,Base,160057,0,0.2867,15.0528,1.1470,1.4008,5.5033
Narrow,Base,160058,0,0.1800,15.0596,1.0995,1.1917,5.3753
Narrow,Base,160059,0,0.2467,15.0660,1.0431,1.4620,5.4275
Narrow,Base,160060,0,0.3067,15.0627,1.1064,1.2663,4.3107
Narrow,Base,160061,0,0.2467,15.0633,1.0821,1.4160,7.6244
Narrow,Base,160062,0,0.2400,15.0686,1.1061,1.6542,15.4209
Narrow,Base,160063,0,0.2600,15.0629,1.0939,1.4611,8.7095
Narrow,Base,160064,0,0.3733,15.0685,1.0817,1.5446,8.1437
Narrow,Base,160065,0,0.2333,15.0526,1.0452,1.6354,7.8468
Narrow,Base,160066,0,0.3067,15.0536,1.1187,1.3828,5.6320
Narrow,Base,160067,0,0.3333,15.0674,1.0737,1.3783,7.4963
Narrow,Base,160068,0,0.2667,15.0539,1.1402,1.4115,5.7766
Narrow,Base,160069,0,0.2933,15.0523,1.1701,1.1955,4.6880
Narrow,Base,160070,0,0.2533,15.0534,1.1111,1.9182,10.0059
Narrow,Base,160071,1,0.2600,14.9272,0.4595,1.8351,9.2755
Narrow,Base,160072,1,0.2200,2.4069,0.2179,1.6473,8.4530
Narrow,Base,160073,0,0.2867,15.0599,1.0888,1.2672,5.0674
Narrow,Base,160074,0,0.3000,15.0633,1.0524,1.4854,5.8902
Narrow,Base,160075,0,0.2800,15.0639,1.1200,1.6580,9.5401
Narrow,Base,160076,0,0.2200,15.0707,1.0881,1.2774,4.4240
Narrow,Base,160077,0,0.3800,15.0705,1.0369,1.5579,9.1230
Narrow,Base,160078,0,0.2600,15.0632,1.0596,1.4591,7.3952
Narrow,Base,160079,0,0.3133,15.0573,1.0713,1.2941,4.5202
Narrow,Base,160080,0,0.3133,15.0592,1.0701,1.2384,4.8283
Narrow,Base,160081,0,0.2000,15.0656,1.0871,1.6336,8.1834
Narrow,Base,160082,0,0.3000,15.0484,1.0935,1.2741,4.3631
Narrow,Base,160083,0,0.2133,15.0616,1.0717,1.3082,5.4411
Narrow,Base,160084,0,0.2733,15.0597,1.1406,1.3427,5.3397
Narrow,Base,160085,0,0.1600,15.0420,1.1197,1.4237,8.1805
Narrow,Base,160086,0,0.2867,15.0673,1.0921,1.3072,4.5991
Narrow,Base,160087,0,0.3200,15.0654,1.1450,1.2005,5.0933
Narrow,Base,160088,0,0.3133,15.0693,1.0607,1.5991,8.7513
Narrow,Base,160089,0,0.2267,15.0647,1.1220,1.2898,5.8604
Narrow,Base,160090,0,0.3800,15.0646,1.0826,1.5076,5.5818
Narrow,Base,160091,0,0.2667,15.0689,1.0414,1.5708,9.0345
Narrow,Base,160092,0,0.2267,15.0512,1.0466,1.4041,5.0567
Narrow,Base,160093,0,0.1867,15.0584,1.1033,1.1804,3.9436
Narrow,Base,160094,0,0.2933,15.0709,1.1150,1.5590,6.9070
Narrow,Base,160095,0,0.2067,15.0456,1.1567,1.3341,4.4136
Narrow,Base,160096,0,0.1867,15.0655,1.1011,1.1638,6.9504
Narrow,Base,160097,0,0.4600,15.0719,1.0451,1.3212,7.4449
Narrow,Base,160098,0,0.3067,15.0667,1.0631,1.3161,4.3175
Narrow,Base,160099,0,0.3933,7.0153,0.8633,1.7311,9.0972
Narrow,OT,160000,0,0.1667,15.0648,1.0611,1.1938,5.3139
Narrow,OT,160001,0,0.2200,15.0661,1.0887,1.3493,6.3968
Narrow,OT,160002,0,0.2533,15.0532,1.1147,1.3582,6.1655
Narrow,OT,160003,0,0.2000,15.1024,2.0093,2.8866,10.0557
Narrow,OT,160004,0,0.1133,15.0540,1.1159,1.5747,8.9012
Narrow,OT,160005,0,0.2000,15.0634,1.0830,1.3104,5.6148
Narrow,OT,160006,0,0.1000,15.0717,0.9517,1.4645,7.5876
Narrow,OT,160007,0,0.1267,15.0655,1.1067,1.2382,8.0477
Narrow,OT,160008,0,0.2600,0.1350,2.1145,1.6304,7.3445
Narrow,OT,160009,0,0.2000,15.0607,1.1597,1.3896,9.1347
Narrow,OT,160010,0,0.2667,15.0673,1.0998,1.4175,6.8384
Narrow,OT,160011,0,0.1933,15.0517,1.1458,1.2811,3.6177
Narrow,OT,160012,0,0.1867,15.0530,1.1103,1.4853,7.0838
Narrow,OT,160013,0,0.2400,15.0712,1.0936,1.5614,7.1384
Narrow,OT,160014,0,0.2000,15.0580,1.1156,1.3089,5.3477
Narrow,OT,160015,0,0.2933,15.0668,1.1722,1.2569,5.3294
Narrow,OT,160016,0,0.1200,15.0712,1.1839,1.2374,4.3520
Narrow,OT,160017,0,0.1667,15.0653,1.0575,1.4991,8.9545
Narrow,OT,160018,0,0.1733,15.0705,1.0550,1.3083,5.2461
Narrow,OT,160019,0,0.2267,4.0926,2.4478,2.1036,9.2878
Narrow,OT,160020,0,0.1200,15.0626,1.1476,1.4465,8.5522
Narrow,OT,160021,0,0.1533,15.0676,1.0196,1.5855,8.4154
Narrow,OT,160022,0,0.1600,15.0575,1.0340,1.4879,5.4620
Narrow,OT,160023,0,0.2133,14.9428,1.3102,2.3222,9.2323
Narrow,OT,160024,0,0.1800,15.0688,1.0083,1.4670,5.6452
Narrow,OT,160025,0,0.2067,15.0670,1.0554,1.4823,8.7996
Narrow,OT,160026,0,0.1800,15.0521,1.1200,1.4843,8.7382
Narrow,OT,160027,0,0.2200,15.0701,1.1102,1.3361,5.5804
Narrow,OT,160028,0,0.1800,15.0586,1.0764,1.7306,11.4176
Narrow,OT,160029,1,0.1400,15.0255,0.4590,1.5337,5.5214
Narrow,OT,160030,0,0.1600,15.0537,1.0684,1.3962,4.7802
Narrow,OT,160031,0,0.2000,15.0672,1.0781,1.4938,6.9658
Narrow,OT,160032,1,0.1933,4.6565,0.3658,3.2847,7.2876
Narrow,OT,160033,0,0.1600,15.0628,1.0170,1.5585,6.8279
Narrow,OT,160034,0,0.1333,15.0620,1.1352,1.4631,6.0122
Narrow,OT,160035,0,0.1600,15.4870,1.1885,2.5086,9.1922
Narrow,OT,160036,0,0.2600,15.1012,1.5367,2.7386,9.4458
Narrow,OT,160037,0,0.1133,15.0711,1.0796,1.3789,9.1715
Narrow,OT,160038,0,0.1733,15.0617,1.0906,1.5552,5.9964
Narrow,OT,160039,0,0.2133,15.0576,1.0803,1.6807,8.7967
Narrow,OT,160040,0,0.2133,15.0652,1.0552,1.4135,5.4714
Narrow,OT,160041,0,0.2000,15.0666,1.0262,1.7015,9.0096
Narrow,OT,160042,0,0.1267,15.0718,1.1726,1.4980,4.2323
Narrow,OT,160043,0,0.1400,15.0547,1.1344,1.2955,7.9176
Narrow,OT,160044,0,0.1533,15.0498,1.0588,1.4434,5.2841
Narrow,OT,160045,0,0.2067,15.0623,1.0773,1.6483,6.7028
Narrow,OT,160046,0,0.2000,15.0642,1.0707,1.8438,7.6083
Narrow,OT,160047,0,0.1800,15.0621,1.1039,1.5695,5.1014
Narrow,OT,160048,0,0.1467,15.0594,1.0911,1.5621,7.1941
Narrow,OT,160049,0,0.1533,15.0712,1.0693,1.5217,4.8964
Narrow,OT,160050,0,0.1000,15.0511,1.0934,1.4822,4.5799
Narrow,OT,160051,0,0.2133,15.0616,1.0803,1.5149,5.9255
Narrow,OT,160052,0,0.2733,15.0620,1.1325,1.5319,5.9593
Narrow,OT,160053,0,0.1800,15.0657,1.0405,1.6288,6.6409
Narrow,OT,160054,0,0.1267,15.0704,1.0917,1.4781,4.9909
Narrow,OT,160055,0,0.2400,15.0625,1.0267,1.4928,4.6757
Narrow,OT,160056,0,0.2400,15.0606,1.1442,1.3191,5.1049
Narrow,OT,160057,0,0.1800,15.0560,1.1366,1.5804,5.3772
Narrow,OT,160058,0,0.1067,15.0592,1.0780,1.3619,5.2654
Narrow,OT,160059,0,0.1667,15.0639,1.0822,1.5606,4.6478
Narrow,OT,160060,0,0.2267,15.0703,1.1450,1.3789,5.2429
Narrow,OT,160061,0,0.1800,15.0603,1.0912,1.1617,4.7104
Narrow,OT,160062,0,0.2000,15.0653,1.0477,1.2678,6.3185
Narrow,OT,160063,1,0.1533,15.0594,0.7313,1.4820,5.5123
Narrow,OT,160064,0,0.2467,15.0700,1.0848,1.3411,4.9294
Narrow,OT,160065,0,0.1867,15.0660,1.0021,1.4895,5.8577
Narrow,OT,160066,0,0.1800,15.0599,1.1013,1.3405,5.6147
Narrow,OT,160067,0,0.2000,15.0593,1.0657,1.2781,4.2333
Narrow,OT,160068,0,0.2267,15.0676,0.9831,1.6911,5.1933
Narrow,OT,160069,0,0.1400,15.0588,1.1329,1.3995,4.9110
Narrow,OT,160070,0,0.1600,15.0608,1.0700,1.4669,5.9436
Narrow,OT,160071,1,0.2000,14.9263,0.6470,1.9354,9.3158
Narrow,OT,160072,0,0.2400,15.0228,0.8698,1.7614,9.1655
Narrow,OT,160073,0,0.1733,15.0704,1.1346,1.3420,4.5059
Narrow,OT,160074,0,0.1667,15.0692,1.1253,1.5493,7.8649
Narrow,OT,160075,0,0.2067,15.0663,1.0840,1.9894,8.8224
Narrow,OT,160076,0,0.1600,14.9315,1.5013,2.2116,9.6668
Narrow,OT,160077,0,0.3000,15.0698,0.9996,1.7404,9.2787
Narrow,OT,160078,0,0.1933,15.0585,1.0442,1.2771,6.0915
Narrow,OT,160079,0,0.1733,15.0653,1.1226,1.3333,5.2687
Narrow,OT,160080,0,0.2267,15.0647,1.0417,1.3434,4.2158
Narrow,OT,160081,0,0.1533,15.0652,1.0998,1.4138,5.6479
Narrow,OT,160082,0,0.1200,15.0482,1.0845,1.1590,4.2049
Narrow,OT,160083,0,0.2067,15.0677,1.1225,1.4953,6.5070
Narrow,OT,160084,0,0.2200,15.0634,1.1614,1.3175,4.6949
Narrow,OT,160085,0,0.1867,0.1350,1.5280,1.6391,9.2215
Narrow,OT,160086,0,0.1600,15.0650,1.1057,1.4432,6.9611
Narrow,OT,160087,0,0.2200,15.0520,1.0888,1.2372,4.9218
Narrow,OT,160088,0,0.2133,15.0689,1.0865,1.5814,7.9438
Narrow,OT,160089,0,0.1200,15.0588,1.0861,1.4280,4.7468
Narrow,OT,160090,0,0.2333,15.0719,1.1109,1.4461,5.0928
Narrow,OT,160091,0,0.1800,15.0385,1.0556,1.6067,9.0903
Narrow,OT,160092,0,0.2333,15.0553,1.1016,1.0985,4.2942
Narrow,OT,160093,0,0.1400,15.0591,1.0677,1.2108,5.8147
Narrow,OT,160094,0,0.1800,15.0718,1.0172,1.8717,7.9466
Narrow,OT,160095,0,0.1467,15.0543,1.1072,1.4208,5.6638
Narrow,OT,160096,0,0.0733,15.0677,1.0335,1.1221,4.6271
Narrow,OT,160097,0,0.1933,15.0602,1.0690,1.4410,5.3061
Narrow,OT,160098,0,0.2467,15.0667,1.0728,1.2804,4.5596
Narrow,OT,160099,0,0.1667,15.0454,1.1341,1.3274,5.2065
Narrow,OT+SH,160000,0,0.1533,15.0676,1.1143,1.2847,6.4910
Narrow,OT+SH,160001,0,0.1800,15.0715,1.1533,1.3742,6.8354
Narrow,OT+SH,160002,0,0.2200,15.0324,1.0818,1.2303,5.1235
Narrow,OT+SH,160003,0,0.2467,15.0680,1.1416,1.1164,4.2105
Narrow,OT+SH,160004,0,0.1200,15.0685,1.0730,1.2729,5.1538
Narrow,OT+SH,160005,0,0.1400,15.0540,1.0175,1.0752,5.3408
Narrow,OT+SH,160006,0,0.1467,15.0579,0.9978,1.0829,4.6463
Narrow,OT+SH,160007,0,0.1067,15.0544,1.0819,1.0489,5.1593
Narrow,OT+SH,160008,0,0.1733,15.0497,1.1055,1.0479,5.2752
Narrow,OT+SH,160009,0,0.1933,15.0550,1.0861,1.1290,4.5469
Narrow,OT+SH,160010,0,0.2467,15.0576,1.0155,1.0977,4.2270
Narrow,OT+SH,160011,0,0.1333,15.0617,1.1510,1.1761,4.9273
Narrow,OT+SH,160012,0,0.1467,15.0530,1.1506,1.1422,6.4048
Narrow,OT+SH,160013,0,0.2333,15.0672,1.0284,1.1932,4.8137
Narrow,OT+SH,160014,0,0.1600,15.0655,1.0129,1.1412,5.0211
Narrow,OT+SH,160015,0,0.2533,15.0719,1.0766,1.2877,4.9983
Narrow,OT+SH,160016,0,0.0667,15.0622,1.0965,0.9655,3.6234
Narrow,OT+SH,160017,0,0.1333,15.0565,1.1201,1.7379,12.8391
Narrow,OT+SH,160018,0,0.1467,15.0706,1.0912,1.0678,4.3066
Narrow,OT+SH,160019,0,0.1667,15.0664,1.0458,1.4189,6.1531
Narrow,OT+SH,160020,0,0.1200,15.0583,1.0513,1.1014,7.4365
Narrow,OT+SH,160021,0,0.2200,15.0619,1.0623,0.9797,3.7467
Narrow,OT+SH,160022,0,0.2200,15.0477,1.1110,1.1309,3.7535
Narrow,OT+SH,160023,1,0.1933,14.9762,0.5326,1.4882,6.4276
Narrow,OT+SH,160024,0,0.2133,15.0616,1.1588,1.0840,4.6197
Narrow,OT+SH,160025,0,0.1867,15.0670,1.1127,1.1125,4.1147
Narrow,OT+SH,160026,0,0.1600,15.0490,1.0278,1.0475,4.2558
Narrow,OT+SH,160027,0,0.1867,15.0711,1.0653,1.1978,4.1272
Narrow,OT+SH,160028,0,0.2133,15.0259,1.0625,1.2601,5.3417
Narrow,OT+SH,160029,0,0.1200,15.0663,1.0191,1.1259,4.5775
Narrow,OT+SH,160030,0,0.1533,15.0715,1.0662,1.0727,4.4375
Narrow,OT+SH,160031,0,0.2267,15.0632,1.0403,1.1770,4.0553
Narrow,OT+SH,160032,0,0.0733,15.0589,1.0808,1.2181,4.5140
Narrow,OT+SH,160033,0,0.1800,15.0524,1.0455,1.3081,6.2033
Narrow,OT+SH,160034,0,0.1400,15.0544,1.1307,1.0740,4.9981
Narrow,OT+SH,160035,0,0.1667,15.0637,1.0932,1.1088,5.2409
Narrow,OT+SH,160036,0,0.2067,15.0489,1.0446,1.0619,4.0955
Narrow,OT+SH,160037,0,0.1000,15.0160,1.1447,1.2143,4.9052
Narrow,OT+SH,160038,0,0.2000,15.0555,1.0488,1.9080,6.6072
Narrow,OT+SH,160039,0,0.1600,15.0599,1.0039,1.1565,4.6097
Narrow,OT+SH,160040,1,0.2200,15.0391,0.5921,1.2613,4.6884
Narrow,OT+SH,160041,0,0.2467,15.0683,1.0874,1.1506,4.0173
Narrow,OT+SH,160042,0,0.1000,15.0709,1.0279,1.0357,4.5867
Narrow,OT+SH,160043,0,0.0933,15.0710,1.0784,1.3272,8.7933
Narrow,OT+SH,160044,0,0.1800,15.0682,1.0246,1.0938,4.8429
Narrow,OT+SH,160045,0,0.2400,15.0674,1.1021,1.0063,4.4544
Narrow,OT+SH,160046,0,0.2133,15.0546,1.0689,1.0017,4.6599
Narrow,OT+SH,160047,0,0.2267,15.0646,1.0251,1.0442,4.9690
Narrow,OT+SH,160048,0,0.1933,15.0646,1.0948,1.0822,3.3038
Narrow,OT+SH,160049,0,0.2533,15.0660,1.1494,0.9607,3.4166
Narrow,OT+SH,160050,0,0.1333,15.0651,1.0773,0.9518,4.1060
Narrow,OT+SH,160051,0,0.1333,15.0720,1.0954,1.3949,5.6242
Narrow,OT+SH,160052,0,0.3200,15.0531,1.0622,1.1492,8.1806
Narrow,OT+SH,160053,0,0.1800,15.0714,1.1249,1.1338,4.3746
Narrow,OT+SH,160054,0,0.1467,15.0694,1.0425,1.1990,5.4058
Narrow,OT+SH,160055,0,0.2200,15.0676,1.1623,1.1818,4.5272
Narrow,OT+SH,160056,0,0.2533,15.0494,1.0429,1.0233,3.5852
Narrow,OT+SH,160057,0,0.1600,15.0569,1.1559,1.2123,4.6444
Narrow,OT+SH,160058,0,0.1067,15.0609,1.0789,1.1091,4.0518
Narrow,OT+SH,160059,0,0.2200,15.0624,1.0523,1.2191,5.6161
Narrow,OT+SH,160060,0,0.2333,15.0694,1.1117,1.1384,4.0706
Narrow,OT+SH,160061,0,0.1600,15.0513,1.1163,0.9499,3.6714
Narrow,OT+SH,160062,0,0.1467,15.0718,0.9781,1.2397,4.3566
Narrow,OT+SH,160063,0,0.1133,15.0712,1.0469,1.0897,4.3153
Narrow,OT+SH,160064,0,0.2467,15.0609,1.0719,1.0362,3.1592
Narrow,OT+SH,160065,1,0.1800,15.0641,0.6144,1.2223,4.5890
Narrow,OT+SH,160066,0,0.1933,15.0683,1.0542,1.5295,6.7873
Narrow,OT+SH,160067,0,0.1867,15.0596,1.0590,1.1458,5.6428
Narrow,OT+SH,160068,0,0.1800,15.0557,1.0976,1.1631,5.5579
Narrow,OT+SH,160069,0,0.1600,15.0521,1.0507,0.9867,3.9793
Narrow,OT+SH,160070,0,0.1600,15.0527,1.0998,1.0642,4.3788
Narrow,OT+SH,160071,0,0.1200,15.0508,1.2016,1.1671,4.7228
Narrow,OT+SH,160072,0,0.1867,15.0670,1.0133,1.1797,5.1181
Narrow,OT+SH,160073,0,0.2000,15.0627,1.0892,1.2011,5.9346
Narrow,OT+SH,160074,0,0.1800,15.0531,0.9916,1.1443,5.3864
Narrow,OT+SH,160075,0,0.1933,15.0671,1.0734,1.1418,4.2890
Narrow,OT+SH,160076,0,0.1867,15.0582,1.0758,1.0163,4.5299
Narrow,OT+SH,160077,0,0.3000,15.0533,1.0628,1.2015,4.3728
Narrow,OT+SH,160078,0,0.1800,15.0719,1.0785,1.2276,4.4363
Narrow,OT+SH,160079,0,0.1867,15.0519,1.0629,0.9712,4.2549
Narrow,OT+SH,160080,0,0.2200,15.0625,1.0866,1.1741,6.4492
Narrow,OT+SH,160081,0,0.1667,15.0644,1.0269,1.1685,4.7713
Narrow,OT+SH,160082,0,0.2000,15.0584,1.1661,1.2854,6.5594
Narrow,OT+SH,160083,0,0.1867,15.0599,1.1687,0.9914,4.2098
Narrow,OT+SH,160084,0,0.1933,15.0619,1.1621,1.0676,4.3068
Narrow,OT+SH,160085,0,0.1533,15.0496,1.0875,1.1031,4.5993
Narrow,OT+SH,160086,0,0.1600,15.0240,1.1572,1.3953,6.3382
Narrow,OT+SH,160087,0,0.1867,15.0594,1.0591,1.0313,4.0077
Narrow,OT+SH,160088,0,0.2200,15.0664,1.0707,1.0685,4.4309
Narrow,OT+SH,160089,0,0.2067,15.0470,1.0629,0.9670,4.6761
Narrow,OT+SH,160090,0,0.2333,15.0712,1.0542,1.2527,7.0605
Narrow,OT+SH,160091,0,0.1867,15.0653,1.0851,1.2524,4.7249
Narrow,OT+SH,160092,0,0.2000,15.0612,1.0732,1.5069,9.7688
Narrow,OT+SH,160093,0,0.1133,15.0508,1.0748,1.0356,4.2586
Narrow,OT+SH,160094,0,0.2067,15.0605,1.0847,1.2693,5.1866
Narrow,OT+SH,160095,0,0.1200,15.0444,1.1169,1.2682,6.3692
Narrow,OT+SH,160096,0,0.1000,15.0607,1.0576,1.0790,4.5457
Narrow,OT+SH,160097,0,0.2733,15.0715,1.1654,1.0141,4.1047
Narrow,OT+SH,160098,0,0.1933,15.0713,1.1269,1.1141,4.2151
Narrow,OT+SH,160099,0,0.2067,15.0563,1.0553,1.0092,5.1814
Intersection,Base,160000,0,0.3267,18.0584,3.0429,1.1351,3.4538
Intersection,Base,160001,0,0.2867,18.0633,3.0701,1.6096,5.4949
Intersection,Base,160002,0,0.3867,18.0646,2.4116,1.6673,8.7458
Intersection,Base,160003,0,0.3667,18.0687,2.9184,1.5751,6.0725
Intersection,Base,160004,0,0.1867,18.0652,3.0376,1.3288,3.0596
Intersection,Base,160005,0,0.3667,18.0652,3.3267,1.2507,4.3840
Intersection,Base,160006,0,0.3467,18.0650,2.5245,1.4057,3.4792
Intersection,Base,160007,0,0.3267,18.0634,3.1710,1.5042,5.8210
Intersection,Base,160008,0,0.2800,18.0647,2.8087,1.5273,9.4872
Intersection,Base,160009,0,0.2867,18.0645,2.6599,1.4084,6.6743
Intersection,Base,160010,0,0.2733,18.0681,2.4262,1.6932,7.6767
Intersection,Base,160011,0,0.4200,18.0621,3.0861,1.3499,3.5261
Intersection,Base,160012,0,0.2600,18.0640,2.6021,1.5090,5.1276
Intersection,Base,160013,0,0.3667,18.0622,2.6856,1.6507,9.2227
Intersection,Base,160014,0,0.2600,18.0644,2.4566,1.5114,4.6812
Intersection,Base,160015,0,0.3400,18.0652,2.4641,1.3551,3.4342
Intersection,Base,160016,0,0.4000,18.0641,2.4902,1.3022,3.8890
Intersection,Base,160017,0,0.2933,18.0628,2.8047,1.5668,5.4385
Intersection,Base,160018,0,0.3667,18.0586,3.2660,1.5489,5.4412
Intersection,Base,160019,0,0.2733,18.0648,2.7162,1.5910,3.8786
Intersection,Base,160020,0,0.3067,18.0660,3.2972,1.3068,4.2318
Intersection,Base,160021,0,0.3800,18.0581,3.2362,1.3756,5.9494
Intersection,Base,160022,0,0.3800,18.0587,3.0912,1.1649,2.9465
Intersection,Base,160023,0,0.3667,18.0677,1.9971,1.4538,7.2234
Intersection,Base,160024,0,0.3733,18.0582,2.8405,1.3417,3.6575
Intersection,Base,160025,0,0.3333,18.0653,3.3290,1.6462,7.9470
Intersection,Base,160026,0,0.3133,18.0595,2.9524,1.4089,3.5958
Intersection,Base,160027,0,0.3333,18.0621,2.9240,1.5225,7.6266
Intersection,Base,160028,0,0.3133,18.0602,2.5430,1.1398,4.2782
Intersection,Base,160029,0,0.2600,18.0655,2.2167,1.6937,6.4358
Intersection,Base,160030,0,0.2667,18.0646,2.5748,1.6580,7.0206
Intersection,Base,160031,0,0.4400,18.0644,3.3533,1.3553,5.2316
Intersection,Base,160032,0,0.3067,18.0617,2.6907,1.5301,7.4353
Intersection,Base,160033,0,0.2467,18.0642,2.6792,1.1706,6.5537
Intersection,Base,160034,0,0.2667,18.0647,3.2355,1.7260,8.7622
Intersection,Base,160035,0,0.3533,18.0634,2.8147,1.4802,5.2743
Intersection,Base,160036,0,0.3133,18.0719,2.1943,1.8197,8.3052
Intersection,Base,160037,0,0.2733,18.0646,2.4438,1.8102,8.8052
Intersection,Base,160038,0,0.2800,18.0660,3.1435,1.6262,5.4152
Intersection,Base,160039,0,0.3067,18.0638,2.5911,1.5942,5.1744
Intersection,Base,160040,0,0.2467,18.0633,2.8088,1.6583,5.8573
Intersection,Base,160041,0,0.3067,18.0586,2.9768,1.3102,4.1742
Intersection,Base,160042,0,0.2467,18.0649,3.2313,1.3433,4.8793
Intersection,Base,160043,0,0.3467,18.0647,3.0640,1.4158,4.3715
Intersection,Base,160044,0,0.2533,18.0628,3.2043,1.4731,4.4448
Intersection,Base,160045,0,0.2533,18.0649,2.7940,1.5046,5.3223
Intersection,Base,160046,0,0.3800,18.0641,2.8713,1.4918,7.0697
Intersection,Base,160047,0,0.2733,18.0651,2.9200,1.3504,4.1828
Intersection,Base,160048,0,0.2867,18.0637,3.2312,1.2428,7.1592
Intersection,Base,160049,0,0.2200,18.0583,3.0432,1.4851,4.3355
Intersection,Base,160050,0,0.3267,18.0650,3.4209,1.9135,8.4396
Intersection,Base,160051,0,0.2067,18.0668,1.9507,1.4409,4.6308
Intersection,Base,160052,0,0.2400,18.0641,3.1787,1.2771,4.2058
Intersection,Base,160053,0,0.3267,18.0620,2.5923,1.5473,6.2137
Intersection,Base,160054,0,0.4133,18.0596,2.9295,1.2942,4.2439
Intersection,Base,160055,0,0.2867,18.0654,2.6805,1.1816,3.1919
Intersection,Base,160056,0,0.3667,18.0578,2.8525,1.2803,3.6195
Intersection,Base,160057,0,0.3267,18.0638,2.9857,1.4347,5.9653
Intersection,Base,160058,0,0.2933,18.0646,2.5842,1.5048,6.2702
Intersection,Base,160059,0,0.3000,18.0584,3.1867,1.4881,3.6560
Intersection,Base,160060,0,0.3400,18.0648,2.7684,1.3978,6.3349
Intersection,Base,160061,0,0.3267,18.0655,2.7465,1.2507,4.4798
Intersection,Base,160062,0,0.2600,18.0585,3.1219,1.6087,4.3414
Intersection,Base,160063,0,0.3000,18.0718,2.1214,1.4972,4.8300
Intersection,Base,160064,0,0.3267,18.0580,3.1883,1.5067,3.3353
Intersection,Base,160065,0,0.3333,18.0655,3.1050,1.3264,3.5670
Intersection,Base,160066,0,0.2733,18.0632,3.2312,1.1597,5.1493
Intersection,Base,160067,0,0.3133,18.0643,3.2308,1.7642,8.4543
Intersection,Base,160068,0,0.2400,18.0638,3.1562,1.5490,8.4798
Intersection,Base,160069,0,0.3800,18.0668,2.7460,1.2689,3.3992
Intersection,Base,160070,0,0.3667,18.0644,2.8099,1.3067,4.4688
Intersection,Base,160071,0,0.3467,18.0646,2.4728,1.3381,3.2585
Intersection,Base,160072,0,0.3667,18.0644,2.9382,1.3039,6.0558
Intersection,Base,160073,0,0.3467,18.0653,2.9218,1.8243,8.7085
Intersection,Base,160074,0,0.2600,18.0656,2.9225,1.4284,4.1899
Intersection,Base,160075,0,0.3333,18.0649,3.2176,1.4030,5.8567
Intersection,Base,160076,0,0.2533,18.0645,2.7554,1.4747,3.3098
Intersection,Base,160077,0,0.2600,18.0646,3.1459,1.1622,2.7476
Intersection,Base,160078,0,0.3200,18.0638,2.4776,1.4307,4.2449
Intersection,Base,160079,0,0.3733,18.0642,2.9335,1.3166,5.8789
Intersection,Base,160080,0,0.2467,18.0645,3.3202,1.7577,9.2866
Intersection,Base,160081,0,0.3000,18.0664,2.9379,2.0729,11.3664
Intersection,Base,160082,0,0.4000,18.0646,3.2900,1.4190,6.5523
Intersection,Base,160083,0,0.2733,18.0657,3.4808,1.3626,4.5319
Intersection,Base,160084,0,0.2800,18.0642,2.8404,1.2148,3.3537
Intersection,Base,160085,0,0.2667,18.0644,2.7826,1.6251,6.4367
Intersection,Base,160086,0,0.2733,18.0580,2.7638,1.2769,4.1474
Intersection,Base,160087,0,0.2600,18.0628,2.8611,1.2876,4.0750
Intersection,Base,160088,0,0.3333,18.0644,3.0544,1.4740,4.1666
Intersection,Base,160089,0,0.3467,18.0635,3.3733,1.3196,3.8222
Intersection,Base,160090,0,0.2200,18.0586,3.2301,1.3667,5.3526
Intersection,Base,160091,0,0.3667,18.0634,3.0900,1.2870,3.0221
Intersection,Base,160092,0,0.3067,18.0583,2.9142,1.5152,4.0163
Intersection,Base,160093,0,0.2267,18.0582,3.1203,1.5201,5.7516
Intersection,Base,160094,0,0.2867,18.0586,2.8679,1.3481,6.3705
Intersection,Base,160095,0,0.3200,18.0641,2.7681,1.4773,9.6955
Intersection,Base,160096,0,0.3533,18.0647,3.0078,1.3175,3.6021
Intersection,Base,160097,0,0.2667,18.0656,2.9377,1.4097,4.9046
Intersection,Base,160098,0,0.2333,18.0642,2.9767,1.5684,4.9114
Intersection,Base,160099,0,0.3733,18.0647,3.1371,1.2973,4.0021
Intersection,OT,160000,0,0.2800,18.0581,3.0341,1.3700,3.7297
Intersection,OT,160001,0,0.2067,18.0631,2.9674,1.4682,5.5663
Intersection,OT,160002,0,0.2600,18.0620,2.4814,1.5740,6.5824
Intersection,OT,160003,0,0.2467,18.0587,2.5944,2.3688,9.2136
Intersection,OT,160004,0,0.2000,18.0585,3.1191,1.5150,7.3015
Intersection,OT,160005,0,0.2400,18.0638,3.2437,1.2980,2.9807
Intersection,OT,160006,0,0.2467,18.0643,2.9481,1.7395,7.2230
Intersection,OT,160007,0,0.1800,18.0633,3.1310,1.5042,3.5722
Intersection,OT,160008,0,0.2133,18.0675,2.6414,1.4978,6.3859
Intersection,OT,160009,0,0.1800,18.0642,3.0841,1.4150,3.3060
Intersection,OT,160010,0,0.2467,18.0661,2.9383,1.3802,3.9842
Intersection,OT,160011,0,0.2933,18.0632,3.2176,1.4843,6.0611
Intersection,OT,160012,0,0.1533,18.0642,2.6019,1.5083,4.3664
Intersection,OT,160013,0,0.2000,18.0644,2.6583,1.3834,5.3457
Intersection,OT,160014,0,0.2067,18.0656,2.4484,1.7418,7.9945
Intersection,OT,160015,0,0.2600,18.0635,2.7975,1.4272,4.7988
Intersection,OT,160016,0,0.2267,18.0636,2.9444,1.5617,9.0978
Intersection,OT,160017,0,0.2800,18.0629,2.6920,1.5955,7.8795
Intersection,OT,160018,0,0.2667,18.0644,3.2935,1.6343,7.7901
Intersection,OT,160019,0,0.2400,18.0679,2.2482,1.6923,9.0082
Intersection,OT,160020,0,0.1600,18.0646,3.2662,1.4685,4.8029
Intersection,OT,160021,0,0.3000,18.0651,2.6650,1.3984,3.3229
Intersection,OT,160022,0,0.2533,18.0585,3.2890,1.4716,6.6890
Intersection,OT,160023,0,0.2133,18.0625,2.3569,1.4422,4.1662
Intersection,OT,160024,0,0.2600,18.0584,2.7424,1.4472,4.9883
Intersection,OT,160025,0,0.2267,18.0634,3.2831,1.7604,8.5608
Intersection,OT,160026,0,0.2400,18.0638,3.3731,1.4219,3.3061
Intersection,OT,160027,0,0.2733,18.0700,2.5231,1.3858,4.8382
Intersection,OT,160028,0,0.1333,18.0653,2.9822,1.3912,6.6781
Intersection,OT,160029,0,0.1533,18.0626,2.3018,1.4881,6.9814
Intersection,OT,160030,0,0.2400,18.0658,3.0874,1.6036,8.5997
Intersection,OT,160031,0,0.2333,18.0644,3.3515,1.4806,5.3644
Intersection,OT,160032,0,0.2133,18.0647,2.7704,1.4057,6.2533
Intersection,OT,160033,0,0.1333,18.0627,2.6524,1.1148,4.6965
Intersection,OT,160034,0,0.2467,18.0641,3.2430,1.7735,8.7889
Intersection,OT,160035,0,0.2667,18.0588,2.5635,1.3969,4.6631
Intersection,OT,160036,0,0.2333,18.0587,2.5416,1.4134,3.9307
Intersection,OT,160037,0,0.1933,18.0582,2.8744,1.3596,4.3519
Intersection,OT,160038,0,0.2400,18.0636,3.1153,1.3814,5.3453
Intersection,OT,160039,0,0.2267,18.0638,3.0659,1.4927,4.2771
Intersection,OT,160040,0,0.1800,18.0633,2.3334,1.6686,4.9393
Intersection,OT,160041,0,0.2200,18.0638,2.5744,1.5288,5.2155
Intersection,OT,160042,0,0.1667,18.0598,3.1436,1.4781,6.6495
Intersection,OT,160043,0,0.2800,18.0646,2.6094,1.3780,5.7717
Intersection,OT,160044,0,0.2067,18.0640,2.8853,1.4379,3.8205
Intersection,OT,160045,0,0.2067,18.0641,2.6817,1.4559,4.1521
Intersection,OT,160046,0,0.2400,18.0640,2.8643,1.5764,3.6811
Intersection,OT,160047,0,0.2400,18.0647,2.9328,1.5124,9.0085
Intersection,OT,160048,0,0.1533,18.0635,3.1856,1.1992,4.4294
Intersection,OT,160049,0,0.2600,18.0642,2.8385,1.3270,6.3361
Intersection,OT,160050,0,0.2067,18.0654,3.3935,1.3770,6.2514
Intersection,OT,160051,0,0.2267,18.0647,2.6524,1.2052,3.9857
Intersection,OT,160052,0,0.2067,18.0641,3.1193,1.3044,3.4275
Intersection,OT,160053,0,0.1933,18.0678,2.9176,1.7265,7.4837
Intersection,OT,160054,0,0.2600,18.0659,2.5313,1.7127,8.9400
Intersection,OT,160055,0,0.2133,18.0580,3.2384,1.2577,5.0389
Intersection,OT,160056,0,0.2400,18.0631,2.9706,1.3818,5.5840
Intersection,OT,160057,0,0.2333,18.0585,2.6904,1.4158,4.7485
Intersection,OT,160058,0,0.2000,18.0638,2.2551,1.3891,3.4914
Intersection,OT,160059,0,0.1800,18.0643,3.2616,1.6233,3.6937
Intersection,OT,160060,0,0.2533,18.0638,3.3389,1.4237,4.9177
Intersection,OT,160061,0,0.2400,18.0641,2.7457,1.7098,8.7029
Intersection,OT,160062,0,0.2267,18.0641,2.9344,1.6189,7.8872
Intersection,OT,160063,0,0.1867,18.0643,2.8468,1.9799,8.8531
Intersection,OT,160064,0,0.1600,18.0631,2.9911,1.5887,6.0359
Intersection,OT,160065,0,0.2067,18.0585,3.0684,2.3628,9.9264
Intersection,OT,160066,0,0.1667,18.0642,3.0432,1.3606,8.1097
Intersection,OT,160067,0,0.2133,18.0641,2.7276,1.5710,8.6351
Intersection,OT,160068,0,0.1333,18.0645,3.2622,1.4637,6.0524
Intersection,OT,160069,0,0.2267,18.0664,2.6035,1.4712,5.2170
Intersection,OT,160070,0,0.2333,18.0645,2.9236,1.5816,5.3865
Intersection,OT,160071,0,0.2800,18.0682,2.6786,1.4783,6.1821
Intersection,OT,160072,0,0.1867,18.0650,2.4257,1.2652,5.0598
Intersection,OT,160073,0,0.2667,18.0631,3.0343,1.8354,9.5195
Intersection,OT,160074,0,0.1800,18.0675,2.9594,1.6267,6.1743
Intersection,OT,160075,0,0.2733,18.0649,2.5969,1.5543,6.3583
Intersection,OT,160076,0,0.2000,18.0646,3.3678,1.4942,3.3445
Intersection,OT,160077,0,0.2200,18.0638,3.1711,1.3534,6.8084
Intersection,OT,160078,0,0.2533,18.0666,2.2053,1.5581,5.3291
Intersection,OT,160079,0,0.2667,18.0644,2.6089,1.4232,4.3035
Intersection,OT,160080,0,0.1400,18.0586,3.3132,1.5731,6.7762
Intersection,OT,160081,0,0.2600,18.0649,2.8676,1.3294,3.5539
Intersection,OT,160082,0,0.2467,18.0595,3.3337,1.4469,6.7614
Intersection,OT,160083,0,0.1867,18.0641,2.9740,1.5110,3.7900
Intersection,OT,160084,0,0.3133,18.0693,2.7249,1.3512,6.2195
Intersection,OT,160085,0,0.2600,18.0661,2.6285,1.6330,9.5663
Intersection,OT,160086,0,0.1467,18.0625,2.4492,1.5722,7.1566
Intersection,OT,160087,0,0.1800,18.0591,2.9520,1.1775,3.4776
Intersection,OT,160088,0,0.2867,18.0628,2.6971,1.4019,8.6946
Intersection,OT,160089,0,0.2400,18.0625,3.1411,1.7474,8.5639
Intersection,OT,160090,0,0.1800,18.0638,3.1306,1.3028,3.7907
Intersection,OT,160091,0,0.2733,18.0642,2.7128,1.2584,3.5389
Intersection,OT,160092,0,0.2800,18.0632,2.7835,1.4474,4.6269
Intersection,OT,160093,0,0.1667,18.0646,3.2342,1.5940,5.2109
Intersection,OT,160094,0,0.1800,18.0668,2.7009,1.4197,4.6429
Intersection,OT,160095,0,0.2800,18.0577,3.0175,1.2205,3.5569
Intersection,OT,160096,0,0.2533,18.0649,3.0023,1.4713,4.5919
Intersection,OT,160097,0,0.1400,18.0594,2.8325,1.4699,3.9960
Intersection,OT,160098,0,0.2200,18.0578,3.4315,1.4221,3.3747
Intersection,OT,160099,0,0.3133,18.0639,2.9989,1.5061,3.5527
Intersection,OT+SH,160000,0,0.2600,18.0587,2.7325,1.0190,2.8858
Intersection,OT+SH,160001,0,0.2400,18.0638,2.6107,1.0699,3.7832
Intersection,OT+SH,160002,0,0.1800,18.0624,2.3466,1.1699,3.6314
Intersection,OT+SH,160003,0,0.2733,18.0583,2.5259,1.0491,3.7494
Intersection,OT+SH,160004,0,0.1867,18.0581,2.6337,1.0712,4.1417
Intersection,OT+SH,160005,0,0.2933,18.0637,2.6699,1.6170,6.4614
Intersection,OT+SH,160006,0,0.2333,18.0640,2.8190,1.3117,6.4972
Intersection,OT+SH,160007,0,0.2400,18.0580,2.8519,1.1402,3.4379
Intersection,OT+SH,160008,0,0.2200,18.0634,2.7893,1.1050,4.9401
Intersection,OT+SH,160009,0,0.2067,18.0642,2.5649,1.1035,3.2903
Intersection,OT+SH,160010,0,0.2333,18.0641,2.5978,1.1002,4.0030
Intersection,OT+SH,160011,0,0.3133,18.0640,2.8643,1.3384,5.9807
Intersection,OT+SH,160012,0,0.1733,18.0635,2.4840,1.5694,10.1072
Intersection,OT+SH,160013,0,0.2533,18.0588,2.8640,0.9666,3.1851
Intersection,OT+SH,160014,0,0.2133,18.0622,2.6391,1.0738,3.4545
Intersection,OT+SH,160015,0,0.3533,18.0641,2.7347,1.1642,4.1588
Intersection,OT+SH,160016,0,0.2733,18.0641,2.7799,1.1771,2.9153
Intersection,OT+SH,160017,0,0.2667,18.0645,2.5395,1.1552,4.3296
Intersection,OT+SH,160018,0,0.2467,18.0634,2.8055,1.2663,2.9287
Intersection,OT+SH,160019,0,0.2200,18.0584,2.6771,1.1659,3.6073
Intersection,OT+SH,160020,0,0.2267,18.0639,2.7872,1.0390,3.7170
Intersection,OT+SH,160021,0,0.3267,18.0644,2.7803,1.0940,2.8909
Intersection,OT+SH,160022,0,0.2267,18.0641,3.1449,1.1446,3.8735
Intersection,OT+SH,160023,0,0.2267,18.0579,2.1812,1.1115,3.3660
Intersection,OT+SH,160024,0,0.2467,18.0583,2.5304,1.1468,3.4562
Intersection,OT+SH,160025,0,0.1800,18.0586,2.9528,1.2325,4.4607
Intersection,OT+SH,160026,0,0.1933,18.0582,3.0227,1.2743,4.6241
Intersection,OT+SH,160027,0,0.2733,18.0644,2.9796,1.1399,5.0643
Intersection,OT+SH,160028,0,0.2000,18.0624,2.7765,0.8970,3.5764
Intersection,OT+SH,160029,0,0.2133,18.0644,2.7123,1.2250,4.5612
Intersection,OT+SH,160030,0,0.2067,18.0644,3.0279,1.0720,4.7506
Intersection,OT+SH,160031,0,0.3067,18.0655,2.9184,1.1018,3.1424
Intersection,OT+SH,160032,0,0.1800,18.0585,2.7679,1.0866,4.9928
Intersection,OT+SH,160033,0,0.1400,18.0586,2.7739,1.0723,5.9666
Intersection,OT+SH,160034,0,0.2400,18.0634,2.6655,1.0851,2.9648
Intersection,OT+SH,160035,0,0.2467,18.0585,2.9181,1.1952,4.4275
Intersection,OT+SH,160036,0,0.2067,18.0641,2.7057,1.1905,4.9930
Intersection,OT+SH,160037,0,0.2067,18.0640,2.7371,1.1577,3.6498
Intersection,OT+SH,160038,0,0.1800,18.0646,2.6574,1.2288,3.3845
Intersection,OT+SH,160039,0,0.2267,18.0634,2.9582,1.5243,6.4001
Intersection,OT+SH,160040,0,0.2133,18.0586,2.5908,1.2273,4.8353
Intersection,OT+SH,160041,0,0.2400,18.0640,2.8354,1.1214,4.0840
Intersection,OT+SH,160042,0,0.1733,18.0640,2.6963,1.0311,4.0308
Intersection,OT+SH,160043,0,0.2600,18.0583,2.5114,1.1332,3.4458
Intersection,OT+SH,160044,0,0.2133,18.0641,3.1402,1.1712,3.3736
Intersection,OT+SH,160045,0,0.2067,18.0646,2.7548,1.1219,4.6146
Intersection,OT+SH,160046,0,0.2400,18.0647,2.8850,1.2563,5.2862
Intersection,OT+SH,160047,0,0.1667,18.0640,2.8358,1.0256,3.3010
Intersection,OT+SH,160048,0,0.2067,18.0585,2.6700,0.9747,4.6839
Intersection,OT+SH,160049,0,0.1800,18.0585,3.0141,1.3280,5.2590
Intersection,OT+SH,160050,0,0.2333,18.0645,2.8641,1.2833,4.3419
Intersection,OT+SH,160051,0,0.1733,18.0581,2.1182,1.0086,3.1611
Intersection,OT+SH,160052,0,0.2000,18.0648,2.8425,1.1289,4.4134
Intersection,OT+SH,160053,0,0.2267,18.0585,2.5020,1.1989,3.6488
Intersection,OT+SH,160054,0,0.3467,18.0622,2.7215,1.0316,2.9311
Intersection,OT+SH,160055,0,0.2133,18.0640,3.0890,0.9923,3.7876
Intersection,OT+SH,160056,0,0.3000,18.0630,2.7955,1.0546,3.6843
Intersection,OT+SH,160057,0,0.1867,18.0585,3.0041,1.1834,3.0403
Intersection,OT+SH,160058,0,0.1933,18.0640,2.5479,1.1796,4.0833
Intersection,OT+SH,160059,0,0.2000,18.0641,3.1509,1.3014,3.5396
Intersection,OT+SH,160060,0,0.2267,18.0588,2.6861,1.1605,4.3289
Intersection,OT+SH,160061,0,0.2333,18.0642,2.7977,1.1383,4.6767
Intersection,OT+SH,160062,0,0.2667,18.0641,2.6752,1.1927,3.0269
Intersection,OT+SH,160063,0,0.1933,18.0655,2.8055,1.3161,4.1108
Intersection,OT+SH,160064,0,0.2467,18.0587,2.8840,1.0536,3.2431
Intersection,OT+SH,160065,0,0.1867,18.0647,2.6712,1.1942,4.0607
Intersection,OT+SH,160066,0,0.1200,18.0628,2.9668,1.0042,4.9561
Intersection,OT+SH,160067,0,0.2667,18.0648,2.7565,1.0385,3.2575
Intersection,OT+SH,160068,0,0.1867,18.0641,3.0744,1.1039,3.0389
Intersection,OT+SH,160069,0,0.2533,18.0640,2.9251,0.9822,2.5696
Intersection,OT+SH,160070,0,0.2600,18.0583,2.8875,1.0897,3.4608
Intersection,OT+SH,160071,0,0.2333,18.0622,2.6051,1.2423,3.7667
Intersection,OT+SH,160072,0,0.1400,18.0647,2.4830,1.0700,3.5496
Intersection,OT+SH,160073,0,0.3000,18.0635,2.5147,1.1122,3.5335
Intersection,OT+SH,160074,0,0.2200,18.0622,2.7360,1.1863,4.2268
Intersection,OT+SH,160075,0,0.3000,18.0639,2.8471,1.1091,4.9384
Intersection,OT+SH,160076,0,0.2400,18.0648,2.8549,1.1981,5.3042
Intersection,OT+SH,160077,0,0.2133,18.0583,2.8251,1.0242,3.1763
Intersection,OT+SH,160078,0,0.2800,18.0585,2.9268,1.1764,4.9688
Intersection,OT+SH,160079,0,0.2667,18.0583,2.6669,1.2347,5.9921
Intersection,OT+SH,160080,0,0.2000,18.0643,2.8550,1.1009,3.1957
Intersection,OT+SH,160081,0,0.1467,18.0584,2.5052,1.1723,4.2195
Intersection,OT+SH,160082,0,0.2733,18.0584,3.0190,1.1460,3.4389
Intersection,OT+SH,160083,0,0.1667,18.0641,2.9356,1.4175,8.3066
Intersection,OT+SH,160084,0,0.1867,18.0639,2.9278,1.6048,6.3789
Intersection,OT+SH,160085,0,0.3200,18.0641,2.8482,1.0811,4.3443
Intersection,OT+SH,160086,0,0.1333,18.0635,2.2745,1.0081,2.7178
Intersection,OT+SH,160087,0,0.1267,18.0578,2.6722,0.9796,3.6867
Intersection,OT+SH,160088,0,0.2067,18.0588,2.7482,1.1601,4.0655
Intersection,OT+SH,160089,0,0.2667,18.0580,2.7555,1.0822,3.3108
Intersection,OT+SH,160090,0,0.2067,18.0580,2.8339,1.0638,3.0364
Intersection,OT+SH,160091,0,0.2000,18.0644,2.7358,1.2558,5.9260
Intersection,OT+SH,160092,0,0.2200,18.0597,2.6259,1.0813,2.5076
Intersection,OT+SH,160093,0,0.1867,18.0579,2.6171,1.1581,3.0527
Intersection,OT+SH,160094,0,0.1733,18.0637,2.6944,1.0953,3.9335
Intersection,OT+SH,160095,0,0.2533,18.0641,2.7236,1.0783,3.9836
Intersection,OT+SH,160096,0,0.2533,18.0641,2.6010,1.2842,6.3919
Intersection,OT+SH,160097,0,0.1733,18.0622,2.7819,1.1289,5.0730
Intersection,OT+SH,160098,0,0.1933,18.0580,2.7768,1.2053,4.0586
Intersection,OT+SH,160099,0,0.3067,18.0584,2.7041,1.1430,5.9370
Oncoming,Base,160000,0,0.2800,20.0598,1.3388,1.5334,6.9116
Oncoming,Base,160001,1,0.2400,20.0248,0.5937,1.6298,6.9406
Oncoming,Base,160002,0,0.4400,20.0683,1.1198,1.5932,7.7999
Oncoming,Base,160003,0,0.3533,20.0715,1.1792,1.4637,5.0325
Oncoming,Base,160004,0,0.2067,20.0711,1.0627,1.5190,5.8440
Oncoming,Base,160005,0,0.2667,20.0524,1.1359,1.4129,6.6387
Oncoming,Base,160006,1,0.2200,20.0377,0.7295,1.7816,8.1915
Oncoming,Base,160007,0,0.2400,20.0708,1.0844,1.3188,5.4970
Oncoming,Base,160008,0,0.2467,20.0678,1.0772,1.8784,9.6017
Oncoming,Base,160009,0,0.3133,20.0667,1.0412,1.9569,8.8541
Oncoming,Base,160010,0,0.4133,20.0661,1.0725,1.7447,7.7381
Oncoming,Base,160011,0,0.1733,20.0666,1.0474,2.0445,18.1339
Oncoming,Base,160012,0,0.3000,20.0689,1.1476,1.4196,6.6087
Oncoming,Base,160013,0,0.3467,20.0693,1.1294,1.3735,4.0178
Oncoming,Base,160014,0,0.2800,20.0708,1.0099,1.4594,6.1005
Oncoming,Base,160015,0,0.3267,20.0698,1.0411,1.6525,7.9364
Oncoming,Base,160016,0,0.3200,20.0326,1.3895,1.4747,9.0362
Oncoming,Base,160017,0,0.2333,20.0711,1.0427,1.5219,6.3394
Oncoming,Base,160018,0,0.2733,20.0677,1.0121,1.5345,7.2476
Oncoming,Base,160019,0,0.2133,20.0719,1.1176,1.7621,9.9799
Oncoming,Base,160020,0,0.2467,20.0673,1.0507,1.6426,9.9823
Oncoming,Base,160021,0,0.3333,20.0700,0.9818,1.6462,10.9780
Oncoming,Base,160022,0,0.2667,20.0717,1.1008,1.7002,7.6650
Oncoming,Base,160023,0,0.2800,20.0716,1.0959,1.5336,5.8952
Oncoming,Base,160024,0,0.3333,20.0719,1.1456,1.4610,5.4043
Oncoming,Base,160025,0,0.3200,20.0673,1.0483,1.5839,5.2581
Oncoming,Base,160026,0,0.2800,20.0584,1.1609,1.4129,5.1042
Oncoming,Base,160027,0,0.2867,20.0691,1.0008,1.4639,6.2374
Oncoming,Base,160028,0,0.3133,20.0610,1.1116,1.5583,6.5728
Oncoming,Base,160029,1,0.2600,20.0627,0.6499,1.7248,9.1650
Oncoming,Base,160030,0,0.2533,20.0701,1.0718,1.5142,7.2239
Oncoming,Base,160031,0,0.3200,20.0694,1.2954,1.4940,6.2637
Oncoming,Base,160032,0,0.1467,20.0696,1.0642,1.6293,6.1121
Oncoming,Base,160033,0,0.2467,20.0646,0.9700,1.6236,7.0099
Oncoming,Base,160034,0,0.2933,20.0712,1.0233,1.2948,5.3192
Oncoming,Base,160035,0,0.2467,20.0522,0.8638,2.1206,15.6059
Oncoming,Base,160036,0,0.3000,20.0715,1.0883,1.3810,6.6789
Oncoming,Base,160037,0,0.1867,20.0681,1.0891,1.5904,6.0972
Oncoming,Base,160038,0,0.3200,20.0661,1.1337,2.3081,8.6315
Oncoming,Base,160039,0,0.3533,20.0702,1.0682,1.5723,7.8002
Oncoming,Base,160040,0,0.2933,20.0705,1.1727,1.5918,6.0192
Oncoming,Base,160041,0,0.2533,20.0563,1.2938,1.5823,8.5077
Oncoming,Base,160042,0,0.2733,20.0706,1.0713,1.5810,4.9916
Oncoming,Base,160043,0,0.2933,20.0700,1.0917,1.2980,6.2991
Oncoming,Base,160044,0,0.2867,20.0680,1.1047,1.5361,6.9653
Oncoming,Base,160045,0,0.3267,20.0717,1.1039,1.7066,11.8582
Oncoming,Base,160046,0,0.2533,20.0646,0.9996,1.7063,9.8971
Oncoming,Base,160047,0,0.3400,20.0687,0.9940,1.6304,8.5313
Oncoming,Base,160048,1,0.2267,19.9881,0.7222,2.0788,8.1920
Oncoming,Base,160049,0,0.3067,20.0719,1.1714,1.4871,6.1258
Oncoming,Base,160050,0,0.2133,20.0669,1.1742,1.6359,6.6016
Oncoming,Base,160051,0,0.2867,20.0719,1.1703,1.6297,8.4311
Oncoming,Base,160052,1,0.3933,19.9950,0.5190,1.9004,9.5467
Oncoming,Base,160053,0,0.1800,19.9937,1.4463,1.8465,8.9043
Oncoming,Base,160054,0,0.3867,20.0707,1.1812,1.4063,6.0812
Oncoming,Base,160055,0,0.2800,19.9690,2.2017,1.7287,9.0123
Oncoming,Base,160056,1,0.3267,19.9310,0.3768,2.2345,9.6196
Oncoming,Base,160057,0,0.2667,20.0616,1.0536,1.6409,6.5442
Oncoming,Base,160058,0,0.2200,20.0718,1.0966,1.6099,8.0568
Oncoming,Base,160059,0,0.3000,20.0550,1.0997,1.8040,8.8849
Oncoming,Base,160060,0,0.2667,20.0654,1.2958,1.7923,14.4765
Oncoming,Base,160061,0,0.2933,20.0519,1.2209,1.3968,5.2615
Oncoming,Base,160062,0,0.2067,20.0703,1.0975,1.6885,8.8334
Oncoming,Base,160063,0,0.2267,20.0719,1.0713,1.3373,5.5276
Oncoming,Base,160064,0,0.4133,20.0709,1.1215,1.8034,9.1040
Oncoming,Base,160065,1,0.2400,20.0288,0.6044,2.2463,9.3688
Oncoming,Base,160066,0,0.2400,20.0620,1.1269,1.5597,5.6055
Oncoming,Base,160067,0,0.2067,20.0607,1.3095,1.4649,6.3922
Oncoming,Base,160068,0,0.2400,20.0715,1.0887,1.6059,6.1042
Oncoming,Base,160069,0,0.3067,20.0620,1.1068,1.4496,6.1102
Oncoming,Base,160070,0,0.2867,20.0710,1.1120,1.6514,5.7799
Oncoming,Base,160071,0,0.2067,20.0549,0.9991,1.4332,5.7354
Oncoming,Base,160072,0,0.2667,20.0672,1.1376,1.4928,5.4140
Oncoming,Base,160073,0,0.3200,20.0716,1.0687,1.3254,5.9566
Oncoming,Base,160074,0,0.3267,20.0713,0.9598,1.5707,6.9583
Oncoming,Base,160075,0,0.2133,20.0714,1.1537,1.3567,6.5018
Oncoming,Base,160076,0,0.2333,20.0645,1.0453,1.5979,6.8018
Oncoming,Base,160077,1,0.3333,20.0572,0.6106,1.7123,6.1639
Oncoming,Base,160078,0,0.3067,20.0708,1.1553,1.2401,4.9843
Oncoming,Base,160079,0,0.2667,20.0699,1.2343,1.4009,5.9354
Oncoming,Base,160080,0,0.3333,20.0694,0.9842,1.8104,8.1130
Oncoming,Base,160081,0,0.2133,20.0719,1.0779,1.6220,5.8711
Oncoming,Base,160082,1,0.3400,20.0477,0.8352,1.4963,6.3101
Oncoming,Base,160083,0,0.3067,20.0690,1.1831,1.5653,8.0598
Oncoming,Base,160084,0,0.3067,20.0622,0.9183,1.5185,5.7374
Oncoming,Base,160085,0,0.2400,20.0719,1.1387,1.4599,6.3854
Oncoming,Base,160086,0,0.2067,20.0703,1.1271,1.5280,6.3135
Oncoming,Base,160087,0,0.2667,20.0719,1.1116,1.5225,5.3092
Oncoming,Base,160088,0,0.4267,20.0673,1.1674,1.3401,5.2510
Oncoming,Base,160089,0,0.2000,20.0612,1.1989,1.4952,5.4148
Oncoming,Base,160090,0,0.3400,20.0589,1.3157,1.6624,8.4019
Oncoming,Base,160091,0,0.3467,20.0719,1.1198,1.4330,5.4960
Oncoming,Base,160092,0,0.2400,20.0562,1.0680,1.4457,5.5981
Oncoming,Base,160093,0,0.1600,20.0650,1.0449,1.4723,5.8112
Oncoming,Base,160094,0,0.3200,20.0710,1.0799,1.6779,7.6436
Oncoming,Base,160095,0,0.2800,20.0718,1.0799,1.4296,6.2058
Oncoming,Base,160096,0,0.2200,20.0685,1.1198,1.5589,7.2344
Oncoming,Base,160097,0,0.3733,20.0709,1.0614,1.5440,6.8482
Oncoming,Base,160098,0,0.2933,20.0635,1.0117,1.5649,6.2549
Oncoming,Base,160099,0,0.2800,20.0719,1.0886,1.3289,4.1950
Oncoming,OT,160000,0,0.1667,20.0710,1.0528,1.2759,4.6246
Oncoming,OT,160001,1,0.1800,20.0219,0.5633,1.7450,7.5520
Oncoming,OT,160002,0,0.1733,20.0701,1.0017,1.7588,9.4369
Oncoming,OT,160003,0,0.2333,20.0719,1.0626,1.6469,6.4150
Oncoming,OT,160004,0,0.1600,20.0712,1.1508,1.5043,5.7540
Oncoming,OT,160005,0,0.1867,20.0713,1.0776,1.5974,7.3743
Oncoming,OT,160006,1,0.2200,20.0377,0.6224,1.5586,5.7052
Oncoming,OT,160007,0,0.1200,20.0416,1.0841,1.5350,6.6402
Oncoming,OT,160008,0,0.2000,20.0711,1.2223,1.5991,7.4865
Oncoming,OT,160009,0,0.2267,20.0691,1.0778,1.4545,6.0488
Oncoming,OT,160010,0,0.2267,20.0593,1.1989,1.6089,7.2148
Oncoming,OT,160011,0,0.1867,20.0716,1.1077,1.3268,5.6749
Oncoming,OT,160012,0,0.1267,20.0720,1.1070,1.7433,7.5586
Oncoming,OT,160013,0,0.2400,20.0699,1.0908,1.6740,6.3617
Oncoming,OT,160014,0,0.0800,20.0710,1.0649,1.4791,7.0188
Oncoming,OT,160015,0,0.2933,20.0699,1.1880,1.4800,6.7880
Oncoming,OT,160016,0,0.1667,20.0714,1.0327,1.3278,6.5239
Oncoming,OT,160017,0,0.1533,20.0709,1.0713,1.5803,7.4475
Oncoming,OT,160018,0,0.1400,20.0707,1.1346,1.3972,7.0777
Oncoming,OT,160019,0,0.1533,20.0706,1.0595,1.6137,7.7168
Oncoming,OT,160020,0,0.1400,20.0716,1.0883,1.3434,7.4324
Oncoming,OT,160021,0,0.2000,20.0623,1.0991,1.3712,5.2385
Oncoming,OT,160022,0,0.2267,20.0679,1.1334,1.4819,6.6707
Oncoming,OT,160023,0,0.2267,20.0719,1.1524,1.4490,6.7537
Oncoming,OT,160024,0,0.2200,20.0574,1.1009,1.3019,6.2141
Oncoming,OT,160025,0,0.2667,20.0684,1.1556,1.5568,7.0066
Oncoming,OT,160026,0,0.2400,20.0702,1.1310,1.6892,15.8156
Oncoming,OT,160027,0,0.2000,20.0633,0.9652,2.2440,12.0279
Oncoming,OT,160028,0,0.3000,20.0645,1.0534,1.5611,8.0905
Oncoming,OT,160029,0,0.1400,20.0651,1.3534,1.4836,6.0139
Oncoming,OT,160030,0,0.2133,20.0652,1.0337,1.7528,8.3491
Oncoming,OT,160031,0,0.2667,20.0715,1.1934,1.3092,5.8875
Oncoming,OT,160032,0,0.0933,20.0718,1.0497,1.4384,5.5903
Oncoming,OT,160033,0,0.1800,20.0709,0.9969,1.4892,6.3520
Oncoming,OT,160034,0,0.2133,20.0566,1.0999,1.2707,6.6853
Oncoming,OT,160035,0,0.1467,20.0719,1.0146,1.5641,5.4544
Oncoming,OT,160036,0,0.2333,20.0718,1.0954,1.3577,4.8328
Oncoming,OT,160037,0,0.1600,20.0651,1.0286,1.5318,7.7866
Oncoming,OT,160038,0,0.2267,20.0719,1.0836,1.3632,5.8759
Oncoming,OT,160039,0,0.2533,20.0688,1.0680,1.1966,5.5315
Oncoming,OT,160040,1,0.1933,20.0471,0.6911,1.7135,6.4759
Oncoming,OT,160041,0,0.2000,20.0491,1.3536,1.5940,7.9510
Oncoming,OT,160042,0,0.1867,20.0719,0.9799,1.5499,5.2941
Oncoming,OT,160043,0,0.1467,20.0620,1.2545,1.5316,6.5909
Oncoming,OT,160044,0,0.1733,20.0692,1.0892,1.4952,5.1185
Oncoming,OT,160045,0,0.2267,20.0716,1.0840,1.4689,5.8809
Oncoming,OT,160046,0,0.1667,20.0632,1.1418,1.4959,6.7379
Oncoming,OT,160047,0,0.2267,20.0668,1.0411,1.3767,5.0781
Oncoming,OT,160048,0,0.2200,20.0656,1.1881,1.5153,5.6713
Oncoming,OT,160049,0,0.2200,20.0646,1.1019,1.6427,7.8412
Oncoming,OT,160050,0,0.1000,20.0713,1.1513,1.4635,6.1241
Oncoming,OT,160051,0,0.1733,20.0719,1.1927,1.4508,5.7604
Oncoming,OT,160052,1,0.2600,20.0120,0.6126,1.9210,9.2073
Oncoming,OT,160053,0,0.2067,20.0719,1.1395,1.4443,5.6524
Oncoming,OT,160054,0,0.1000,20.0658,1.1458,1.8902,10.6103
Oncoming,OT,160055,0,0.1933,20.0591,1.1526,1.6058,5.7054
Oncoming,OT,160056,0,0.2333,20.0709,1.1542,1.3941,5.7456
Oncoming,OT,160057,1,0.2400,20.0239,0.6950,1.7408,8.2266
Oncoming,OT,160058,0,0.0933,20.0716,1.0521,1.5550,6.0898
Oncoming,OT,160059,1,0.2333,20.0350,0.7541,1.7441,5.9009
Oncoming,OT,160060,0,0.1800,20.0643,1.3300,1.3918,5.0375
Oncoming,OT,160061,0,0.1933,20.0644,0.9930,1.4462,5.9822
Oncoming,OT,160062,1,0.1933,20.0337,0.8166,1.6827,8.0637
Oncoming,OT,160063,0,0.1000,20.0580,0.9846,1.6433,10.5614
Oncoming,OT,160064,0,0.2133,20.0691,1.0633,1.6609,7.3808
Oncoming,OT,160065,0,0.1800,20.0709,1.0268,1.7001,9.6284
Oncoming,OT,160066,0,0.1533,20.0660,1.0427,1.7243,6.5053
Oncoming,OT,160067,0,0.1867,20.0685,1.0795,1.6168,7.3186
Oncoming,OT,160068,0,0.2067,20.0715,1.1139,1.4730,5.6678
Oncoming,OT,160069,0,0.1800,20.0715,0.9831,1.6490,6.3895
Oncoming,OT,160070,0,0.1867,20.0718,1.2073,1.3696,5.8940
Oncoming,OT,160071,0,0.1467,20.0719,1.0068,1.4151,4.9561
Oncoming,OT,160072,0,0.2800,20.0639,1.0761,1.5732,8.6191
Oncoming,OT,160073,0,0.1667,20.0711,1.3388,1.6656,8.6882
Oncoming,OT,160074,1,0.1467,20.0468,0.8343,2.0597,9.1462
Oncoming,OT,160075,0,0.1400,20.0607,1.0746,1.8058,9.3112
Oncoming,OT,160076,0,0.1600,20.0606,1.0476,1.4138,5.9958
Oncoming,OT,160077,0,0.2667,20.0719,1.1123,1.9026,9.4978
Oncoming,OT,160078,0,0.2200,20.0659,1.1938,1.4254,5.3982
Oncoming,OT,160079,0,0.1667,20.0693,1.1771,1.4788,6.0826
Oncoming,OT,160080,1,0.2133,20.0220,0.7536,1.8034,10.4295
Oncoming,OT,160081,0,0.1867,20.0706,1.1401,1.9816,9.9946
Oncoming,OT,160082,1,0.2067,19.9704,0.4961,1.7405,6.3611
Oncoming,OT,160083,0,0.2000,20.0642,1.1680,1.4708,6.0824
Oncoming,OT,160084,0,0.2467,20.0670,1.1393,1.3848,5.5649
Oncoming,OT,160085,0,0.1400,20.0634,1.0403,1.8180,13.3621
Oncoming,OT,160086,0,0.1400,20.0531,1.0384,1.6292,8.2781
Oncoming,OT,160087,0,0.2933,20.0509,0.9746,1.5761,6.4222
Oncoming,OT,160088,0,0.2667,20.0719,1.1105,1.4589,5.1796
Oncoming,OT,160089,0,0.2000,20.0651,1.0798,1.4328,6.4462
Oncoming,OT,160090,0,0.2400,20.0679,1.1346,1.4999,4.8164
Oncoming,OT,160091,0,0.2200,20.0671,1.1848,1.5966,7.0991
Oncoming,OT,160092,0,0.2000,20.0673,1.1735,1.6133,8.3277
Oncoming,OT,160093,0,0.0933,19.9327,0.9744,2.1312,9.2719
Oncoming,OT,160094,1,0.1933,19.9935,0.3093,1.9324,8.5177
Oncoming,OT,160095,0,0.2200,20.0632,1.2758,1.4832,4.8569
Oncoming,OT,160096,0,0.1733,20.0571,1.0514,1.7097,7.9205
Oncoming,OT,160097,0,0.2333,20.0645,1.1214,1.5850,6.3899
Oncoming,OT,160098,0,0.2133,20.0689,1.1837,1.4871,6.2187
Oncoming,OT,160099,0,0.1667,20.0719,1.1093,1.7923,9.6461
Oncoming,OT+SH,160000,0,0.2000,20.0709,1.2386,0.9840,3.8290
Oncoming,OT+SH,160001,1,0.1800,20.0470,0.5788,1.2887,5.1881
Oncoming,OT+SH,160002,1,0.2467,20.0622,0.8190,1.3237,5.6305
Oncoming,OT+SH,160003,0,0.1933,20.0525,1.0119,1.2242,4.1400
Oncoming,OT+SH,160004,0,0.1467,20.0670,0.9830,1.3113,5.5066
Oncoming,OT+SH,160005,0,0.1800,20.0719,1.1746,1.1087,5.3726
Oncoming,OT+SH,160006,0,0.1867,20.0579,1.0711,1.1101,4.2083
Oncoming,OT+SH,160007,1,0.1667,20.0521,0.7745,1.0393,5.0379
Oncoming,OT+SH,160008,0,0.1200,20.0649,1.1017,1.2111,4.7387
Oncoming,OT+SH,160009,0,0.2267,20.0720,1.1382,1.1940,5.9341
Oncoming,OT+SH,160010,0,0.2533,20.0680,0.8619,1.3148,6.1116
Oncoming,OT+SH,160011,0,0.1800,20.0709,1.0611,1.0107,4.1492
Oncoming,OT+SH,160012,0,0.1467,20.0642,1.0500,1.3176,6.6356
Oncoming,OT+SH,160013,0,0.2133,20.0710,1.0764,1.1193,3.3129
Oncoming,OT+SH,160014,0,0.1733,20.0621,1.0991,1.0030,4.0433
Oncoming,OT+SH,160015,0,0.2867,20.0442,0.8681,1.2859,6.2237
Oncoming,OT+SH,160016,1,0.1667,20.0104,0.7972,1.2642,5.3487
Oncoming,OT+SH,160017,0,0.2000,20.0716,1.0826,1.2425,5.1608
Oncoming,OT+SH,160018,1,0.1667,20.0490,0.4573,1.2669,6.7118
Oncoming,OT+SH,160019,0,0.1533,20.0684,1.2034,1.0790,5.2598
Oncoming,OT+SH,160020,0,0.1333,20.0716,1.0091,1.2713,8.4514
Oncoming,OT+SH,160021,0,0.2333,20.0706,1.0240,1.2789,6.5830
Oncoming,OT+SH,160022,0,0.1933,20.0670,0.9669,1.3828,5.8429
Oncoming,OT+SH,160023,1,0.2467,20.0639,0.7928,1.4048,5.3788
Oncoming,OT+SH,160024,0,0.2333,20.0608,0.8973,1.0951,4.1372
Oncoming,OT+SH,160025,0,0.2800,20.0699,1.0342,1.1606,4.0002
Oncoming,OT+SH,160026,0,0.1733,20.0718,1.0661,1.1687,4.4293
Oncoming,OT+SH,160027,1,0.2067,20.0089,0.7143,1.3098,4.7561
Oncoming,OT+SH,160028,0,0.3533,20.0543,1.0324,1.1250,4.8694
Oncoming,OT+SH,160029,0,0.1333,20.0696,1.0066,1.1404,5.7236
Oncoming,OT+SH,160030,0,0.2000,20.0685,1.0393,1.1315,3.2538
Oncoming,OT+SH,160031,0,0.1733,20.0485,1.2594,1.0659,3.7094
Oncoming,OT+SH,160032,0,0.1200,20.0676,1.1759,1.3413,6.1501
Oncoming,OT+SH,160033,0,0.1600,20.0693,0.9725,1.2527,5.1192
Oncoming,OT+SH,160034,0,0.1667,20.0674,1.0715,1.2344,6.5810
Oncoming,OT+SH,160035,0,0.1667,20.0675,1.0650,1.3542,8.8923
Oncoming,OT+SH,160036,0,0.1933,20.0685,1.1266,0.9948,3.6219
Oncoming,OT+SH,160037,0,0.1267,20.0467,1.0732,1.5770,6.3100
Oncoming,OT+SH,160038,0,0.1933,20.0717,1.0665,1.1697,5.0706
Oncoming,OT+SH,160039,0,0.2467,20.0644,1.0331,1.2668,4.8847
Oncoming,OT+SH,160040,1,0.2333,20.0479,0.5602,1.4014,5.5853
Oncoming,OT+SH,160041,1,0.2533,20.0422,0.7561,1.1971,5.1250
Oncoming,OT+SH,160042,0,0.1200,20.0710,1.0668,1.1755,5.1577
Oncoming,OT+SH,160043,0,0.2133,20.0720,1.0661,0.9640,3.4511
Oncoming,OT+SH,160044,0,0.1533,20.0695,1.0559,1.1906,5.1046
Oncoming,OT+SH,160045,0,0.2533,20.0620,1.0218,1.1058,4.0934
Oncoming,OT+SH,160046,0,0.1533,20.0657,1.0766,1.2125,5.1801
Oncoming,OT+SH,160047,0,0.2267,20.0675,0.9540,1.3705,6.3817
Oncoming,OT+SH,160048,0,0.1933,20.0646,1.0594,1.4072,8.2724
Oncoming,OT+SH,160049,0,0.2133,20.0523,1.0052,1.4670,7.1752
Oncoming,OT+SH,160050,0,0.0867,20.0715,1.0446,1.1276,5.9408
Oncoming,OT+SH,160051,0,0.1800,20.0712,0.9812,1.2706,4.7961
Oncoming,OT+SH,160052,0,0.2933,20.0697,1.0797,2.2291,7.9912
Oncoming,OT+SH,160053,0,0.1867,20.0623,1.0553,1.2703,5.8999
Oncoming,OT+SH,160054,0,0.1867,20.0719,1.1264,1.1099,4.2283
Oncoming,OT+SH,160055,0,0.2067,20.0717,1.1765,1.1324,4.1615
Oncoming,OT+SH,160056,1,0.2533,20.0108,0.5675,1.3174,5.4571
Oncoming,OT+SH,160057,0,0.1267,20.0700,1.1565,1.5152,7.2851
Oncoming,OT+SH,160058,0,0.1533,20.0712,1.1205,1.0673,4.5373
Oncoming,OT+SH,160059,0,0.2200,20.0646,1.2085,1.1906,4.8392
Oncoming,OT+SH,160060,0,0.1400,20.0669,1.1175,1.1821,5.3946
Oncoming,OT+SH,160061,0,0.1533,20.0636,1.0055,1.2212,6.1562
Oncoming,OT+SH,160062,0,0.1333,20.0716,1.0390,1.1748,4.3895
Oncoming,OT+SH,160063,0,0.1267,20.0719,1.0396,1.1468,5.0656
Oncoming,OT+SH,160064,0,0.2867,20.0647,1.0728,1.4487,9.0366
Oncoming,OT+SH,160065,0,0.2133,20.0198,1.4419,1.3767,6.5246
Oncoming,OT+SH,160066,0,0.2133,20.0711,0.9873,1.3640,6.4153
Oncoming,OT+SH,160067,0,0.2133,20.0716,1.1522,1.1704,5.0524
Oncoming,OT+SH,160068,0,0.2133,20.0689,1.1435,1.3932,6.8969
Oncoming,OT+SH,160069,0,0.2000,20.0714,1.0538,1.2864,6.2259
Oncoming,OT+SH,160070,1,0.2800,19.9287,0.6249,2.0082,12.5070
Oncoming,OT+SH,160071,0,0.1667,20.0718,1.0174,1.0887,4.6114
Oncoming,OT+SH,160072,1,0.2600,20.0425,0.7186,1.2572,5.0025
Oncoming,OT+SH,160073,0,0.2267,20.0710,1.2659,1.1847,4.4804
Oncoming,OT+SH,160074,0,0.1800,20.0709,1.0168,1.3908,5.8025
Oncoming,OT+SH,160075,0,0.2533,20.0715,1.1389,0.9887,4.5190
Oncoming,OT+SH,160076,0,0.2067,20.0689,1.0785,1.1993,5.0441
Oncoming,OT+SH,160077,0,0.2267,20.0653,1.2287,1.3946,6.3136
Oncoming,OT+SH,160078,0,0.1400,20.0688,1.1192,1.0997,4.5911
Oncoming,OT+SH,160079,0,0.1267,20.0718,1.3479,1.0616,3.6821
Oncoming,OT+SH,160080,0,0.2067,20.0675,1.0434,1.5533,9.8557
Oncoming,OT+SH,160081,0,0.2133,20.0643,1.1324,1.1263,4.5950
Oncoming,OT+SH,160082,0,0.1400,20.0349,1.0539,1.0748,4.5249
Oncoming,OT+SH,160083,0,0.2400,20.0596,1.0478,1.1632,5.2605
Oncoming,OT+SH,160084,0,0.1800,20.0599,1.1639,1.1468,4.5445
Oncoming,OT+SH,160085,0,0.1467,20.0642,1.1158,1.2196,4.3229
Oncoming,OT+SH,160086,0,0.1400,20.0697,1.0416,1.1384,4.9147
Oncoming,OT+SH,160087,0,0.2067,20.0715,1.0824,1.1409,3.9089
Oncoming,OT+SH,160088,0,0.2800,20.0640,1.1418,1.0693,3.8879
Oncoming,OT+SH,160089,0,0.1467,20.0672,1.1700,1.0334,3.7689
Oncoming,OT+SH,160090,0,0.2133,20.0706,1.0911,1.4908,6.5022
Oncoming,OT+SH,160091,0,0.1400,20.0718,1.0450,1.1094,3.7615
Oncoming,OT+SH,160092,0,0.1667,20.0702,1.0331,1.1716,4.5585
Oncoming,OT+SH,160093,0,0.0867,20.0694,1.0508,1.0942,3.9259
Oncoming,OT+SH,160094,0,0.2933,20.0525,1.1468,1.0913,3.4175
Oncoming,OT+SH,160095,0,0.2000,20.0587,1.1414,1.1520,4.0648
Oncoming,OT+SH,160096,0,0.1533,20.0650,1.0213,1.1310,5.8685
Oncoming,OT+SH,160097,0,0.2467,20.0668,1.0859,1.2669,5.9891
Oncoming,OT+SH,160098,0,0.1733,20.0696,1.0639,1.1476,4.9515
Oncoming,OT+SH,160099,0,0.1933,20.0630,1.0152,1.1060,5.2387
