seed,method,scenario,S,eps_wass,sigma,shift_rho,shift_boost,ground_cost,collision,collision_step,min_clearance,min_clearance_step,total_progress,control_effort,constraint_active_count,missed_mode_steps,total_steps,avg_solve_ms,p50_solve_ms,p95_solve_ms,max_solve_ms,total_dro_injected,avg_safe_horizon,clearance_5pct
1687475184,SHMPC,baseline,30,0.1000,1.0000,0.0000,0.0000,w2_bures,0,-1,1.0308,22,17.1084,416.5493,407,13,80,5.3681,3.2723,12.1990,14.9926,0,7.0000,1.0517
1687476184,SHMPC,baseline,30,0.1000,1.0000,0.0000,0.0000,w2_bures,0,-1,0.9195,25,17.3287,383.3315,343,10,80,5.0035,3.2050,14.0524,16.9008,0,7.0000,0.9262
3157379664,SHMPC_DRO,baseline,30,0.1000,1.0000,0.0000,0.0000,w2_bures,1,17,0.1040,26,20.2832,649.8240,508,17,80,5.0508,3.6529,13.0067,14.8406,12,7.0000,0.1878
3157380664,SHMPC_DRO,baseline,30,0.1000,1.0000,0.0000,0.0000,w2_bures,0,-1,1.1854,17,6.7351,195.4140,167,25,80,4.2393,2.8800,10.3153,11.1221,6,7.0000,1.1985
2425270209,SHMPC_AdaptiveDRO,baseline,30,0.1000,1.0000,0.0000,0.0000,w2_bures,0,-1,1.0685,61,3.2864,149.3558,132,15,80,4.1006,2.6449,9.8525,10.1520,10,7.0000,1.0799
2425271209,SHMPC_AdaptiveDRO,baseline,30,0.1000,1.0000,0.0000,0.0000,w2_bures,1,23,0.6525,38,3.7297,149.7079,153,15,80,5.0883,3.4466,11.2958,13.6416,12,7.0000,0.6781
2441103055,SHMPC_RTA,baseline,30,0.1000,1.0000,0.0000,0.0000,w2_bures,0,-1,0.8553,54,2.6760,76.9426,127,21,80,5.1897,3.5737,11.4936,12.8193,0,7.0000,0.8718
2441104055,SHMPC_RTA,baseline,30,0.1000,1.0000,0.0000,0.0000,w2_bures,0,-1,1.2487,18,20.1179,775.0432,673,19,80,3.6441,3.0733,10.6078,11.0719,0,7.0000,1.3056
937961351,SHMPC_Conformal,baseline,30,0.1000,1.0000,0.0000,0.0000,w2_bures,0,-1,1.3177,11,20.1051,773.9583,586,30,80,2.9207,2.3466,8.2752,13.2470,0,7.0000,1.3616
937962351,SHMPC_Conformal,baseline,30,0.1000,1.0000,0.0000,0.0000,w2_bures,0,-1,1.0863,20,8.1740,181.2062,178,26,80,5.4576,3.1963,12.4620,23.0841,0,7.0000,1.0879
462737826,SHMPC_Hazard,baseline,30,0.1000,1.0000,0.0000,0.0000,w2_bures,0,-1,0.8941,30,13.0147,229.9096,198,32,80,5.1633,3.1931,11.2820,11.9882,0,7.0000,0.8998
462738826,SHMPC_Hazard,baseline,30,0.1000,1.0000,0.0000,0.0000,w2_bures,1,16,0.0677,23,20.1081,769.4723,374,19,80,3.5145,2.4315,11.8238,12.2677,0,7.0000,0.2488
755919688,SHMPC_Bandit,baseline,30,0.1000,1.0000,0.0000,0.0000,w2_bures,1,33,0.6966,42,2.8508,94.6072,118,37,80,4.6600,2.9771,11.2961,15.2847,0,7.0000,0.7036
755920688,SHMPC_Bandit,baseline,30,0.1000,1.0000,0.0000,0.0000,w2_bures,0,-1,1.1069,18,3.1975,130.2675,184,25,80,5.6417,3.6327,10.7298,17.4713,0,7.0000,1.1166
2007890247,SHMPC_Certificate,baseline,30,0.1000,1.0000,0.0000,0.0000,w2_bures,1,25,0.8491,25,10.1709,204.9786,268,23,80,4.9054,3.1752,12.2452,16.9092,0,7.0000,0.8550
2007891247,SHMPC_Certificate,baseline,30,0.1000,1.0000,0.0000,0.0000,w2_bures,0,-1,1.2990,16,20.0994,803.3937,720,17,80,2.8254,1.9363,7.1563,17.8696,0,7.0000,1.3714
465419941,SHMPC_Compiler,baseline,30,0.1000,1.0000,0.0000,0.0000,w2_bures,0,-1,0.9897,16,2.8460,96.0361,65,2,80,8.6099,10.9658,13.9683,36.2367,0,7.0000,1.0016
465420941,SHMPC_Compiler,baseline,30,0.1000,1.0000,0.0000,0.0000,w2_bures,0,-1,1.1015,15,5.4870,142.9262,102,12,80,6.4972,4.5518,11.6008,16.7155,0,7.0000,1.1170
2864087459,CertificateFirst,baseline,30,0.1000,1.0000,0.0000,0.0000,w2_bures,1,15,0.3774,32,5.4893,143.6779,130,18,80,4.9467,3.5847,13.4658,14.0414,0,7.0000,0.3863
2864088459,CertificateFirst,baseline,30,0.1000,1.0000,0.0000,0.0000,w2_bures,0,-1,0.9539,18,7.3475,206.9407,204,24,80,3.6886,2.6340,10.2601,13.0277,0,7.0000,1.0338
910066211,ScenarioCompiler,baseline,30,0.1000,1.0000,0.0000,0.0000,w2_bures,0,-1,1.0428,12,12.9692,232.5365,360,2,80,6.3690,3.5714,12.8859,13.8008,0,7.0000,1.0512
910067211,ScenarioCompiler,baseline,30,0.1000,1.0000,0.0000,0.0000,w2_bures,0,-1,1.2722,13,20.4987,715.9082,811,12,80,5.4981,3.3976,12.5552,25.1704,0,7.0000,1.3426
871445019,SHMPC,high_switch,30,0.1000,1.0000,0.0000,0.0000,w2_bures,0,-1,0.9511,23,3.0429,132.0097,157,23,80,5.0124,3.1227,11.6412,14.2944,0,7.0000,0.9743
871446019,SHMPC,high_switch,30,0.1000,1.0000,0.0000,0.0000,w2_bures,1,17,0.3671,26,17.3344,382.3643,426,23,80,5.0237,3.3134,13.4438,17.0200,0,7.0000,0.3749
1250041523,SHMPC_DRO,high_switch,30,0.1000,1.0000,0.0000,0.0000,w2_bures,0,-1,1.3246,31,2.9454,285.8514,255,24,80,4.9537,3.4484,11.1136,12.8731,14,7.0000,1.3641
1250042523,SHMPC_DRO,high_switch,30,0.1000,1.0000,0.0000,0.0000,w2_bures,1,37,0.8388,37,13.8431,256.8124,261,32,80,4.7817,3.2536,12.4760,13.2127,8,7.0000,0.8711
4101642078,SHMPC_AdaptiveDRO,high_switch,30,0.1000,1.0000,0.0000,0.0000,w2_bures,1,21,0.6697,27,15.3561,308.4897,276,23,80,5.3378,3.5647,11.9919,40.4836,9,7.0000,0.7049
4101643078,SHMPC_AdaptiveDRO,high_switch,30,0.1000,1.0000,0.0000,0.0000,w2_bures,1,23,0.8022,26,20.4189,613.5784,458,32,80,4.0858,2.7608,10.9804,13.7534,8,7.0000,0.8198
3362615533,SHMPC_RTA,high_switch,30,0.1000,1.0000,0.0000,0.0000,w2_bures,0,-1,1.0087,35,12.7324,281.7292,285,14,80,4.9583,3.6888,13.3985,14.6187,0,7.0000,1.0158
3362616533,SHMPC_RTA,high_switch,30,0.1000,1.0000,0.0000,0.0000,w2_bures,0,-1,1.1835,17,18.0908,476.7412,424,17,80,3.6388,2.8878,10.2496,15.7364,0,7.0000,1.2412
4024748084,SHMPC_Conformal,high_switch,30,0.1000,1.0000,0.0000,0.0000,w2_bures,1,22,0.5072,30,20.5757,722.5737,406,36,80,4.0427,3.0298,12.8461,17.1388,0,7.0000,0.5356
4024749084,SHMPC_Conformal,high_switch,30,0.1000,1.0000,0.0000,0.0000,w2_bures,0,-1,0.9221,35,20.4441,612.1770,329,27,80,3.5963,2.7786,11.6584,12.2415,0,7.0000,0.9418
1631883966,SHMPC_Hazard,high_switch,30,0.1000,1.0000,0.0000,0.0000,w2_bures,0,-1,1.2003,14,11.9579,263.7417,265,24,80,4.1332,2.6831,9.5506,11.6000,0,7.0000,1.2246
1631884966,SHMPC_Hazard,high_switch,30,0.1000,1.0000,0.0000,0.0000,w2_bures,0,-1,1.1895,15,2.4862,85.4239,98,19,80,5.7292,3.6944,12.2314,22.8163,0,7.0000,1.2149
2815004328,SHMPC_Bandit,high_switch,30,0.1000,1.0000,0.0000,0.0000,w2_bures,1,12,0.5238,20,19.2893,523.8081,336,33,80,5.8624,3.8667,15.9917,25.6072,0,7.0000,0.5293
2815005328,SHMPC_Bandit,high_switch,30,0.1000,1.0000,0.0000,0.0000,w2_bures,0,-1,1.2077,16,20.5318,712.5037,340,40,80,3.1992,2.9035,10.3066,10.9001,0,7.0000,1.2723
2531800908,SHMPC_Certificate,high_switch,30,0.1000,1.0000,0.0000,0.0000,w2_bures,0,-1,0.9497,13,3.8685,114.7598,136,23,80,4.3026,3.1925,11.6476,20.6458,0,7.0000,0.9644
2531801908,SHMPC_Certificate,high_switch,30,0.1000,1.0000,0.0000,0.0000,w2_bures,1,19,0.5431,26,20.2666,586.8290,369,27,80,4.3170,3.3264,12.0154,15.1597,0,7.0000,0.5746
1867542634,SHMPC_Compiler,high_switch,30,0.1000,1.0000,0.0000,0.0000,w2_bures,0,-1,0.9935,40,15.3340,309.3121,323,16,80,5.8126,4.0433,11.1414,13.0993,0,7.0000,1.0020
1867543634,SHMPC_Compiler,high_switch,30,0.1000,1.0000,0.0000,0.0000,w2_bures,0,-1,1.1579,13,20.3135,748.4713,555,13,80,4.5312,2.9305,11.2266,14.8576,0,7.0000,1.1676
2516522784,CertificateFirst,high_switch,30,0.1000,1.0000,0.0000,0.0000,w2_bures,0,-1,0.9012,16,8.7281,187.1945,234,24,80,4.9304,2.9413,11.6402,31.0420,0,7.0000,0.9335
2516523784,CertificateFirst,high_switch,30,0.1000,1.0000,0.0000,0.0000,w2_bures,0,-1,0.9797,11,17.8772,407.8258,302,31,80,4.3777,3.0155,11.2041,13.9842,0,7.0000,0.9865
2123590209,ScenarioCompiler,high_switch,30,0.1000,1.0000,0.0000,0.0000,w2_bures,1,19,0.6617,27,20.6066,692.0374,879,11,80,6.1441,4.2476,13.1920,15.5684,0,7.0000,0.6662
2123591209,ScenarioCompiler,high_switch,30,0.1000,1.0000,0.0000,0.0000,w2_bures,0,-1,1.0274,21,6.0766,153.8607,217,12,80,7.2712,10.2365,12.7028,14.1249,0,7.0000,1.0446
1487968605,SHMPC,rare_heavy,30,0.1000,1.0000,0.0000,0.0000,w2_bures,0,-1,1.0761,13,20.0932,772.2534,584,19,80,3.6145,2.4819,11.4068,12.8733,0,7.0000,1.1582
1487969605,SHMPC,rare_heavy,30,0.1000,1.0000,0.0000,0.0000,w2_bures,0,-1,1.2912,12,20.1035,777.6775,608,14,80,2.7633,1.6953,8.9716,10.6458,0,7.0000,1.3341
3536811447,SHMPC_DRO,rare_heavy,30,0.1000,1.0000,0.0000,0.0000,w2_bures,0,-1,1.3110,16,20.1170,782.9224,553,17,80,3.3284,2.4873,9.6507,11.6104,6,7.0000,1.3606
3536812447,SHMPC_DRO,rare_heavy,30,0.1000,1.0000,0.0000,0.0000,w2_bures,0,-1,1.1950,12,20.1082,771.1810,565,17,80,3.3348,2.3909,10.9359,12.2269,5,7.0000,1.2660
1822447650,SHMPC_AdaptiveDRO,rare_heavy,30,0.1000,1.0000,0.0000,0.0000,w2_bures,0,-1,1.2750,10,18.8166,461.6768,491,22,80,4.2118,2.8753,11.3798,13.8100,5,7.0000,1.2979
1822448650,SHMPC_AdaptiveDRO,rare_heavy,30,0.1000,1.0000,0.0000,0.0000,w2_bures,0,-1,0.9231,43,6.7558,162.6533,177,20,80,5.4733,3.4216,13.8081,20.9790,8,7.0000,0.9282
2673514419,SHMPC_RTA,rare_heavy,30,0.1000,1.0000,0.0000,0.0000,w2_bures,1,20,0.3451,47,2.3425,120.2454,189,11,80,5.6781,4.0802,13.2573,14.7781,0,7.0000,0.3542
2673515419,SHMPC_RTA,rare_heavy,30,0.1000,1.0000,0.0000,0.0000,w2_bures,0,-1,1.2136,12,11.6776,250.2706,247,18,80,4.6398,3.3236,13.9903,26.3426,0,7.0000,1.2261
2925943856,SHMPC_Conformal,rare_heavy,30,0.1000,1.0000,0.0000,0.0000,w2_bures,0,-1,1.1235,19,2.4983,85.1223,74,16,80,5.0771,3.5452,11.4217,13.5978,0,7.0000,1.1463
2925944856,SHMPC_Conformal,rare_heavy,30,0.1000,1.0000,0.0000,0.0000,w2_bures,0,-1,1.4520,16,20.1057,807.2910,766,26,80,3.2310,2.7772,8.3787,11.4406,0,7.0000,1.5178
3738584852,SHMPC_Hazard,rare_heavy,30,0.1000,1.0000,0.0000,0.0000,w2_bures,0,-1,1.1326,22,17.0823,418.0255,433,28,80,4.5391,3.3452,11.1594,13.6288,0,7.0000,1.2496
3738585852,SHMPC_Hazard,rare_heavy,30,0.1000,1.0000,0.0000,0.0000,w2_bures,0,-1,1.2062,18,9.8284,236.4750,233,21,80,4.6615,3.3941,10.6703,14.9359,0,7.0000,1.2230
2544518970,SHMPC_Bandit,rare_heavy,30,0.1000,1.0000,0.0000,0.0000,w2_bures,1,43,0.5725,60,3.0885,140.3072,132,29,80,4.7194,3.2116,12.2621,33.2851,0,7.0000,0.5926
2544519970,SHMPC_Bandit,rare_heavy,30,0.1000,1.0000,0.0000,0.0000,w2_bures,0,-1,1.3299,15,20.1094,792.5527,853,47,80,3.0622,2.8100,8.9032,13.3197,0,7.0000,1.3856
422184454,SHMPC_Certificate,rare_heavy,30,0.1000,1.0000,0.0000,0.0000,w2_bures,1,21,0.4551,42,2.4060,154.0203,168,11,80,5.1239,3.7637,13.2974,15.2602,0,7.0000,0.4570
422185454,SHMPC_Certificate,rare_heavy,30,0.1000,1.0000,0.0000,0.0000,w2_bures,0,-1,1.0040,18,3.4090,139.4066,121,23,80,4.4818,3.1974,10.7991,11.7698,0,7.0000,1.0528
1951757961,SHMPC_Compiler,rare_heavy,30,0.1000,1.0000,0.0000,0.0000,w2_bures,0,-1,1.2826,18,20.1040,794.2629,994,8,80,4.4916,3.8141,11.9345,15.8266,0,7.0000,1.3487
1951758961,SHMPC_Compiler,rare_heavy,30,0.1000,1.0000,0.0000,0.0000,w2_bures,1,22,0.8270,25,20.0772,560.4926,607,15,80,5.3915,3.4183,12.0609,13.8513,0,7.0000,0.8342
3123062556,CertificateFirst,rare_heavy,30,0.1000,1.0000,0.0000,0.0000,w2_bures,0,-1,0.9325,15,2.9170,95.3470,117,19,80,4.8992,3.4370,12.3534,14.3019,0,7.0000,0.9596
3123063556,CertificateFirst,rare_heavy,30,0.1000,1.0000,0.0000,0.0000,w2_bures,0,-1,1.1825,13,20.1136,773.7950,704,23,80,4.0543,2.7559,11.4531,22.2017,0,7.0000,1.2038
2601445608,ScenarioCompiler,rare_heavy,30,0.1000,1.0000,0.0000,0.0000,w2_bures,0,-1,1.1949,11,20.1138,776.3081,882,4,80,4.1180,3.1538,11.4965,16.1145,0,7.0000,1.2345
2601446608,ScenarioCompiler,rare_heavy,30,0.1000,1.0000,0.0000,0.0000,w2_bures,0,-1,1.2187,15,9.6566,201.9315,275,9,80,6.4872,6.4019,11.2735,13.9121,0,7.0000,1.2197
2342251516,SHMPC,low_S,12,0.1000,1.0000,0.0000,0.0000,w2_bures,0,-1,1.1208,41,10.7398,290.4081,169,13,80,2.4277,2.2193,4.3644,5.2491,0,3.0000,1.1275
2342252516,SHMPC,low_S,12,0.1000,1.0000,0.0000,0.0000,w2_bures,1,45,0.4254,57,1.8425,565.3258,232,11,80,3.0622,3.0300,4.6524,5.1557,0,3.0000,0.4275
656837407,SHMPC_DRO,low_S,12,0.1000,1.0000,0.0000,0.0000,w2_bures,0,-1,0.9199,25,2.5966,235.5087,142,20,80,2.7185,2.5880,4.5440,6.2837,19,3.0000,0.9410
656838407,SHMPC_DRO,low_S,12,0.1000,1.0000,0.0000,0.0000,w2_bures,0,-1,1.0595,42,1.5177,510.9811,226,22,80,2.7497,2.7421,4.3921,4.7058,37,3.0000,1.1004
2999209807,SHMPC_AdaptiveDRO,low_S,12,0.1000,1.0000,0.0000,0.0000,w2_bures,1,18,0.1879,31,13.2337,309.4894,189,18,80,2.9179,2.5497,5.2879,9.0307,17,3.0000,0.2238
2999210807,SHMPC_AdaptiveDRO,low_S,12,0.1000,1.0000,0.0000,0.0000,w2_bures,0,-1,0.9695,42,18.5242,514.7714,274,29,80,2.2339,2.0819,4.0503,4.6901,12,3.0000,0.9868
3550538239,SHMPC_RTA,low_S,12,0.1000,1.0000,0.0000,0.0000,w2_bures,0,-1,1.0308,43,5.7112,225.0083,139,25,80,2.0329,1.7642,3.8632,4.6819,0,3.0000,1.0430
3550539239,SHMPC_RTA,low_S,12,0.1000,1.0000,0.0000,0.0000,w2_bures,0,-1,0.9105,21,16.3409,389.3031,232,14,80,2.3268,2.2076,3.9721,4.6162,0,3.0000,0.9304
2809340253,SHMPC_Conformal,low_S,12,0.1000,1.0000,0.0000,0.0000,w2_bures,0,-1,0.9409,30,7.1540,277.4422,141,19,80,2.3787,2.0631,4.0112,5.1259,0,3.0000,0.9504
2809341253,SHMPC_Conformal,low_S,12,0.1000,1.0000,0.0000,0.0000,w2_bures,0,-1,1.1381,15,20.1174,823.7024,401,25,80,1.6468,1.5298,4.2290,4.8659,0,3.0000,1.1686
3587935683,SHMPC_Hazard,low_S,12,0.1000,1.0000,0.0000,0.0000,w2_bures,0,-1,1.0524,29,9.1264,270.9794,200,24,80,2.8056,2.3258,4.9447,9.1468,0,3.0000,1.0767
3587936683,SHMPC_Hazard,low_S,12,0.1000,1.0000,0.0000,0.0000,w2_bures,1,38,0.1312,46,10.1712,618.0812,315,20,80,2.8685,2.9835,4.6844,5.3008,0,3.0000,0.2507
2022669172,SHMPC_Bandit,low_S,12,0.1000,1.0000,0.0000,0.0000,w2_bures,0,-1,1.3917,18,20.1880,845.9742,347,33,80,1.7062,1.5631,3.5953,4.5429,0,3.0000,1.4451
2022670172,SHMPC_Bandit,low_S,12,0.1000,1.0000,0.0000,0.0000,w2_bures,0,-1,1.0551,12,20.1152,796.8146,371,33,80,1.5751,1.3438,3.9413,4.1427,0,3.0000,1.0975
2750280180,SHMPC_Certificate,low_S,12,0.1000,1.0000,0.0000,0.0000,w2_bures,1,19,0.7470,21,20.1242,642.4371,291,13,80,2.0966,1.9721,3.8266,4.8528,0,3.0000,0.8533
2750281180,SHMPC_Certificate,low_S,12,0.1000,1.0000,0.0000,0.0000,w2_bures,1,14,0.0636,24,20.1063,784.2809,351,23,80,1.9924,1.8871,4.0645,5.6095,0,3.0000,0.2220
843045105,SHMPC_Compiler,low_S,12,0.1000,1.0000,0.0000,0.0000,w2_bures,0,-1,0.9523,31,20.4748,693.1153,377,8,80,2.2782,2.3195,4.5265,5.0734,0,3.0000,0.9622
843046105,SHMPC_Compiler,low_S,12,0.1000,1.0000,0.0000,0.0000,w2_bures,0,-1,1.1508,13,13.0309,229.3042,170,12,80,1.7423,1.8598,2.7417,3.0118,0,3.0000,1.1705
278787421,CertificateFirst,low_S,12,0.1000,1.0000,0.0000,0.0000,w2_bures,0,-1,1.0707,16,12.4431,308.7827,204,8,80,2.2668,2.0514,3.6934,5.1993,0,3.0000,1.1499
278788421,CertificateFirst,low_S,12,0.1000,1.0000,0.0000,0.0000,w2_bures,1,17,0.0820,39,2.7239,143.6962,112,4,80,3.1061,2.7938,4.7213,5.5384,0,3.0000,0.1007
1593472537,ScenarioCompiler,low_S,12,0.1000,1.0000,0.0000,0.0000,w2_bures,0,-1,1.1235,24,11.2391,219.0911,126,12,80,2.4065,2.4812,3.4095,4.2134,0,3.0000,1.1482
1593473537,ScenarioCompiler,low_S,12,0.1000,1.0000,0.0000,0.0000,w2_bures,0,-1,0.9103,64,2.8553,95.6929,37,6,80,2.8100,3.2581,3.5242,3.7287,0,3.0000,0.9299
3459828251,SHMPC,distribution_shift,30,0.1000,1.0000,0.3000,0.1000,w2_bures,1,18,0.4283,30,16.6489,394.3490,357,21,80,5.7369,3.7604,13.8068,14.9318,0,7.0000,0.4479
3459829251,SHMPC,distribution_shift,30,0.1000,1.0000,0.3000,0.1000,w2_bures,1,21,0.7581,29,19.1665,485.9488,292,33,80,5.2795,3.4998,14.3033,25.9077,0,7.0000,0.7675
2067833459,SHMPC_DRO,distribution_shift,30,0.1000,1.0000,0.3000,0.1000,w2_bures,0,-1,1.1225,20,14.7710,301.5454,306,17,80,4.3936,3.0279,11.0448,11.8261,6,7.0000,1.1465
2067834459,SHMPC_DRO,distribution_shift,30,0.1000,1.0000,0.3000,0.1000,w2_bures,0,-1,1.1128,24,20.5092,637.6144,525,25,80,4.0724,3.2389,11.1669,11.4142,5,7.0000,1.1354
1808897528,SHMPC_AdaptiveDRO,distribution_shift,30,0.1000,1.0000,0.3000,0.1000,w2_bures,0,-1,0.9295,47,4.9128,167.2683,184,25,80,5.3476,3.1149,12.1572,24.3949,8,7.0000,0.9497
1808898528,SHMPC_AdaptiveDRO,distribution_shift,30,0.1000,1.0000,0.3000,0.1000,w2_bures,0,-1,1.1203,40,8.1261,210.4098,178,21,80,4.5701,3.2154,11.5774,12.5749,6,7.0000,1.1447
3938562603,SHMPC_RTA,distribution_shift,30,0.1000,1.0000,0.3000,0.1000,w2_bures,1,18,0.6782,30,5.8294,155.5283,175,30,80,5.4337,3.6032,13.7670,15.0854,0,7.0000,0.6832
3938563603,SHMPC_RTA,distribution_shift,30,0.1000,1.0000,0.3000,0.1000,w2_bures,1,26,0.7704,30,16.1918,394.4174,437,22,80,5.5817,3.9279,13.2238,13.9784,0,7.0000,0.7875
2768579350,SHMPC_Conformal,distribution_shift,30,0.1000,1.0000,0.3000,0.1000,w2_bures,0,-1,1.1949,30,2.8540,112.6800,144,21,80,4.6272,3.2664,10.2010,11.7925,0,7.0000,1.2152
2768580350,SHMPC_Conformal,distribution_shift,30,0.1000,1.0000,0.3000,0.1000,w2_bures,0,-1,0.9219,20,6.0718,153.3094,160,24,80,4.3769,2.8745,10.1025,10.9924,0,7.0000,0.9357
4168648583,SHMPC_Hazard,distribution_shift,30,0.1000,1.0000,0.3000,0.1000,w2_bures,1,20,0.7233,26,3.0334,96.6999,136,29,80,5.5248,3.5700,12.8861,14.3268,0,7.0000,0.7506
4168649583,SHMPC_Hazard,distribution_shift,30,0.1000,1.0000,0.3000,0.1000,w2_bures,0,-1,1.1207,11,3.8375,115.4004,144,23,80,4.4771,2.9819,11.1379,14.2576,0,7.0000,1.1529
2714139268,SHMPC_Bandit,distribution_shift,30,0.1000,1.0000,0.3000,0.1000,w2_bures,1,17,0.1801,34,13.8237,257.3426,241,40,80,5.8720,3.6290,13.7493,14.0522,0,7.0000,0.2109
2714140268,SHMPC_Bandit,distribution_shift,30,0.1000,1.0000,0.3000,0.1000,w2_bures,0,-1,1.0272,16,2.0465,76.6489,97,22,80,6.0211,3.8947,12.7026,12.8964,0,7.0000,1.0358
1404503505,SHMPC_Certificate,distribution_shift,30,0.1000,1.0000,0.3000,0.1000,w2_bures,0,-1,1.1816,15,20.1112,808.6296,779,23,80,2.9559,2.3515,8.0593,10.1834,0,7.0000,1.2639
1404504505,SHMPC_Certificate,distribution_shift,30,0.1000,1.0000,0.3000,0.1000,w2_bures,1,28,0.7624,41,6.7274,196.5197,201,25,80,4.5892,2.8991,10.7745,16.0563,0,7.0000,0.7846
3116964273,SHMPC_Compiler,distribution_shift,30,0.1000,1.0000,0.3000,0.1000,w2_bures,0,-1,0.8978,27,20.1547,781.8758,1016,9,80,6.1651,3.9401,13.4400,35.4794,0,7.0000,0.9183
3116965273,SHMPC_Compiler,distribution_shift,30,0.1000,1.0000,0.3000,0.1000,w2_bures,0,-1,1.1627,19,2.9056,95.4661,122,12,80,7.2444,10.6283,11.6944,17.5236,0,7.0000,1.1844
1842580418,CertificateFirst,distribution_shift,30,0.1000,1.0000,0.3000,0.1000,w2_bures,0,-1,1.1267,15,8.7909,224.7950,247,24,80,4.7940,3.0225,11.4172,23.9235,0,7.0000,1.1571
1842581418,CertificateFirst,distribution_shift,30,0.1000,1.0000,0.3000,0.1000,w2_bures,0,-1,1.0162,14,10.5164,210.9711,276,30,80,4.7598,2.9985,11.1741,15.1139,0,7.0000,1.0195
2095864443,ScenarioCompiler,distribution_shift,30,0.1000,1.0000,0.3000,0.1000,w2_bures,0,-1,0.9608,23,8.0529,217.3593,212,11,80,6.4758,4.3472,14.0237,14.2126,0,7.0000,0.9832
2095865443,ScenarioCompiler,distribution_shift,30,0.1000,1.0000,0.3000,0.1000,w2_bures,0,-1,1.0269,31,4.3801,123.7363,145,12,80,7.9716,8.5832,16.7829,40.4206,0,7.0000,1.0343
90010,SHMPC_Certificate,tune_cert_10,30,0.1000,1.0000,0.0000,0.0000,w2_bures,0,-1,1.0951,13,20.2500,756.5724,585,15,80,3.9772,3.2588,11.1200,19.7404,0,7.0000,1.1572
90110,SHMPC_Certificate,tune_cert_10,30,0.1000,1.0000,0.0000,0.0000,w2_bures,0,-1,1.3818,13,20.0880,814.3484,853,24,80,2.8983,2.0191,8.1280,17.4722,0,7.0000,1.4522
90010,CertificateFirst,tune_cert_10,30,0.1000,1.0000,0.0000,0.0000,w2_bures,0,-1,1.0952,13,20.3056,747.1322,437,18,80,3.3366,2.5304,10.5174,10.6304,0,7.0000,1.1574
90110,CertificateFirst,tune_cert_10,30,0.1000,1.0000,0.0000,0.0000,w2_bures,0,-1,1.4159,12,20.0798,805.3396,670,27,80,2.4760,1.3294,9.0766,10.8260,0,7.0000,1.4630
90015,SHMPC_Certificate,tune_cert_15,30,0.1000,1.0000,0.0000,0.0000,w2_bures,0,-1,1.1228,18,20.0988,784.5326,515,28,80,3.1772,2.2717,8.5226,11.1450,0,7.0000,1.1926
90115,SHMPC_Certificate,tune_cert_15,30,0.1000,1.0000,0.0000,0.0000,w2_bures,1,24,0.7347,29,20.4960,715.5581,490,26,80,3.7636,2.9044,11.2139,13.1912,0,7.0000,0.7546
90015,CertificateFirst,tune_cert_15,30,0.1000,1.0000,0.0000,0.0000,w2_bures,0,-1,1.2025,13,20.1114,799.6253,709,14,80,3.7395,3.0774,11.6957,22.1661,0,7.0000,1.2347
90115,CertificateFirst,tune_cert_15,30,0.1000,1.0000,0.0000,0.0000,w2_bures,1,27,0.8019,30,20.5069,715.0069,500,25,80,4.1650,3.0757,11.0320,28.8372,0,7.0000,0.8195
90025,SHMPC_Certificate,tune_cert_25,30,0.1000,1.0000,0.0000,0.0000,w2_bures,0,-1,0.8655,17,2.5234,84.2451,110,25,80,4.1815,2.8338,10.3114,11.1861,0,7.0000,0.8818
90125,SHMPC_Certificate,tune_cert_25,30,0.1000,1.0000,0.0000,0.0000,w2_bures,1,14,0.7718,25,2.4937,85.8283,90,17,80,4.9716,3.2195,11.7896,12.2753,0,7.0000,0.7821
90025,CertificateFirst,tune_cert_25,30,0.1000,1.0000,0.0000,0.0000,w2_bures,1,16,0.8220,17,2.5335,85.5125,84,22,80,4.5309,3.2213,11.6515,15.1738,0,7.0000,0.8384
90125,CertificateFirst,tune_cert_25,30,0.1000,1.0000,0.0000,0.0000,w2_bures,1,18,0.7727,23,2.4916,85.7258,120,10,80,4.8914,3.3745,11.3236,12.2728,0,7.0000,0.7820
100010,SHMPC_RTA,tune_rta_10,30,0.1000,1.0000,0.0000,0.0000,w2_bures,0,-1,1.3398,15,20.1116,782.4329,718,27,80,3.4303,2.2800,10.5249,14.2243,0,7.0000,1.4110
100110,SHMPC_RTA,tune_rta_10,30,0.1000,1.0000,0.0000,0.0000,w2_bures,0,-1,1.2098,20,3.2367,149.3669,164,30,80,4.7570,3.1795,10.8500,13.7906,0,7.0000,1.2933
100015,SHMPC_RTA,tune_rta_15,30,0.1000,1.0000,0.0000,0.0000,w2_bures,0,-1,0.8649,29,9.5594,217.3547,246,12,80,5.1328,3.8147,12.2491,15.5364,0,7.0000,0.8673
100115,SHMPC_RTA,tune_rta_15,30,0.1000,1.0000,0.0000,0.0000,w2_bures,1,16,0.2674,22,20.1095,787.4534,520,22,80,3.7723,2.7432,11.6510,15.8868,0,7.0000,0.3787
100020,SHMPC_RTA,tune_rta_20,30,0.1000,1.0000,0.0000,0.0000,w2_bures,0,-1,1.1471,19,19.5200,594.5732,623,21,80,4.7612,3.3116,12.3726,19.9894,0,7.0000,1.1898
100120,SHMPC_RTA,tune_rta_20,30,0.1000,1.0000,0.0000,0.0000,w2_bures,1,27,0.4951,35,19.1511,500.6079,387,21,80,4.4162,3.3261,11.7871,12.2204,0,7.0000,0.5297
110005,SHMPC_Bandit,tune_bandit_5,30,0.1000,1.0000,0.0000,0.0000,w2_bures,1,27,0.6605,34,12.5317,274.8162,220,24,80,4.0684,2.8661,10.7748,14.5453,0,7.0000,0.6707
110105,SHMPC_Bandit,tune_bandit_5,30,0.1000,1.0000,0.0000,0.0000,w2_bures,1,13,0.3244,79,1.7272,76.1882,123,21,80,5.8646,4.0731,13.8542,16.5050,0,7.0000,0.3284
110010,SHMPC_Bandit,tune_bandit_10,30,0.1000,1.0000,0.0000,0.0000,w2_bures,0,-1,0.9343,37,19.6313,550.9284,349,33,80,4.4826,2.7879,12.5237,16.5719,0,7.0000,0.9464
110110,SHMPC_Bandit,tune_bandit_10,30,0.1000,1.0000,0.0000,0.0000,w2_bures,0,-1,1.2365,12,20.1078,760.6971,602,47,80,3.2072,2.1857,10.5360,12.7099,0,7.0000,1.2788
110020,SHMPC_Bandit,tune_bandit_20,30,0.1000,1.0000,0.0000,0.0000,w2_bures,0,-1,0.8539,21,2.5007,86.0250,95,30,80,5.0176,3.4147,10.9638,11.9508,0,7.0000,0.8938
110120,SHMPC_Bandit,tune_bandit_20,30,0.1000,1.0000,0.0000,0.0000,w2_bures,0,-1,1.0373,14,20.1131,766.5710,574,33,80,3.7059,3.1144,10.5862,13.0059,0,7.0000,1.0601
