seed,method,S,eps_wass,sigma,shift_rho,shift_boost,ground_cost,collision,collision_step,min_clearance,min_clearance_step,total_progress,control_effort,constraint_active_count,missed_mode_steps,total_steps,avg_solve_ms,p50_solve_ms,p95_solve_ms,max_solve_ms,total_dro_injected,avg_safe_horizon,clearance_5pct
12345,SHMPC,30,0.1000,1.0000,0.0000,0.0000,w2_bures,0,-1,0.9699,14,16.7116,358.0000,404,23,80,5.3382,3.8602,14.0190,22.3557,0,7.0000,0.9931
12346,SHMPC,30,0.1000,1.0000,0.0000,0.0000,w2_bures,1,28,0.7199,32,20.4074,673.3774,315,22,80,4.5695,2.9508,13.1483,14.4668,0,7.0000,0.7484
12347,SHMPC,30,0.1000,1.0000,0.0000,0.0000,w2_bures,1,31,0.5822,40,16.7307,356.6145,261,27,80,4.6312,3.0264,11.1565,14.3768,0,7.0000,0.5913
12348,SHMPC,30,0.1000,1.0000,0.0000,0.0000,w2_bures,1,70,0.8209,72,2.7013,90.6996,117,14,80,5.4278,3.7456,13.5467,14.0612,0,7.0000,0.8447
12349,SHMPC,30,0.1000,1.0000,0.0000,0.0000,w2_bures,0,-1,1.0997,11,7.4056,173.0262,260,15,80,5.9823,3.7266,12.5874,14.9024,0,7.0000,1.1158
12350,SHMPC,30,0.1000,1.0000,0.0000,0.0000,w2_bures,1,32,0.5666,44,2.4444,85.7187,104,29,80,5.0318,2.9595,10.4194,11.4326,0,7.0000,0.5748
12351,SHMPC,30,0.1000,1.0000,0.0000,0.0000,w2_bures,0,-1,1.1229,12,19.5815,511.2102,408,24,80,4.0419,2.8008,10.9456,11.1495,0,7.0000,1.1646
12352,SHMPC,30,0.1000,1.0000,0.0000,0.0000,w2_bures,0,-1,0.9327,34,4.3159,123.9585,160,22,80,5.1019,3.4463,12.7909,15.0410,0,7.0000,0.9521
12353,SHMPC,30,0.1000,1.0000,0.0000,0.0000,w2_bures,0,-1,1.0312,25,11.0373,254.5269,181,22,80,4.1021,2.8977,10.4768,14.4345,0,7.0000,1.0477
12354,SHMPC,30,0.1000,1.0000,0.0000,0.0000,w2_bures,1,18,0.2671,34,2.0358,94.9283,145,11,80,6.6579,4.5986,13.4960,23.8558,0,7.0000,0.2780
12355,SHMPC,30,0.1000,1.0000,0.0000,0.0000,w2_bures,1,24,0.7363,28,20.5400,640.4831,311,36,80,4.3379,3.0027,12.3090,15.7907,0,7.0000,0.7532
12356,SHMPC,30,0.1000,1.0000,0.0000,0.0000,w2_bures,1,26,0.6449,45,2.4374,86.4987,94,21,80,4.6035,2.9378,10.9204,11.4561,0,7.0000,0.6481
12357,SHMPC,30,0.1000,1.0000,0.0000,0.0000,w2_bures,0,-1,1.1947,14,20.1135,811.1053,647,19,80,3.0271,2.1073,9.1287,10.2168,0,7.0000,1.2498
12358,SHMPC,30,0.1000,1.0000,0.0000,0.0000,w2_bures,0,-1,1.1518,12,20.1116,774.0397,599,14,80,3.3275,2.2370,10.8041,12.7836,0,7.0000,1.2253
12359,SHMPC,30,0.1000,1.0000,0.0000,0.0000,w2_bures,0,-1,1.0403,13,19.8302,537.4505,285,23,80,3.8224,2.9689,11.0306,12.1200,0,7.0000,1.1198
12360,SHMPC,30,0.1000,1.0000,0.0000,0.0000,w2_bures,0,-1,1.2093,18,20.1118,793.2094,502,8,80,3.3079,2.4266,9.6685,14.5467,0,7.0000,1.2249
12361,SHMPC,30,0.1000,1.0000,0.0000,0.0000,w2_bures,0,-1,1.0649,18,3.5439,141.3056,167,30,80,4.9435,3.4974,11.3775,12.7324,0,7.0000,1.0948
12362,SHMPC,30,0.1000,1.0000,0.0000,0.0000,w2_bures,0,-1,1.1613,13,20.1093,770.1598,462,9,80,2.9308,2.1761,9.4717,11.9713,0,7.0000,1.2137
12363,SHMPC,30,0.1000,1.0000,0.0000,0.0000,w2_bures,0,-1,1.0661,16,17.3769,382.1860,307,19,80,3.7944,2.8048,10.2767,12.1610,0,7.0000,1.0765
12364,SHMPC,30,0.1000,1.0000,0.0000,0.0000,w2_bures,0,-1,1.0687,24,3.3791,139.3458,213,20,80,5.8772,3.7376,11.8413,36.7613,0,7.0000,1.0887
12365,SHMPC,30,0.1000,1.0000,0.0000,0.0000,w2_bures,1,20,0.4953,27,20.3038,602.6417,466,25,80,5.0054,3.2735,16.3202,20.3935,0,7.0000,0.5228
12366,SHMPC,30,0.1000,1.0000,0.0000,0.0000,w2_bures,0,-1,0.9825,26,2.4959,85.7451,85,20,80,5.0258,3.5787,11.2060,16.0467,0,7.0000,1.0080
12367,SHMPC,30,0.1000,1.0000,0.0000,0.0000,w2_bures,0,-1,1.1183,12,20.1053,771.3603,530,32,80,4.3011,2.7616,14.0820,23.5372,0,7.0000,1.1761
12368,SHMPC,30,0.1000,1.0000,0.0000,0.0000,w2_bures,1,20,0.7175,23,20.5480,691.1332,474,19,80,5.0793,3.6357,12.9198,19.2325,0,7.0000,0.7482
12369,SHMPC,30,0.1000,1.0000,0.0000,0.0000,w2_bures,0,-1,1.1375,14,17.9935,446.9597,305,10,80,5.0825,2.8981,12.3841,29.5251,0,7.0000,1.2032
12370,SHMPC,30,0.1000,1.0000,0.0000,0.0000,w2_bures,1,22,0.7205,25,18.2220,477.1598,349,13,80,4.9039,3.4054,15.5581,17.6479,0,7.0000,0.7475
12371,SHMPC,30,0.1000,1.0000,0.0000,0.0000,w2_bures,0,-1,1.0514,33,3.8418,146.5033,108,10,80,5.4286,2.8583,18.9969,34.8458,0,7.0000,1.0715
12372,SHMPC,30,0.1000,1.0000,0.0000,0.0000,w2_bures,0,-1,1.1632,12,9.7004,199.7982,189,15,80,4.0726,3.0510,10.7662,18.6089,0,7.0000,1.2179
12373,SHMPC,30,0.1000,1.0000,0.0000,0.0000,w2_bures,0,-1,1.2056,12,20.1137,776.6883,582,22,80,2.9603,2.0818,8.7986,11.1062,0,7.0000,1.2609
12374,SHMPC,30,0.1000,1.0000,0.0000,0.0000,w2_bures,0,-1,1.4347,14,20.0964,786.0601,784,26,80,2.7688,2.1071,8.5652,12.7565,0,7.0000,1.5034
12375,SHMPC,30,0.1000,1.0000,0.0000,0.0000,w2_bures,0,-1,1.1462,16,20.4046,678.5606,473,27,80,3.7969,2.7206,10.3044,13.3886,0,7.0000,1.1489
12376,SHMPC,30,0.1000,1.0000,0.0000,0.0000,w2_bures,0,-1,1.1425,24,13.0288,229.5626,252,22,80,4.3509,3.0823,11.5385,20.5304,0,7.0000,1.1460
12377,SHMPC,30,0.1000,1.0000,0.0000,0.0000,w2_bures,0,-1,1.3475,19,20.1067,791.5987,622,17,80,3.0568,2.5646,8.8515,16.2279,0,7.0000,1.3864
12378,SHMPC,30,0.1000,1.0000,0.0000,0.0000,w2_bures,1,18,0.1758,36,8.8990,191.6924,210,30,80,5.1545,3.3499,12.9455,14.2229,0,7.0000,0.1993
12379,SHMPC,30,0.1000,1.0000,0.0000,0.0000,w2_bures,0,-1,1.0706,12,2.4226,85.8745,86,23,80,5.4476,3.8125,12.5715,14.6072,0,7.0000,1.1006
12380,SHMPC,30,0.1000,1.0000,0.0000,0.0000,w2_bures,0,-1,1.0184,12,13.9074,255.3413,243,29,80,3.9267,3.0468,10.8185,11.6507,0,7.0000,1.0634
12381,SHMPC,30,0.1000,1.0000,0.0000,0.0000,w2_bures,0,-1,0.9940,30,2.4747,85.6591,109,18,80,4.7814,3.2035,10.7860,11.6859,0,7.0000,1.0240
12382,SHMPC,30,0.1000,1.0000,0.0000,0.0000,w2_bures,0,-1,1.2643,14,20.1085,764.5675,616,25,80,3.2142,2.3473,10.1849,11.6169,0,7.0000,1.2819
12383,SHMPC,30,0.1000,1.0000,0.0000,0.0000,w2_bures,1,34,0.7791,40,14.8687,322.9877,344,26,80,5.4701,3.3261,12.8095,29.0029,0,7.0000,0.7848
12384,SHMPC,30,0.1000,1.0000,0.0000,0.0000,w2_bures,0,-1,1.1669,13,14.6448,281.9440,360,30,80,5.4318,3.3860,12.4347,41.1130,0,7.0000,1.1894
12385,SHMPC,30,0.1000,1.0000,0.0000,0.0000,w2_bures,0,-1,1.1321,31,20.3017,650.1132,377,25,80,4.8909,3.0743,11.8647,25.1429,0,7.0000,1.1572
12386,SHMPC,30,0.1000,1.0000,0.0000,0.0000,w2_bures,0,-1,0.9013,14,14.8754,284.0316,324,10,80,4.9217,3.3225,12.5633,16.5465,0,7.0000,0.9279
12387,SHMPC,30,0.1000,1.0000,0.0000,0.0000,w2_bures,1,25,0.7738,29,20.1972,763.0724,661,19,80,4.0859,3.3694,11.2976,21.2927,0,7.0000,0.7905
12388,SHMPC,30,0.1000,1.0000,0.0000,0.0000,w2_bures,0,-1,0.9894,39,19.8082,537.3121,484,19,80,4.2521,3.2744,11.7559,11.9656,0,7.0000,1.0058
12389,SHMPC,30,0.1000,1.0000,0.0000,0.0000,w2_bures,0,-1,0.9720,17,2.8517,95.8084,100,19,80,6.4949,3.4929,18.8301,24.4391,0,7.0000,1.0040
12390,SHMPC,30,0.1000,1.0000,0.0000,0.0000,w2_bures,1,21,0.5843,28,2.4209,104.0627,128,12,80,7.1470,4.2689,15.9354,39.1706,0,7.0000,0.6041
12391,SHMPC,30,0.1000,1.0000,0.0000,0.0000,w2_bures,1,16,0.8111,18,6.0781,153.2431,182,18,80,5.9287,3.8987,15.3794,25.5568,0,7.0000,0.8433
12392,SHMPC,30,0.1000,1.0000,0.0000,0.0000,w2_bures,0,-1,1.2176,18,20.1111,777.2311,542,22,80,3.0693,2.3668,8.4345,10.1767,0,7.0000,1.2560
12393,SHMPC,30,0.1000,1.0000,0.0000,0.0000,w2_bures,0,-1,0.8838,42,4.1089,268.7137,213,25,80,4.8210,3.2600,13.3035,26.2037,0,7.0000,0.8876
12394,SHMPC,30,0.1000,1.0000,0.0000,0.0000,w2_bures,1,20,0.6154,30,10.9912,255.2121,280,23,80,5.2717,3.4986,12.5068,15.9591,0,7.0000,0.6232
12345,SHMPC_DRO,30,0.1000,1.0000,0.0000,0.0000,w2_bures,0,-1,0.9950,12,16.7026,359.6477,370,24,80,4.8022,3.0330,12.3493,13.3850,16,7.0000,1.0172
12346,SHMPC_DRO,30,0.1000,1.0000,0.0000,0.0000,w2_bures,1,29,0.7362,33,20.2860,636.8380,507,34,80,4.2177,2.6887,11.3206,15.8340,8,7.0000,0.7468
12347,SHMPC_DRO,30,0.1000,1.0000,0.0000,0.0000,w2_bures,1,33,0.6034,41,16.6962,358.1068,221,30,80,4.7090,3.1356,12.1630,12.8700,9,7.0000,0.6194
12348,SHMPC_DRO,30,0.1000,1.0000,0.0000,0.0000,w2_bures,1,19,0.5559,72,2.4110,86.1505,117,18,80,5.0359,3.3231,11.8132,19.7604,15,7.0000,0.5809
12349,SHMPC_DRO,30,0.1000,1.0000,0.0000,0.0000,w2_bures,0,-1,1.1283,14,7.3964,172.7334,195,13,80,5.1925,3.4663,13.2832,20.9208,6,7.0000,1.1586
12350,SHMPC_DRO,30,0.1000,1.0000,0.0000,0.0000,w2_bures,0,-1,0.9652,42,3.8146,114.6785,149,27,80,5.1268,2.9109,12.4674,27.9767,5,7.0000,0.9689
12351,SHMPC_DRO,30,0.1000,1.0000,0.0000,0.0000,w2_bures,0,-1,1.1181,15,20.1237,562.4256,299,20,80,4.8624,2.6270,13.1147,35.6638,10,7.0000,1.1471
12352,SHMPC_DRO,30,0.1000,1.0000,0.0000,0.0000,w2_bures,0,-1,0.9762,26,8.8403,192.2244,235,26,80,4.9494,3.1791,11.8577,17.4359,11,7.0000,0.9993
12353,SHMPC_DRO,30,0.1000,1.0000,0.0000,0.0000,w2_bures,0,-1,1.0800,19,11.0350,254.6253,240,23,80,4.7596,3.1982,11.1070,26.8527,6,7.0000,1.0974
12354,SHMPC_DRO,30,0.1000,1.0000,0.0000,0.0000,w2_bures,1,16,0.0281,32,2.3322,114.0271,166,3,80,6.3579,3.8275,14.1769,21.4303,15,7.0000,0.0886
12355,SHMPC_DRO,30,0.1000,1.0000,0.0000,0.0000,w2_bures,1,22,0.4314,30,20.4189,616.2837,375,37,80,4.7457,2.9913,12.9805,21.2648,9,7.0000,0.4597
12356,SHMPC_DRO,30,0.1000,1.0000,0.0000,0.0000,w2_bures,1,23,0.6342,43,2.4655,85.7914,113,18,80,5.7130,3.6478,12.8560,13.0957,12,7.0000,0.6386
12357,SHMPC_DRO,30,0.1000,1.0000,0.0000,0.0000,w2_bures,0,-1,1.2476,15,20.1132,807.7942,739,16,80,3.5833,2.8950,11.4176,15.0374,6,7.0000,1.3177
12358,SHMPC_DRO,30,0.1000,1.0000,0.0000,0.0000,w2_bures,0,-1,1.1452,12,20.1124,773.6807,545,16,80,3.0430,2.0820,9.7789,12.0050,9,7.0000,1.2213
12359,SHMPC_DRO,30,0.1000,1.0000,0.0000,0.0000,w2_bures,0,-1,0.9722,13,18.3850,433.4034,361,26,80,5.1409,3.1245,14.7389,34.7098,9,7.0000,1.0197
12360,SHMPC_DRO,30,0.1000,1.0000,0.0000,0.0000,w2_bures,0,-1,1.1779,18,20.1027,774.6264,568,14,80,3.9102,2.9731,10.1297,18.3174,6,7.0000,1.1949
12361,SHMPC_DRO,30,0.1000,1.0000,0.0000,0.0000,w2_bures,0,-1,1.0951,19,3.5363,141.1379,192,28,80,6.9989,4.0698,13.6476,43.4452,6,7.0000,1.1413
12362,SHMPC_DRO,30,0.1000,1.0000,0.0000,0.0000,w2_bures,0,-1,1.2528,13,20.1136,775.9417,642,10,80,3.5001,2.8205,10.9992,24.1301,7,7.0000,1.2947
12363,SHMPC_DRO,30,0.1000,1.0000,0.0000,0.0000,w2_bures,0,-1,1.0614,17,15.4527,306.5212,282,27,80,4.5232,3.0380,11.6768,14.2123,7,7.0000,1.0728
12364,SHMPC_DRO,30,0.1000,1.0000,0.0000,0.0000,w2_bures,0,-1,1.0529,24,2.9474,129.2157,202,27,80,5.2453,3.1707,11.8035,12.9955,7,7.0000,1.0730
12365,SHMPC_DRO,30,0.1000,1.0000,0.0000,0.0000,w2_bures,1,20,0.6014,26,20.4965,637.6828,413,25,80,3.2755,2.6157,10.2258,10.9875,6,7.0000,0.6202
12366,SHMPC_DRO,30,0.1000,1.0000,0.0000,0.0000,w2_bures,0,-1,0.9578,26,2.5017,85.4093,102,16,80,5.5277,3.4827,12.3883,32.5477,7,7.0000,0.9835
12367,SHMPC_DRO,30,0.1000,1.0000,0.0000,0.0000,w2_bures,0,-1,1.0824,11,20.1123,775.9913,635,21,80,4.2455,2.7790,14.5628,32.5975,10,7.0000,1.1429
12368,SHMPC_DRO,30,0.1000,1.0000,0.0000,0.0000,w2_bures,1,21,0.7673,24,20.5630,664.3571,366,20,80,3.8862,3.0643,12.1386,14.5067,5,7.0000,0.7916
12369,SHMPC_DRO,30,0.1000,1.0000,0.0000,0.0000,w2_bures,0,-1,1.0865,15,15.7541,346.8233,318,13,80,4.6329,3.1270,12.0144,16.3343,12,7.0000,1.1635
12370,SHMPC_DRO,30,0.1000,1.0000,0.0000,0.0000,w2_bures,1,23,0.7509,25,18.2107,476.9622,449,12,80,4.5610,3.5384,12.0961,15.1044,11,7.0000,0.7744
12371,SHMPC_DRO,30,0.1000,1.0000,0.0000,0.0000,w2_bures,0,-1,1.3636,39,18.8108,839.2783,724,20,80,5.2025,3.9652,11.5999,28.6781,15,7.0000,1.4062
12372,SHMPC_DRO,30,0.1000,1.0000,0.0000,0.0000,w2_bures,0,-1,1.2297,11,20.1124,774.9443,532,19,80,2.9313,2.2063,8.6740,12.1811,6,7.0000,1.2927
12373,SHMPC_DRO,30,0.1000,1.0000,0.0000,0.0000,w2_bures,0,-1,1.2534,13,20.1098,776.8963,610,17,80,2.7980,2.1327,8.7554,10.5077,8,7.0000,1.2957
12374,SHMPC_DRO,30,0.1000,1.0000,0.0000,0.0000,w2_bures,0,-1,1.3985,17,20.0980,805.0987,663,32,80,2.8254,2.3677,6.6743,11.1956,7,7.0000,1.4569
12375,SHMPC_DRO,30,0.1000,1.0000,0.0000,0.0000,w2_bures,0,-1,1.0806,19,19.5022,555.6998,324,22,80,5.1447,3.4103,11.9012,39.7251,13,7.0000,1.1771
12376,SHMPC_DRO,30,0.1000,1.0000,0.0000,0.0000,w2_bures,0,-1,1.1421,24,13.0297,229.5473,199,19,80,4.7038,2.9845,10.8388,19.1048,7,7.0000,1.1456
12377,SHMPC_DRO,30,0.1000,1.0000,0.0000,0.0000,w2_bures,0,-1,1.3676,18,20.1080,792.3501,513,20,80,3.1267,2.4760,9.1433,11.8516,5,7.0000,1.4044
12378,SHMPC_DRO,30,0.1000,1.0000,0.0000,0.0000,w2_bures,1,18,0.5387,30,10.4590,210.5713,207,37,80,5.5451,3.4859,12.1335,13.1176,14,7.0000,0.5556
12379,SHMPC_DRO,30,0.1000,1.0000,0.0000,0.0000,w2_bures,0,-1,1.0707,12,5.4698,144.0429,158,22,80,6.7969,3.9799,14.4259,46.9241,9,7.0000,1.0895
12380,SHMPC_DRO,30,0.1000,1.0000,0.0000,0.0000,w2_bures,0,-1,1.1490,12,15.4312,307.5092,300,24,80,4.2968,3.2834,12.4062,13.4013,6,7.0000,1.1597
12381,SHMPC_DRO,30,0.1000,1.0000,0.0000,0.0000,w2_bures,0,-1,0.9888,30,2.4761,85.5904,91,20,80,4.4651,3.1511,11.0070,11.5542,5,7.0000,1.0186
12382,SHMPC_DRO,30,0.1000,1.0000,0.0000,0.0000,w2_bures,0,-1,1.2368,12,20.1089,768.3413,630,24,80,3.0934,2.3377,9.2572,13.4982,6,7.0000,1.2539
12383,SHMPC_DRO,30,0.1000,1.0000,0.0000,0.0000,w2_bures,1,25,0.4382,41,13.4908,289.1557,234,32,80,5.0168,3.2831,13.8191,18.4174,14,7.0000,0.4673
12384,SHMPC_DRO,30,0.1000,1.0000,0.0000,0.0000,w2_bures,0,-1,1.1428,17,14.6643,281.9892,402,26,80,5.6790,3.9426,12.9182,27.2528,6,7.0000,1.1470
12385,SHMPC_DRO,30,0.1000,1.0000,0.0000,0.0000,w2_bures,0,-1,1.1730,31,20.3015,650.0131,434,28,80,4.2296,2.6724,11.4262,26.1387,7,7.0000,1.2040
12386,SHMPC_DRO,30,0.1000,1.0000,0.0000,0.0000,w2_bures,0,-1,0.8972,16,18.3568,436.0495,368,15,80,4.3830,2.8894,10.3243,12.1804,15,7.0000,0.9195
12387,SHMPC_DRO,30,0.1000,1.0000,0.0000,0.0000,w2_bures,1,25,0.7222,29,20.2275,756.5201,558,24,80,4.2669,3.5776,13.1076,13.7599,12,7.0000,0.7515
12388,SHMPC_DRO,30,0.1000,1.0000,0.0000,0.0000,w2_bures,0,-1,0.9910,39,19.8209,537.1454,473,18,80,4.9031,3.3450,12.7415,24.1982,9,7.0000,1.0069
12389,SHMPC_DRO,30,0.1000,1.0000,0.0000,0.0000,w2_bures,0,-1,0.9243,17,2.8712,94.6703,151,23,80,4.8703,3.0807,11.7602,14.8823,10,7.0000,0.9669
12390,SHMPC_DRO,30,0.1000,1.0000,0.0000,0.0000,w2_bures,1,20,0.5147,28,2.3509,114.4660,171,16,80,5.6777,3.9031,13.2839,14.0247,10,7.0000,0.5238
12391,SHMPC_DRO,30,0.1000,1.0000,0.0000,0.0000,w2_bures,1,17,0.7438,50,2.8768,95.5340,171,15,80,6.6939,4.4253,12.5505,17.4404,16,7.0000,0.7560
12392,SHMPC_DRO,30,0.1000,1.0000,0.0000,0.0000,w2_bures,0,-1,1.2461,18,20.1111,784.6520,554,25,80,3.0600,1.9298,9.6780,12.9892,7,7.0000,1.2775
12393,SHMPC_DRO,30,0.1000,1.0000,0.0000,0.0000,w2_bures,1,40,0.8318,40,5.9881,222.3962,213,25,80,4.1086,2.7280,9.2752,13.5604,12,7.0000,0.8526
12394,SHMPC_DRO,30,0.1000,1.0000,0.0000,0.0000,w2_bures,1,21,0.6480,30,11.7754,264.7037,249,19,80,4.0338,3.0350,11.0661,12.8475,12,7.0000,0.6572
12345,SHMPC_AdaptiveDRO,30,0.1000,1.0000,0.0000,0.0000,w2_bures,0,-1,1.0007,12,16.6992,359.5710,429,23,80,5.2392,3.5248,12.1413,16.6631,12,7.0000,1.0228
12346,SHMPC_AdaptiveDRO,30,0.1000,1.0000,0.0000,0.0000,w2_bures,1,29,0.7355,33,20.2769,636.9606,462,28,80,5.5698,3.3506,17.7792,28.5225,8,7.0000,0.7491
12347,SHMPC_AdaptiveDRO,30,0.1000,1.0000,0.0000,0.0000,w2_bures,1,33,0.6051,41,16.7008,358.6289,351,35,80,4.2015,2.9013,11.6502,20.8793,7,7.0000,0.6188
12348,SHMPC_AdaptiveDRO,30,0.1000,1.0000,0.0000,0.0000,w2_bures,1,19,0.5581,72,2.4056,85.8366,118,16,80,5.7626,3.8059,12.5936,17.8359,12,7.0000,0.5831
12349,SHMPC_AdaptiveDRO,30,0.1000,1.0000,0.0000,0.0000,w2_bures,0,-1,1.1191,13,7.3988,172.8119,208,17,80,4.5532,3.1146,12.0632,16.6597,6,7.0000,1.1418
12350,SHMPC_AdaptiveDRO,30,0.1000,1.0000,0.0000,0.0000,w2_bures,0,-1,0.9369,40,3.8299,114.2627,144,34,80,6.7351,4.1077,13.3462,43.0227,10,7.0000,0.9417
12351,SHMPC_AdaptiveDRO,30,0.1000,1.0000,0.0000,0.0000,w2_bures,0,-1,1.1355,13,20.1296,561.8243,359,20,80,4.1982,2.6187,13.3011,21.8662,9,7.0000,1.1780
12352,SHMPC_AdaptiveDRO,30,0.1000,1.0000,0.0000,0.0000,w2_bures,0,-1,0.9361,30,7.8101,175.1029,198,20,80,4.7893,3.3813,11.3803,25.1884,10,7.0000,0.9626
12353,SHMPC_AdaptiveDRO,30,0.1000,1.0000,0.0000,0.0000,w2_bures,0,-1,1.0663,19,11.0369,254.5589,299,25,80,6.0649,3.2433,16.5368,19.8899,10,7.0000,1.0847
12354,SHMPC_AdaptiveDRO,30,0.1000,1.0000,0.0000,0.0000,w2_bures,1,18,0.5121,32,2.7457,114.2387,156,3,80,7.7232,4.1693,24.6140,33.4212,17,7.0000,0.5192
12355,SHMPC_AdaptiveDRO,30,0.1000,1.0000,0.0000,0.0000,w2_bures,1,24,0.6189,30,20.2903,606.8118,370,36,80,4.2415,2.7756,14.1047,19.7987,7,7.0000,0.6448
12356,SHMPC_AdaptiveDRO,30,0.1000,1.0000,0.0000,0.0000,w2_bures,1,18,0.1451,44,1.7409,66.5521,71,24,80,5.6008,3.8059,12.6705,12.9116,14,7.0000,0.1571
12357,SHMPC_AdaptiveDRO,30,0.1000,1.0000,0.0000,0.0000,w2_bures,0,-1,1.1781,15,20.1158,772.8489,635,12,80,3.3175,2.6219,10.2494,17.7990,9,7.0000,1.2394
12358,SHMPC_AdaptiveDRO,30,0.1000,1.0000,0.0000,0.0000,w2_bures,0,-1,1.1567,12,20.1065,772.2783,527,17,80,3.7084,1.8216,11.2397,37.8684,5,7.0000,1.2283
12359,SHMPC_AdaptiveDRO,30,0.1000,1.0000,0.0000,0.0000,w2_bures,0,-1,0.9821,13,18.3750,434.6775,240,28,80,4.1632,2.9698,11.9666,18.9324,9,7.0000,1.0297
12360,SHMPC_AdaptiveDRO,30,0.1000,1.0000,0.0000,0.0000,w2_bures,0,-1,1.0732,17,20.3858,759.6384,519,22,80,5.3740,3.3430,18.7964,21.8309,9,7.0000,1.0879
12361,SHMPC_AdaptiveDRO,30,0.1000,1.0000,0.0000,0.0000,w2_bures,0,-1,1.0096,54,2.8519,115.9642,195,34,80,5.0256,3.2066,11.9338,27.9990,7,7.0000,1.0298
12362,SHMPC_AdaptiveDRO,30,0.1000,1.0000,0.0000,0.0000,w2_bures,0,-1,1.2041,12,20.1066,752.3966,466,15,80,3.2599,2.2997,11.0218,14.3230,8,7.0000,1.2456
12363,SHMPC_AdaptiveDRO,30,0.1000,1.0000,0.0000,0.0000,w2_bures,0,-1,1.1367,15,15.5133,327.5125,307,24,80,5.6638,3.4172,12.0340,25.5758,11,7.0000,1.1425
12364,SHMPC_AdaptiveDRO,30,0.1000,1.0000,0.0000,0.0000,w2_bures,0,-1,1.1034,24,2.9315,129.3004,132,29,80,4.6022,3.3235,11.6661,12.5084,5,7.0000,1.1234
12365,SHMPC_AdaptiveDRO,30,0.1000,1.0000,0.0000,0.0000,w2_bures,1,20,0.3617,28,19.7523,579.6043,346,28,80,5.2659,2.7758,16.1453,42.5854,10,7.0000,0.4016
12366,SHMPC_AdaptiveDRO,30,0.1000,1.0000,0.0000,0.0000,w2_bures,0,-1,1.0568,21,2.9242,95.1561,88,20,80,4.0881,2.9024,10.9222,15.5593,5,7.0000,1.0954
12367,SHMPC_AdaptiveDRO,30,0.1000,1.0000,0.0000,0.0000,w2_bures,0,-1,1.0464,11,20.0977,775.5089,553,21,80,3.1719,2.4457,9.8025,11.2565,10,7.0000,1.1276
12368,SHMPC_AdaptiveDRO,30,0.1000,1.0000,0.0000,0.0000,w2_bures,1,20,0.7208,23,20.5590,662.2740,434,21,80,4.8452,3.5037,12.8775,17.5610,13,7.0000,0.7516
12369,SHMPC_AdaptiveDRO,30,0.1000,1.0000,0.0000,0.0000,w2_bures,0,-1,1.1671,14,20.4999,679.4242,455,12,80,4.6658,2.9162,13.8701,31.7908,7,7.0000,1.2393
12370,SHMPC_AdaptiveDRO,30,0.1000,1.0000,0.0000,0.0000,w2_bures,1,21,0.7018,25,18.2067,474.1535,513,16,80,5.5868,4.2449,12.1464,15.0498,9,7.0000,0.7314
12371,SHMPC_AdaptiveDRO,30,0.1000,1.0000,0.0000,0.0000,w2_bures,0,-1,0.9128,65,3.4402,149.4936,176,10,80,5.2618,3.7304,11.7475,13.2025,8,7.0000,0.9362
12372,SHMPC_AdaptiveDRO,30,0.1000,1.0000,0.0000,0.0000,w2_bures,0,-1,1.1498,12,10.5023,210.3356,263,12,80,4.2583,2.9757,11.0853,14.0256,8,7.0000,1.1991
12373,SHMPC_AdaptiveDRO,30,0.1000,1.0000,0.0000,0.0000,w2_bures,0,-1,1.2735,11,20.1114,775.8145,592,19,80,2.7796,2.3390,8.0283,11.0366,9,7.0000,1.3296
12374,SHMPC_AdaptiveDRO,30,0.1000,1.0000,0.0000,0.0000,w2_bures,0,-1,1.3511,15,20.1046,809.7812,675,26,80,2.8997,1.7113,8.4977,8.9634,9,7.0000,1.4024
12375,SHMPC_AdaptiveDRO,30,0.1000,1.0000,0.0000,0.0000,w2_bures,0,-1,1.1730,16,19.3835,552.4324,493,26,80,3.9837,2.9447,10.1175,15.5670,6,7.0000,1.1757
12376,SHMPC_AdaptiveDRO,30,0.1000,1.0000,0.0000,0.0000,w2_bures,0,-1,1.1412,24,13.0293,229.7082,192,28,80,3.7949,2.8713,10.2007,11.0587,5,7.0000,1.1447
12377,SHMPC_AdaptiveDRO,30,0.1000,1.0000,0.0000,0.0000,w2_bures,0,-1,1.3762,17,20.1119,794.4690,536,17,80,3.0773,2.2160,10.0151,12.7084,5,7.0000,1.4103
12378,SHMPC_AdaptiveDRO,30,0.1000,1.0000,0.0000,0.0000,w2_bures,1,18,0.1865,36,9.6169,200.6479,189,43,80,5.2825,3.1667,13.7108,15.8806,8,7.0000,0.2110
12379,SHMPC_AdaptiveDRO,30,0.1000,1.0000,0.0000,0.0000,w2_bures,0,-1,1.0203,17,2.4607,85.6734,116,23,80,5.3988,3.5309,11.9472,12.2468,8,7.0000,1.0370
12380,SHMPC_AdaptiveDRO,30,0.1000,1.0000,0.0000,0.0000,w2_bures,0,-1,1.1491,12,15.3963,307.6627,298,13,80,4.9405,3.2387,12.7697,20.4027,7,7.0000,1.1599
12381,SHMPC_AdaptiveDRO,30,0.1000,1.0000,0.0000,0.0000,w2_bures,0,-1,0.9940,30,2.4747,85.6599,120,18,80,4.6699,2.9464,11.8303,17.1157,5,7.0000,1.0240
12382,SHMPC_AdaptiveDRO,30,0.1000,1.0000,0.0000,0.0000,w2_bures,0,-1,1.2045,15,20.1108,770.8124,625,20,80,2.7699,1.9989,8.4650,10.8181,8,7.0000,1.2182
12383,SHMPC_AdaptiveDRO,30,0.1000,1.0000,0.0000,0.0000,w2_bures,1,33,0.5279,41,12.5845,273.8681,312,29,80,7.6541,6.1603,21.8479,37.9391,9,7.0000,0.5453
12384,SHMPC_AdaptiveDRO,30,0.1000,1.0000,0.0000,0.0000,w2_bures,0,-1,1.1658,16,13.8713,256.0223,312,23,80,4.6892,3.0108,11.8456,11.9640,6,7.0000,1.1689
12385,SHMPC_AdaptiveDRO,30,0.1000,1.0000,0.0000,0.0000,w2_bures,0,-1,1.1811,31,20.3143,647.2453,461,24,80,3.7757,2.6716,10.3601,11.1079,7,7.0000,1.2132
12386,SHMPC_AdaptiveDRO,30,0.1000,1.0000,0.0000,0.0000,w2_bures,0,-1,0.9533,14,19.2062,489.0474,371,18,80,4.6641,3.4680,12.8620,13.2311,10,7.0000,0.9792
12387,SHMPC_AdaptiveDRO,30,0.1000,1.0000,0.0000,0.0000,w2_bures,1,21,0.7122,28,20.1853,774.6976,524,23,80,3.8492,3.1869,10.3773,12.1090,17,7.0000,0.7288
12388,SHMPC_AdaptiveDRO,30,0.1000,1.0000,0.0000,0.0000,w2_bures,0,-1,0.9895,39,19.8076,537.1793,411,36,80,4.4277,3.1090,12.3929,20.3201,9,7.0000,1.0060
12389,SHMPC_AdaptiveDRO,30,0.1000,1.0000,0.0000,0.0000,w2_bures,0,-1,0.9199,17,2.4524,85.8305,92,23,80,4.3815,3.1155,11.7433,19.2943,14,7.0000,0.9357
12390,SHMPC_AdaptiveDRO,30,0.1000,1.0000,0.0000,0.0000,w2_bures,1,20,0.5678,28,2.4173,103.9726,150,11,80,6.0054,3.9637,13.2074,31.0084,11,7.0000,0.5877
12391,SHMPC_AdaptiveDRO,30,0.1000,1.0000,0.0000,0.0000,w2_bures,1,17,0.8228,18,6.1024,152.7254,235,13,80,5.0544,3.6482,11.4578,14.4098,16,7.0000,0.8550
12392,SHMPC_AdaptiveDRO,30,0.1000,1.0000,0.0000,0.0000,w2_bures,0,-1,1.1235,17,20.2678,761.2951,492,25,80,3.8783,2.5738,11.5095,12.4138,6,7.0000,1.2005
12393,SHMPC_AdaptiveDRO,30,0.1000,1.0000,0.0000,0.0000,w2_bures,0,-1,1.1500,19,10.2711,245.0687,274,22,80,5.7455,3.0301,18.9397,23.2881,6,7.0000,1.1656
12394,SHMPC_AdaptiveDRO,30,0.1000,1.0000,0.0000,0.0000,w2_bures,1,21,0.6520,30,12.6308,274.0742,252,32,80,4.3429,3.1391,12.4626,15.2166,13,7.0000,0.6605
12345,SHMPC_RTA,30,0.1000,1.0000,0.0000,0.0000,w2_bures,0,-1,0.9542,36,9.9738,231.5023,261,24,80,4.5701,3.1935,11.5791,16.5296,0,7.0000,0.9598
12346,SHMPC_RTA,30,0.1000,1.0000,0.0000,0.0000,w2_bures,1,29,0.7497,31,19.7973,586.3754,435,25,80,5.5269,3.4680,13.4919,27.2713,0,7.0000,0.7802
12347,SHMPC_RTA,30,0.1000,1.0000,0.0000,0.0000,w2_bures,1,33,0.6369,41,14.2526,288.3680,272,25,80,6.2502,3.5228,15.3084,40.9775,0,7.0000,0.6483
12348,SHMPC_RTA,30,0.1000,1.0000,0.0000,0.0000,w2_bures,1,24,0.6822,72,2.4832,75.2260,164,12,80,5.8389,3.7865,13.0344,15.4544,0,7.0000,0.7072
12349,SHMPC_RTA,30,0.1000,1.0000,0.0000,0.0000,w2_bures,0,-1,1.0872,15,11.5097,253.6020,312,18,80,4.7285,3.5213,11.1004,19.6875,0,7.0000,1.1200
12350,SHMPC_RTA,30,0.1000,1.0000,0.0000,0.0000,w2_bures,1,29,0.5562,42,2.5155,72.7046,130,29,80,5.2943,3.4586,13.4515,13.6348,0,7.0000,0.5648
12351,SHMPC_RTA,30,0.1000,1.0000,0.0000,0.0000,w2_bures,0,-1,1.1592,15,20.1839,742.0419,585,16,80,4.4997,3.8397,12.9044,21.6057,0,7.0000,1.1858
12352,SHMPC_RTA,30,0.1000,1.0000,0.0000,0.0000,w2_bures,0,-1,0.9217,34,5.3868,150.0392,186,20,80,4.6125,3.5046,12.7645,13.0253,0,7.0000,0.9399
12353,SHMPC_RTA,30,0.1000,1.0000,0.0000,0.0000,w2_bures,0,-1,1.1271,27,8.9922,241.7139,295,24,80,5.4727,3.9478,13.7405,24.9309,0,7.0000,1.1363
12354,SHMPC_RTA,30,0.1000,1.0000,0.0000,0.0000,w2_bures,1,18,0.1141,34,2.1599,101.8778,152,4,80,5.7013,4.0781,13.3202,13.9588,0,7.0000,0.1453
12355,SHMPC_RTA,30,0.1000,1.0000,0.0000,0.0000,w2_bures,1,25,0.6635,30,19.7521,540.5544,325,40,80,4.1126,3.1995,12.0098,12.4266,0,7.0000,0.6811
12356,SHMPC_RTA,30,0.1000,1.0000,0.0000,0.0000,w2_bures,1,22,0.4250,46,2.2268,69.3970,101,28,80,6.0039,3.7262,13.1516,16.3522,0,7.0000,0.4317
12357,SHMPC_RTA,30,0.1000,1.0000,0.0000,0.0000,w2_bures,0,-1,1.2679,14,20.1144,781.0064,633,26,80,3.2406,2.7395,10.5508,12.4606,0,7.0000,1.3336
12358,SHMPC_RTA,30,0.1000,1.0000,0.0000,0.0000,w2_bures,0,-1,1.2103,13,20.1159,776.5555,582,15,80,3.2104,2.3500,11.5514,13.1602,0,7.0000,1.2699
12359,SHMPC_RTA,30,0.1000,1.0000,0.0000,0.0000,w2_bures,0,-1,1.0274,14,14.2507,288.3979,321,31,80,5.1269,3.5308,13.1798,18.1280,0,7.0000,1.0558
12360,SHMPC_RTA,30,0.1000,1.0000,0.0000,0.0000,w2_bures,0,-1,1.0864,19,20.1844,761.8966,495,25,80,3.3141,2.7106,9.0715,18.4132,0,7.0000,1.1553
12361,SHMPC_RTA,30,0.1000,1.0000,0.0000,0.0000,w2_bures,0,-1,1.0192,18,2.9892,82.9810,115,29,80,5.0881,3.5006,11.5291,11.7570,0,7.0000,1.0375
12362,SHMPC_RTA,30,0.1000,1.0000,0.0000,0.0000,w2_bures,0,-1,1.1647,12,20.1117,768.3798,527,17,80,3.2192,2.6503,11.9320,14.8933,0,7.0000,1.2237
12363,SHMPC_RTA,30,0.1000,1.0000,0.0000,0.0000,w2_bures,0,-1,1.1052,17,12.8766,253.9021,307,20,80,4.3549,3.3265,11.6056,13.2370,0,7.0000,1.1139
12364,SHMPC_RTA,30,0.1000,1.0000,0.0000,0.0000,w2_bures,0,-1,1.0402,23,3.4568,130.1526,180,20,80,5.0326,3.5439,12.4079,13.5211,0,7.0000,1.0731
12365,SHMPC_RTA,30,0.1000,1.0000,0.0000,0.0000,w2_bures,1,24,0.8478,25,20.4059,673.9675,445,27,80,4.2339,3.2223,11.4220,18.4183,0,7.0000,0.8611
12366,SHMPC_RTA,30,0.1000,1.0000,0.0000,0.0000,w2_bures,0,-1,1.1143,26,2.6788,78.5085,85,17,80,5.9221,3.8016,13.5784,38.3610,0,7.0000,1.1390
12367,SHMPC_RTA,30,0.1000,1.0000,0.0000,0.0000,w2_bures,0,-1,1.1399,13,20.1222,768.8566,516,24,80,3.3145,2.9255,10.6044,11.4982,0,7.0000,1.1786
12368,SHMPC_RTA,30,0.1000,1.0000,0.0000,0.0000,w2_bures,1,20,0.6989,24,20.1772,596.0049,414,25,80,4.4682,3.3170,12.1119,12.6802,0,7.0000,0.7077
12369,SHMPC_RTA,30,0.1000,1.0000,0.0000,0.0000,w2_bures,0,-1,1.1792,17,16.2163,380.2031,301,11,80,4.3336,3.0943,12.0986,14.0517,0,7.0000,1.2104
12370,SHMPC_RTA,30,0.1000,1.0000,0.0000,0.0000,w2_bures,0,-1,0.8740,25,18.0978,470.6107,375,20,80,4.8531,3.5925,11.7215,12.9332,0,7.0000,0.9044
12371,SHMPC_RTA,30,0.1000,1.0000,0.0000,0.0000,w2_bures,0,-1,1.1644,33,15.3523,339.3753,327,14,80,3.6948,3.0315,10.6473,12.6278,0,7.0000,1.1844
12372,SHMPC_RTA,30,0.1000,1.0000,0.0000,0.0000,w2_bures,0,-1,1.2150,12,5.9766,159.5161,172,22,80,6.0278,3.3622,13.0914,27.1109,0,7.0000,1.2713
12373,SHMPC_RTA,30,0.1000,1.0000,0.0000,0.0000,w2_bures,0,-1,1.2545,10,20.1142,742.1048,519,23,80,3.1927,2.0584,12.6780,14.2349,0,7.0000,1.3459
12374,SHMPC_RTA,30,0.1000,1.0000,0.0000,0.0000,w2_bures,0,-1,1.3065,14,20.1063,793.2708,572,28,80,2.8499,1.8248,9.6006,11.0384,0,7.0000,1.3836
12375,SHMPC_RTA,30,0.1000,1.0000,0.0000,0.0000,w2_bures,0,-1,1.2371,14,17.5520,445.8727,423,28,80,4.5002,2.8899,11.8085,12.6153,0,7.0000,1.2519
12376,SHMPC_RTA,30,0.1000,1.0000,0.0000,0.0000,w2_bures,0,-1,1.1334,14,10.3614,226.5960,266,20,80,4.2709,3.0736,11.3491,11.7681,0,7.0000,1.1502
12377,SHMPC_RTA,30,0.1000,1.0000,0.0000,0.0000,w2_bures,0,-1,1.3982,15,20.1068,777.6966,521,23,80,3.0848,2.7953,9.4695,11.8546,0,7.0000,1.4363
12378,SHMPC_RTA,30,0.1000,1.0000,0.0000,0.0000,w2_bures,1,19,0.1113,38,7.5837,181.0239,141,29,80,4.8047,3.5799,13.1045,14.0638,0,7.0000,0.1233
12379,SHMPC_RTA,30,0.1000,1.0000,0.0000,0.0000,w2_bures,0,-1,1.0357,14,3.8293,115.9246,186,21,80,5.7139,4.1712,13.2006,15.1342,0,7.0000,1.0807
12380,SHMPC_RTA,30,0.1000,1.0000,0.0000,0.0000,w2_bures,0,-1,1.1430,11,12.0761,237.4224,292,11,80,4.8322,3.1638,12.1487,21.0767,0,7.0000,1.1478
12381,SHMPC_RTA,30,0.1000,1.0000,0.0000,0.0000,w2_bures,0,-1,1.0434,18,4.0953,116.8174,191,17,80,5.3323,3.6911,13.1870,20.8865,0,7.0000,1.0697
12382,SHMPC_RTA,30,0.1000,1.0000,0.0000,0.0000,w2_bures,0,-1,1.2476,13,20.1120,744.9733,511,24,80,2.9606,2.0521,12.9764,13.6531,0,7.0000,1.2712
12383,SHMPC_RTA,30,0.1000,1.0000,0.0000,0.0000,w2_bures,1,30,0.6377,40,12.6219,286.4548,361,30,80,5.6264,3.6794,14.2971,19.8518,0,7.0000,0.6496
12384,SHMPC_RTA,30,0.1000,1.0000,0.0000,0.0000,w2_bures,0,-1,1.1006,17,11.7500,248.8960,355,31,80,4.1001,2.8326,10.8552,12.1874,0,7.0000,1.1022
12385,SHMPC_RTA,30,0.1000,1.0000,0.0000,0.0000,w2_bures,0,-1,1.1101,32,16.3998,395.8865,345,22,80,5.1710,3.6426,14.0556,16.8894,0,7.0000,1.1248
12386,SHMPC_RTA,30,0.1000,1.0000,0.0000,0.0000,w2_bures,0,-1,0.8996,15,17.3677,402.3405,460,15,80,4.5562,3.5516,11.9335,15.5428,0,7.0000,0.9355
12387,SHMPC_RTA,30,0.1000,1.0000,0.0000,0.0000,w2_bures,1,26,0.7981,29,20.3113,743.0770,555,21,80,3.7886,3.2657,11.9126,12.9177,0,7.0000,0.8154
12388,SHMPC_RTA,30,0.1000,1.0000,0.0000,0.0000,w2_bures,0,-1,0.9961,39,18.5586,465.5985,421,33,80,4.3191,2.9906,12.0926,16.3908,0,7.0000,1.0127
12389,SHMPC_RTA,30,0.1000,1.0000,0.0000,0.0000,w2_bures,0,-1,0.9577,17,2.9385,86.9655,126,22,80,4.7096,3.3000,12.4031,13.3337,0,7.0000,0.9752
12390,SHMPC_RTA,30,0.1000,1.0000,0.0000,0.0000,w2_bures,1,21,0.5656,30,2.3002,92.9430,150,13,80,5.4242,3.8155,13.1285,14.1295,0,7.0000,0.5689
12391,SHMPC_RTA,30,0.1000,1.0000,0.0000,0.0000,w2_bures,1,16,0.8028,21,3.9331,117.5108,128,22,80,5.7764,3.6799,13.1867,15.9372,0,7.0000,0.8036
12392,SHMPC_RTA,30,0.1000,1.0000,0.0000,0.0000,w2_bures,0,-1,1.2463,15,20.1121,774.6276,589,18,80,3.5499,2.8231,10.4955,11.4472,0,7.0000,1.2648
12393,SHMPC_RTA,30,0.1000,1.0000,0.0000,0.0000,w2_bures,0,-1,0.8900,40,4.9388,219.2494,194,24,80,4.7412,3.3723,10.7082,11.5505,0,7.0000,0.9130
12394,SHMPC_RTA,30,0.1000,1.0000,0.0000,0.0000,w2_bures,0,-1,0.8963,29,14.9562,347.5785,410,17,80,5.3980,3.8128,13.4293,14.6800,0,7.0000,0.9029
